content_raw,content_clean,language,account_type,account_category,post_type,retweet,source_file,provisional_label,keyword_hits,strong_hits,medium_hits,reject_hits,strong_hit_count,medium_hit_count,reject_hit_count,match_score,final_label,review_decision,review_notes
South Bay job market and economy remain solid https://t.co/zuIX6utIkR #business,South Bay job market and economy remain solid #business,English,local,NewsFeed,,0,IRAhandle_tweets_6.csv,Economy & Business,"['\\beconomy\\b', '\\bbusiness\\b', '\\bmarket\\b', '\\bjob\\b']","['\\beconomy\\b', '\\bbusiness\\b', '\\bmarket\\b', '\\bjob\\b']",[],[],4,0,0,42,,,
Iran's foreign minister condemns the U.S. Senate's vote to extend the Iran Sanctions Act by 10 years. https://t.co/0WzVmUaKtE,Iran's foreign minister condemns the U.S. Senate's vote to extend the Iran Sanctions Act by 10 years.,English,Hashtager,HashtagGamer,RETWEET,1,IRAhandle_tweets_1.csv,Politics & Governance,"['\\bvote\\b', '\\bsenate\\b', '\\bsanctions\\b', '\\bminister\\b', '\\biran\\b']","['\\bvote\\b', '\\bsenate\\b', '\\bsanctions\\b']","['\\bminister\\b', '\\biran\\b']",[],3,2,0,42,,,
"Danish centre-right opposition wins election, PM quits party: COPENHAGEN (Reuters) - Danish voters ousted Prime Minister Helle ...  #news","Danish centre-right opposition wins election, PM quits party: COPENHAGEN (Reuters) - Danish voters ousted Prime Minister Helle ... #news",English,news,NewsFeed,,0,IRAhandle_tweets_7.csv,Politics & Governance,"['\\belection\\b', '\\bvoters\\b', '\\bprime minister\\b', '\\bminister\\b']","['\\belection\\b', '\\bvoters\\b', '\\bprime minister\\b']",['\\bminister\\b'],[],3,1,0,39,,,
Obama U know there's no #RussianInterference in US election. BUT U did interfere in #Brexit vote Oh snap! BUSTED https://t.co/0JRkC1loQL,Obama U know there's no #RussianInterference in US election. BUT U did interfere in #Brexit vote Oh snap! BUSTED,English,Right,RightTroll,RETWEET,1,IRAhandle_tweets_1.csv,Politics & Governance,"['\\belection\\b', '\\bvote\\b', '\\bbrexit\\b', '\\bobama\\b']","['\\belection\\b', '\\bvote\\b', '\\bbrexit\\b']",['\\bobama\\b'],[],3,1,0,38,,,
Ted Strickland waffles on how he would vote on any anti-abortion Supreme Court nominee: Democratic U.S. Senate c...  #Cleveland #politics,Ted Strickland waffles on how he would vote on any anti-abortion Supreme Court nominee: Democratic U.S. Senate c... #Cleveland #politics,English,local,NewsFeed,,0,IRAhandle_tweets_6.csv,Politics & Governance,"['\\bvote\\b', '\\bsenate\\b', '\\bsupreme court\\b', '\\bcourt\\b']","['\\bvote\\b', '\\bsenate\\b', '\\bsupreme court\\b']",['\\bcourt\\b'],[],3,1,0,38,,,
"Merkel,Obama and the puppets in congress who want open borders and mass immigration are globalists One world government Total control","Merkel,Obama and the puppets in congress who want open borders and mass immigration are globalists One world government Total control",English,Right,RightTroll,RETWEET,1,IRAhandle_tweets_4.csv,Politics & Governance,"['\\bgovernment\\b', '\\bcongress\\b', '\\bimmigration\\b', '\\bobama\\b']","['\\bgovernment\\b', '\\bcongress\\b', '\\bimmigration\\b']",['\\bobama\\b'],[],3,1,0,38,,,
The UK Supreme Court rules government must hold a vote before triggering the exit process from the EU For more go to https://t.co/lWVaR2Qca6 https://t.co/E1xM0kz36w,The UK Supreme Court rules government must hold a vote before triggering the exit process from the EU For more go to,English,left,LeftTroll,RETWEET,1,IRAhandle_tweets_6.csv,Politics & Governance,"['\\bgovernment\\b', '\\bvote\\b', '\\bsupreme court\\b', '\\bcourt\\b']","['\\bgovernment\\b', '\\bvote\\b', '\\bsupreme court\\b']",['\\bcourt\\b'],[],3,1,0,38,,,
Brexit Supreme Court ruling: Government prepares for spike in hate crimes upon verdict - The… https://t.co/dNi9GbGcha #hoodienocrime,Brexit Supreme Court ruling: Government prepares for spike in hate crimes upon verdict - The… #hoodienocrime,English,left,LeftTroll,RETWEET,1,IRAhandle_tweets_1.csv,Politics & Governance,"['\\bgovernment\\b', '\\bsupreme court\\b', '\\bbrexit\\b', '\\bcourt\\b']","['\\bgovernment\\b', '\\bsupreme court\\b', '\\bbrexit\\b']",['\\bcourt\\b'],[],3,1,0,38,,,
#top RT ChooseToBFree: Border patrol union head: Illegal immigration under President Trump seeing ‘miraculous’ DRO… https://t.co/ubmCcxFpk8,#top RT ChooseToBFree: Border patrol union head: Illegal immigration under President Trump seeing ‘miraculous’ DRO…,English,Right,RightTroll,,0,IRAhandle_tweets_5.csv,Politics & Governance,"['\\bpresident\\b', '\\bimmigration\\b', '\\bborder\\b', '\\btrump\\b']","['\\bpresident\\b', '\\bimmigration\\b', '\\bborder\\b']",['\\btrump\\b'],[],3,1,0,38,,,
"#Obama: Voter ID Laws DO NOT Stop Blacks From Voting http://t.co/eEMrovl8QZ So, Dems Fight Voter ID so They Can Commit Election Fraud? #tcot","#Obama: Voter ID Laws DO NOT Stop Blacks From Voting So, Dems Fight Voter ID so They Can Commit Election Fraud? #tcot",English,Right,RightTroll,RETWEET,1,IRAhandle_tweets_1.csv,Politics & Governance,"['\\belection\\b', '\\bvoter\\b', '\\bvoting\\b', '\\bobama\\b']","['\\belection\\b', '\\bvoter\\b', '\\bvoting\\b']",['\\bobama\\b'],[],3,1,0,38,,,
"Cabinet discusses economic and services issues, prices in markets, SYP exchange rate https://t.co/NucflnuimQ","Cabinet discusses economic and services issues, prices in markets, SYP exchange rate",English,news,NewsFeed,,0,IRAhandle_tweets_8.csv,Economy & Business,"['\\beconomic\\b', '\\bmarkets\\b', '\\bprices\\b', '\\brate\\b']","['\\beconomic\\b', '\\bmarkets\\b', '\\bprices\\b']",['\\brate\\b'],[],3,1,0,38,,,
US stocks tumble as energy companies fall with oil prices  #business,US stocks tumble as energy companies fall with oil prices #business,English,local,NewsFeed,,0,IRAhandle_tweets_2.csv,Economy & Business,"['\\bbusiness\\b', '\\bstocks\\b', '\\bprices\\b', '\\bcompanies\\b']","['\\bbusiness\\b', '\\bstocks\\b', '\\bprices\\b']",['\\bcompanies\\b'],[],3,1,0,36,,,
Stock sale nets EdR $215 million  #business,Stock sale nets EdR $215 million #business,English,local,NewsFeed,,0,IRAhandle_tweets_6.csv,Economy & Business,"['\\bbusiness\\b', '\\bstock\\b', '\\bsale\\b', '\\bmillion\\b']","['\\bbusiness\\b', '\\bstock\\b', '\\bsale\\b']",['\\bmillion\\b'],[],3,1,0,36,,,
"U.S. Economy adds 223,000 jobs in June as jobless rate drops to 5.3%  #business","U.S. Economy adds 223,000 jobs in June as jobless rate drops to 5.3% #business",English,local,NewsFeed,,0,IRAhandle_tweets_5.csv,Economy & Business,"['\\beconomy\\b', '\\bbusiness\\b', '\\bjobs\\b', '\\brate\\b']","['\\beconomy\\b', '\\bbusiness\\b', '\\bjobs\\b']",['\\brate\\b'],[],3,1,0,36,,,
"Brexit vote was advisory so Parliament must decide, lawyers tell PM  #world #news","Brexit vote was advisory so Parliament must decide, lawyers tell PM #world #news",English,news,NewsFeed,,0,IRAhandle_tweets_7.csv,Politics & Governance,"['\\bvote\\b', '\\bparliament\\b', '\\bbrexit\\b']","['\\bvote\\b', '\\bparliament\\b', '\\bbrexit\\b']",[],[],3,0,0,35,,,
Brazil's Senate set for vote that will likely suspend President Rousseff from office  #world #news,Brazil's Senate set for vote that will likely suspend President Rousseff from office #world #news,English,news,NewsFeed,,0,IRAhandle_tweets_7.csv,Politics & Governance,"['\\bvote\\b', '\\bpresident\\b', '\\bsenate\\b']","['\\bvote\\b', '\\bpresident\\b', '\\bsenate\\b']",[],[],3,0,0,35,,,
14-year-old student arrested for chasing students with knife at school in Union City  #news,14-year-old student arrested for chasing students with knife at school in Union City #news,English,local,NewsFeed,,0,IRAhandle_tweets_2.csv,Society & Health,"['\\bschool\\b', '\\bstudent\\b', '\\bstudents\\b']","['\\bschool\\b', '\\bstudent\\b', '\\bstudents\\b']",[],[],3,0,0,35,,,
Maricopa County will have all-mail voting in the November election. Here's how to vote https://t.co/1Kxx2mYwtw https://t.co/TjbtPJduhy,Maricopa County will have all-mail voting in the November election. Here's how to vote,English,local,NewsFeed,,0,IRAhandle_tweets_6.csv,Politics & Governance,"['\\belection\\b', '\\bvote\\b', '\\bvoting\\b']","['\\belection\\b', '\\bvote\\b', '\\bvoting\\b']",[],[],3,0,0,34,,,
"I really worry when people say they're not voting for anyone this election.. Either way the outcome goes, your vote still makes a difference","I really worry when people say they're not voting for anyone this election.. Either way the outcome goes, your vote still makes a difference",English,left,LeftTroll,RETWEET,1,IRAhandle_tweets_8.csv,Politics & Governance,"['\\belection\\b', '\\bvote\\b', '\\bvoting\\b']","['\\belection\\b', '\\bvote\\b', '\\bvoting\\b']",[],[],3,0,0,34,,,
"Houston votes to join other Texas cities in lawsuit over new immigration law, Senate Bill 4 https://t.co/qx7TDJ6QQU https://t.co/tqWUuwQwJb","Houston votes to join other Texas cities in lawsuit over new immigration law, Senate Bill 4",English,local,NewsFeed,,0,IRAhandle_tweets_3.csv,Politics & Governance,"['\\bvotes\\b', '\\bsenate\\b', '\\bimmigration\\b']","['\\bvotes\\b', '\\bsenate\\b', '\\bimmigration\\b']",[],[],3,0,0,34,,,
She is the rightful President of the United States. This election was stolen from her though she won by 3 million votes anyway. https://t.co/qtUDudu6Sw,She is the rightful President of the United States. This election was stolen from her though she won by 3 million votes anyway.,English,left,LeftTroll,RETWEET,1,IRAhandle_tweets_2.csv,Politics & Governance,"['\\belection\\b', '\\bvotes\\b', '\\bpresident\\b']","['\\belection\\b', '\\bvotes\\b', '\\bpresident\\b']",[],[],3,0,0,34,,,
"""@THEREALMOGUL: 41% of American voters believe the  election could be ""stolen"" from DonaldTrump due to widespread voter fraud. - Politico""",""" : 41% of American voters believe the election could be ""stolen"" from DonaldTrump due to widespread voter fraud. - Politico""",English,Hashtager,HashtagGamer,RETWEET,1,IRAhandle_tweets_2.csv,Politics & Governance,"['\\belection\\b', '\\bvoter\\b', '\\bvoters\\b']","['\\belection\\b', '\\bvoter\\b', '\\bvoters\\b']",[],[],3,0,0,34,,,
Have questions about voting?  Call the Election Protection Hotline--  866-OUR-VOTE. https://t.co/T9Gl658tQ0,Have questions about voting? Call the Election Protection Hotline-- 866-OUR-VOTE.,English,left,LeftTroll,RETWEET,1,IRAhandle_tweets_1.csv,Politics & Governance,"['\\belection\\b', '\\bvote\\b', '\\bvoting\\b']","['\\belection\\b', '\\bvote\\b', '\\bvoting\\b']",[],[],3,0,0,34,,,
"'@TEDxMaitama No election on the day, so his supporters and prospective voters left the venue of the initially proposed elections.'","' No election on the day, so his supporters and prospective voters left the venue of the initially proposed elections.'",English,left,LeftTroll,RETWEET,1,IRAhandle_tweets_7.csv,Politics & Governance,"['\\belection\\b', '\\belections\\b', '\\bvoters\\b']","['\\belection\\b', '\\belections\\b', '\\bvoters\\b']",[],[],3,0,0,34,,,
"Two months from #French presidential election, voters poised to punish establishment for destructive #immigration:  https://t.co/UPqUItQyTz","Two months from #French presidential election, voters poised to punish establishment for destructive #immigration:",English,Right,RightTroll,RETWEET,1,IRAhandle_tweets_4.csv,Politics & Governance,"['\\belection\\b', '\\bvoters\\b', '\\bimmigration\\b']","['\\belection\\b', '\\bvoters\\b', '\\bimmigration\\b']",[],[],3,0,0,34,,,
"Democrats stall voter ID bill in the Missouri Senate again, vote delayed once more  #StLouis","Democrats stall voter ID bill in the Missouri Senate again, vote delayed once more #StLouis",English,local,NewsFeed,,0,IRAhandle_tweets_8.csv,Politics & Governance,"['\\bvoter\\b', '\\bvote\\b', '\\bsenate\\b']","['\\bvoter\\b', '\\bvote\\b', '\\bsenate\\b']",[],[],3,0,0,34,,,
We need to vote in 2016 Election. Vote for the Republicans in Congress too. Clean up Congress https://t.co/hBod4YJ1va,We need to vote in 2016 Election. Vote for the Republicans in Congress too. Clean up Congress,English,Right,RightTroll,RETWEET,1,IRAhandle_tweets_3.csv,Politics & Governance,"['\\belection\\b', '\\bvote\\b', '\\bcongress\\b']","['\\belection\\b', '\\bvote\\b', '\\bcongress\\b']",[],[],3,0,0,34,,,
Less than one hour until vote on @RepTomPrice. Every Senator who votes for him is voting to destroy Medicare:  https://t.co/joG8P0XgQF,Less than one hour until vote on . Every Senator who votes for him is voting to destroy Medicare:,English,left,LeftTroll,RETWEET,1,IRAhandle_tweets_4.csv,Politics & Governance,"['\\bvote\\b', '\\bvotes\\b', '\\bvoting\\b']","['\\bvote\\b', '\\bvotes\\b', '\\bvoting\\b']",[],[],3,0,0,34,,,
The #Senate who've #boycotted should have their pay docked for not being their to vote! I hope the voters will boot them in 2 years! Babies https://t.co/jUp0gUk6ID,The #Senate who've #boycotted should have their pay docked for not being their to vote! I hope the voters will boot them in 2 years! Babies,English,Right,RightTroll,RETWEET,1,IRAhandle_tweets_1.csv,Politics & Governance,"['\\bvoters\\b', '\\bvote\\b', '\\bsenate\\b']","['\\bvoters\\b', '\\bvote\\b', '\\bsenate\\b']",[],[],3,0,0,34,,,
Prepare Congress for President Bernie Sanders!  DON'T VOTE FOR ANY SUPERDELEGATES WHO DON'T SUPPORT#BernieSanders   https://t.co/CtAx6fyXrB,Prepare Congress for President Bernie Sanders! DON'T VOTE FOR ANY SUPERDELEGATES WHO DON'T SUPPORT#BernieSanders,English,Right,RightTroll,RETWEET,1,IRAhandle_tweets_2.csv,Politics & Governance,"['\\bvote\\b', '\\bpresident\\b', '\\bcongress\\b']","['\\bvote\\b', '\\bpresident\\b', '\\bcongress\\b']",[],[],3,0,0,34,,,
Senate confirmed 3 AGs consecutively by unanimous votes Richard Thornburgh 85-0 in '88 William Barr voice vote in '91 Janet Reno 98-0 in '93,Senate confirmed 3 AGs consecutively by unanimous votes Richard Thornburgh 85-0 in '88 William Barr voice vote in '91 Janet Reno 98-0 in '93,English,left,LeftTroll,RETWEET,1,IRAhandle_tweets_6.csv,Politics & Governance,"['\\bvote\\b', '\\bvotes\\b', '\\bsenate\\b']","['\\bvote\\b', '\\bvotes\\b', '\\bsenate\\b']",[],[],3,0,0,34,,,
"Sydney, Australia: Muslim students are so raged against the un-Islamic teaching at school that they threaten to behead the infidel teachers. https://t.co/3l33COR0Te","Sydney, Australia: Muslim students are so raged against the un-Islamic teaching at school that they threaten to behead the infidel teachers.",English,Right,RightTroll,,0,IRAhandle_tweets_1.csv,Society & Health,"['\\bschool\\b', '\\bstudents\\b', '\\bteachers\\b']","['\\bschool\\b', '\\bstudents\\b', '\\bteachers\\b']",[],[],3,0,0,34,,,
"Mississippi NAACP demands a federal hate crime investigation, says 4 white high school students put a noose around a black student's neck. https://t.co/KfLIovaBNa","Mississippi NAACP demands a federal hate crime investigation, says 4 white high school students put a noose around a black student's neck.",English,left,LeftTroll,RETWEET,1,IRAhandle_tweets_1.csv,Society & Health,"['\\bschool\\b', '\\bstudent\\b', '\\bstudents\\b']","['\\bschool\\b', '\\bstudent\\b', '\\bstudents\\b']",[],[],3,0,0,34,,,
#health Last two Santa Clara University students released from hospital in good condition,#health Last two Santa Clara University students released from hospital in good condition,English,local,NewsFeed,,0,IRAhandle_tweets_2.csv,Society & Health,"['\\bhealth\\b', '\\bhospital\\b', '\\bstudents\\b']","['\\bhealth\\b', '\\bhospital\\b', '\\bstudents\\b']",[],[],3,0,0,34,,,
Some white high school students in Mississippi placed a noose around a black student's neck. The cops' response:   https://t.co/eMSczN6F9X https://t.co/0Xv9SViIn4,Some white high school students in Mississippi placed a noose around a black student's neck. The cops' response:,English,left,LeftTroll,,0,IRAhandle_tweets_2.csv,Society & Health,"['\\bschool\\b', '\\bstudent\\b', '\\bstudents\\b']","['\\bschool\\b', '\\bstudent\\b', '\\bstudents\\b']",[],[],3,0,0,34,,,
#health Cupertino High School student's invention could help Parkinson's patients,#health Cupertino High School student's invention could help Parkinson's patients,English,local,NewsFeed,,0,IRAhandle_tweets_2.csv,Society & Health,"['\\bhealth\\b', '\\bschool\\b', '\\bstudent\\b']","['\\bhealth\\b', '\\bschool\\b', '\\bstudent\\b']",[],[],3,0,0,34,,,
"#Breaking: Schools, health officials retool flu clinics to offer vaccine injections only https://t.co/0HUzLReHzQ","#Breaking: Schools, health officials retool flu clinics to offer vaccine injections only",English,local,NewsFeed,,0,IRAhandle_tweets_1.csv,Society & Health,"['\\bhealth\\b', '\\bflu\\b', '\\bschools\\b']","['\\bhealth\\b', '\\bflu\\b', '\\bschools\\b']",[],[],3,0,0,34,,,
Los Angeles Unified School Board Votes To Protect “Illegal Students And Families” https://t.co/dn9j4yy8tP https://t.co/pLNpwoAkBh,Los Angeles Unified School Board Votes To Protect “Illegal Students And Families”,English,Right,RightTroll,,0,IRAhandle_tweets_8.csv,Society & Health,"['\\bschool\\b', '\\bstudents\\b', '\\bfamilies\\b']","['\\bschool\\b', '\\bstudents\\b', '\\bfamilies\\b']",[],[],3,0,0,34,,,
#Georgia teacher allowed #students to have sex in classroom. Is it #effective sexual education classes? http://t.co/m59hHaWeLm,#Georgia teacher allowed #students to have sex in classroom. Is it #effective sexual education classes?,English,Right,RightTroll,,0,IRAhandle_tweets_7.csv,Society & Health,"['\\bstudents\\b', '\\beducation\\b', '\\bteacher\\b']","['\\bstudents\\b', '\\beducation\\b', '\\bteacher\\b']",[],[],3,0,0,34,,,
"L.A. Unified paves the way for 15,000 students to take community college classes - during their high school day https://t.co/fnlKmsfCF2","L.A. Unified paves the way for 15,000 students to take community college classes - during their high school day",English,local,NewsFeed,,0,IRAhandle_tweets_2.csv,Society & Health,"['\\bschool\\b', '\\bstudents\\b', '\\bcommunity\\b']","['\\bschool\\b', '\\bstudents\\b', '\\bcommunity\\b']",[],[],3,0,0,34,,,
"bbusa617 EXPOSED: Wes Bellamy, the Vice-mayor of Charlottesville, VA, High School Teacher, and member of the Education Board has resigned","bbusa617 EXPOSED: Wes Bellamy, the Vice-mayor of Charlottesville, VA, High School Teacher, and member of the Education Board has resigned",English,Right,RightTroll,,0,IRAhandle_tweets_1.csv,Society & Health,"['\\bschool\\b', '\\beducation\\b', '\\bteacher\\b']","['\\bschool\\b', '\\beducation\\b', '\\bteacher\\b']",[],[],3,0,0,34,,,
Students launch #CopsOuttaCampus campaign at Phoenix Union High School District schools https://t.co/ZbSlZ71E4A https://t.co/mRVlZ5aFde,Students launch #CopsOuttaCampus campaign at Phoenix Union High School District schools,English,local,NewsFeed,,0,IRAhandle_tweets_6.csv,Society & Health,"['\\bschool\\b', '\\bschools\\b', '\\bstudents\\b']","['\\bschool\\b', '\\bschools\\b', '\\bstudents\\b']",[],[],3,0,0,34,,,
#Miami Student taken to hospital after 'incident' at Miami Killian Senior High School  #local,#Miami Student taken to hospital after 'incident' at Miami Killian Senior High School #local,English,local,NewsFeed,,0,IRAhandle_tweets_8.csv,Society & Health,"['\\bhospital\\b', '\\bschool\\b', '\\bstudent\\b']","['\\bhospital\\b', '\\bschool\\b', '\\bstudent\\b']",[],[],3,0,0,34,,,
"Asian markets were roiled Monday, as China’s stocks fell into bear-market territ @management4all @ClosingBellCo http://t.co/GkB6YCr5x2","Asian markets were roiled Monday, as China’s stocks fell into bear-market territ",English,Commercial,Commercial,,0,IRAhandle_tweets_1.csv,Economy & Business,"['\\bmarket\\b', '\\bmarkets\\b', '\\bstocks\\b']","['\\bmarket\\b', '\\bmarkets\\b', '\\bstocks\\b']",[],[],3,0,0,34,,,
Taiwan Stock Market - What Are Undervalued Stocks and What You Should Know?...fcHJ @VirginiaPruit12 @vbenellimosell http://t.co/XBAWLnOrBO,Taiwan Stock Market - What Are Undervalued Stocks and What You Should Know?...fcHJ,English,Commercial,Commercial,,0,IRAhandle_tweets_1.csv,Economy & Business,"['\\bmarket\\b', '\\bstock\\b', '\\bstocks\\b']","['\\bmarket\\b', '\\bstock\\b', '\\bstocks\\b']",[],[],3,0,0,34,,,
PR's economy is now teetering And China's too Stocks free fall into a bear market it's Market is about to @kurtwvs http://t.co/dGEQeZTgui,PR's economy is now teetering And China's too Stocks free fall into a bear market it's Market is about to,English,Commercial,Commercial,,0,IRAhandle_tweets_1.csv,Economy & Business,"['\\beconomy\\b', '\\bmarket\\b', '\\bstocks\\b']","['\\beconomy\\b', '\\bmarket\\b', '\\bstocks\\b']",[],[],3,0,0,34,,,
China has more billionaires than US: Number growing despite 20% drop in domestic stock markets & economic slowdown https://t.co/nZvODNGbi8,China has more billionaires than US: Number growing despite 20% drop in domestic stock markets & economic slowdown,English,Russian,NonEnglish,RETWEET,1,IRAhandle_tweets_7.csv,Economy & Business,"['\\beconomic\\b', '\\bmarkets\\b', '\\bstock\\b']","['\\beconomic\\b', '\\bmarkets\\b', '\\bstock\\b']",[],[],3,0,0,34,,,
[SEATimes Business] US stocks fall in early trade as Greece debt woes escalate dlvr.itBMXLMK @SEASmallBiz @KPpigments http://t.co/RDGBjmd2Tb,[SEATimes Business] US stocks fall in early trade as Greece debt woes escalate dlvr.itBMXLMK,English,Commercial,Commercial,,0,IRAhandle_tweets_1.csv,Economy & Business,"['\\bbusiness\\b', '\\bstocks\\b', '\\btrade\\b']","['\\bbusiness\\b', '\\bstocks\\b', '\\btrade\\b']",[],[],3,0,0,34,,,
Latest Report on #IoT chip Market with Economic Impact &amp; Business. 💲BettyKrueger .@Varneyco @warriors_mom #Tech  https://t.co/exlLLUkVCq,Latest Report on #IoT chip Market with Economic Impact and Business. 💲BettyKrueger . #Tech,English,Right,RightTroll,RETWEET,1,IRAhandle_tweets_7.csv,Economy & Business,"['\\beconomic\\b', '\\bbusiness\\b', '\\bmarket\\b']","['\\beconomic\\b', '\\bbusiness\\b', '\\bmarket\\b']",[],[],3,0,0,34,,,
Trump reacts to Obama sanctions on Russia for election hacking https://t.co/mYO4jlhTpY https://t.co/vX2R5R1KZS,Trump reacts to Obama sanctions on Russia for election hacking,English,local,NewsFeed,,0,IRAhandle_tweets_2.csv,Politics & Governance,"['\\belection\\b', '\\bsanctions\\b', '\\brussia\\b', '\\btrump\\b', '\\bobama\\b']","['\\belection\\b', '\\bsanctions\\b']","['\\brussia\\b', '\\btrump\\b', '\\bobama\\b']",[],2,3,0,34,,,
"Obama speaks out on President Trump's immigration policy, encourages protests https://t.co/x2joI00PGG https://t.co/6CpBjrTnxS","Obama speaks out on President Trump's immigration policy, encourages protests",English,local,NewsFeed,,0,IRAhandle_tweets_2.csv,Politics & Governance,"['\\bpresident\\b', '\\bimmigration\\b', '\\bpolicy\\b', '\\btrump\\b', '\\bobama\\b']","['\\bpresident\\b', '\\bimmigration\\b']","['\\bpolicy\\b', '\\btrump\\b', '\\bobama\\b']",[],2,3,0,34,,,
#local #news Phoenix police: High school teacher accused of stalking student,#local #news Phoenix police: High school teacher accused of stalking student,English,local,NewsFeed,,0,IRAhandle_tweets_6.csv,Society & Health,"['\\bschool\\b', '\\bstudent\\b', '\\bteacher\\b']","['\\bschool\\b', '\\bstudent\\b', '\\bteacher\\b']",[],[],3,0,0,33,,,
Middle school students arrested after poisoning teacher’s soda  #news,Middle school students arrested after poisoning teacher’s soda #news,English,local,NewsFeed,,0,IRAhandle_tweets_2.csv,Society & Health,"['\\bschool\\b', '\\bstudents\\b', '\\bteacher\\b']","['\\bschool\\b', '\\bstudents\\b', '\\bteacher\\b']",[],[],3,0,0,33,,,
Indonesia frees international school teachers jailed for student abuse  #news,Indonesia frees international school teachers jailed for student abuse #news,English,news,NewsFeed,,0,IRAhandle_tweets_7.csv,Society & Health,"['\\bschool\\b', '\\bstudent\\b', '\\bteachers\\b']","['\\bschool\\b', '\\bstudent\\b', '\\bteachers\\b']",[],[],3,0,0,33,,,
May Wins UK Parliament Vote To Allow June 8th Snap Election https://t.co/rCrblWc20I,May Wins UK Parliament Vote To Allow June 8th Snap Election,English,Right,RightTroll,RETWEET,1,IRAhandle_tweets_4.csv,Politics & Governance,"['\\belection\\b', '\\bvote\\b', '\\bparliament\\b']","['\\belection\\b', '\\bvote\\b', '\\bparliament\\b']",[],[],3,0,0,32,,,
5 Children Taken To Hospital After School Bus Hits Tree In Delaware https://t.co/AHQyxU5Bma https://t.co/TX6mASSiD0,5 Children Taken To Hospital After School Bus Hits Tree In Delaware,English,local,NewsFeed,,0,IRAhandle_tweets_6.csv,Society & Health,"['\\bhospital\\b', '\\bschool\\b', '\\bchildren\\b']","['\\bhospital\\b', '\\bschool\\b', '\\bchildren\\b']",[],[],3,0,0,32,,,
Police: Cutler Bay High School Teacher Admits To Sexual Relations With Student https://t.co/KM33nf1m6e https://t.co/OlAF9hIqxQ,Police: Cutler Bay High School Teacher Admits To Sexual Relations With Student,English,local,NewsFeed,,0,IRAhandle_tweets_8.csv,Society & Health,"['\\bschool\\b', '\\bstudent\\b', '\\bteacher\\b']","['\\bschool\\b', '\\bstudent\\b', '\\bteacher\\b']",[],[],3,0,0,32,,,
"Schools, health officials retool flu clinics to offer vaccine injections only https://t.co/dO3MKm4wxJ","Schools, health officials retool flu clinics to offer vaccine injections only",English,local,NewsFeed,,0,IRAhandle_tweets_1.csv,Society & Health,"['\\bhealth\\b', '\\bflu\\b', '\\bschools\\b']","['\\bhealth\\b', '\\bflu\\b', '\\bschools\\b']",[],[],3,0,0,32,,,
Stone Oak school community mourns fallen teacher https://t.co/kmHsWz18wI https://t.co/4HdOT7i9MF,Stone Oak school community mourns fallen teacher,English,local,NewsFeed,,0,IRAhandle_tweets_7.csv,Society & Health,"['\\bschool\\b', '\\bteacher\\b', '\\bcommunity\\b']","['\\bschool\\b', '\\bteacher\\b', '\\bcommunity\\b']",[],[],3,0,0,32,,,
Texas high school student busted for urinating in teacher's cup https://t.co/BmYmJBEiOX https://t.co/N7ZWwrGP2Y,Texas high school student busted for urinating in teacher's cup,English,local,NewsFeed,,0,IRAhandle_tweets_8.csv,Society & Health,"['\\bschool\\b', '\\bstudent\\b', '\\bteacher\\b']","['\\bschool\\b', '\\bstudent\\b', '\\bteacher\\b']",[],[],3,0,0,32,,,
Primary school children call for sex education for MPs https://t.co/BKyLHBSovC https://t.co/BTUdexZqzx,Primary school children call for sex education for MPs,English,Right,RightTroll,RETWEET,1,IRAhandle_tweets_5.csv,Society & Health,"['\\bschool\\b', '\\beducation\\b', '\\bchildren\\b']","['\\bschool\\b', '\\beducation\\b', '\\bchildren\\b']",[],[],3,0,0,32,,,
"2 students, 1 teacher wounded in SC elementary school shooting https://t.co/GF3t3iUK33","2 students, 1 teacher wounded in SC elementary school shooting",English,local,NewsFeed,,0,IRAhandle_tweets_8.csv,Society & Health,"['\\bschool\\b', '\\bstudents\\b', '\\bteacher\\b']","['\\bschool\\b', '\\bstudents\\b', '\\bteacher\\b']",[],[],3,0,0,32,,,
Education on #BlackLivesMatter for School Students https://t.co/WlUOK5RfkH,Education on #BlackLivesMatter for School Students,English,left,LeftTroll,,0,IRAhandle_tweets_1.csv,Society & Health,"['\\bschool\\b', '\\bstudents\\b', '\\beducation\\b']","['\\bschool\\b', '\\bstudents\\b', '\\beducation\\b']",[],[],3,0,0,32,,,
"Oakland students, teachers call for school shut downs for Trump inauguration https://t.co/bkw7oFqwyS https://t.co/4FOhfh0UpV","Oakland students, teachers call for school shut downs for Trump inauguration",English,local,NewsFeed,,0,IRAhandle_tweets_2.csv,Society & Health,"['\\bschool\\b', '\\bstudents\\b', '\\bteachers\\b']","['\\bschool\\b', '\\bstudents\\b', '\\bteachers\\b']",[],[],3,0,0,32,,,
Teacher at Muslim school says student called Boston bombers ‘Jews’ https://t.co/K5UBtEj8Vg https://t.co/EWwgfvANAy,Teacher at Muslim school says student called Boston bombers ‘Jews’,English,local,NewsFeed,,0,IRAhandle_tweets_8.csv,Society & Health,"['\\bschool\\b', '\\bstudent\\b', '\\bteacher\\b']","['\\bschool\\b', '\\bstudent\\b', '\\bteacher\\b']",[],[],3,0,0,32,,,
Police: High School Teacher Had Sexual Relationship With Teen Student https://t.co/FMcnf4wDgm https://t.co/tKYPvaanm0,Police: High School Teacher Had Sexual Relationship With Teen Student,English,local,NewsFeed,,0,IRAhandle_tweets_6.csv,Society & Health,"['\\bschool\\b', '\\bstudent\\b', '\\bteacher\\b']","['\\bschool\\b', '\\bstudent\\b', '\\bteacher\\b']",[],[],3,0,0,32,,,
China's stock market hardly a leading indicator  #business,China's stock market hardly a leading indicator #business,English,local,NewsFeed,,0,IRAhandle_tweets_5.csv,Economy & Business,"['\\bbusiness\\b', '\\bmarket\\b', '\\bstock\\b']","['\\bbusiness\\b', '\\bmarket\\b', '\\bstock\\b']",[],[],3,0,0,32,,,
Yahoo sale could cost thousands of jobs https://t.co/ppfqOYYVof #business,Yahoo sale could cost thousands of jobs #business,English,local,NewsFeed,,0,IRAhandle_tweets_6.csv,Economy & Business,"['\\bbusiness\\b', '\\bsale\\b', '\\bjobs\\b']","['\\bbusiness\\b', '\\bsale\\b', '\\bjobs\\b']",[],[],3,0,0,32,,,
Denver’s commercial real estate market hangs tough thanks to job gains https://t.co/Vbn0z9kqrq https://t.co/phizW52yEZ,Denver’s commercial real estate market hangs tough thanks to job gains,English,local,NewsFeed,,0,IRAhandle_tweets_2.csv,Economy & Business,"['\\bmarket\\b', '\\bjob\\b', '\\breal estate\\b']","['\\bmarket\\b', '\\bjob\\b', '\\breal estate\\b']",[],[],3,0,0,32,,,
GIFI up 28  to 1082 after bullish trade setup stocks options trading @StockSpotter @RWSolutionsInc http://t.co/LKCF7ViITe,GIFI up 28 to 1082 after bullish trade setup stocks options trading,English,Commercial,Commercial,,0,IRAhandle_tweets_1.csv,Economy & Business,"['\\bstocks\\b', '\\btrade\\b', '\\btrading\\b']","['\\bstocks\\b', '\\btrade\\b', '\\btrading\\b']",[],[],3,0,0,32,,,
Stocks about to go on sale! Greek drama hits euro hard in early Asian trading @KevinRuizTSI @SwingWarrior @governn1 http://t.co/Ukb0jHifio,Stocks about to go on sale! Greek drama hits euro hard in early Asian trading,English,Commercial,Commercial,,0,IRAhandle_tweets_1.csv,Economy & Business,"['\\bstocks\\b', '\\btrading\\b', '\\bsale\\b']","['\\bstocks\\b', '\\btrading\\b', '\\bsale\\b']",[],[],3,0,0,32,,,
MARKET BREADTH NEGATIVE: 2 of every 3 stocks trading in red @CNBCBazaar @GOTM209771 @AimTrade @Phoenix_ZFT http://t.co/tBoAp7j0nT,MARKET BREADTH NEGATIVE: 2 of every 3 stocks trading in red,English,Commercial,Commercial,,0,IRAhandle_tweets_1.csv,Economy & Business,"['\\bmarket\\b', '\\bstocks\\b', '\\btrading\\b']","['\\bmarket\\b', '\\bstocks\\b', '\\btrading\\b']",[],[],3,0,0,32,,,
Stock Market :- Trade in #SuzlonEnergy today only You will make money @Director_Gautam @trxwillyb @tuffnubs @trigGLO http://t.co/tBtgGvIzhs,Stock Market :- Trade in #SuzlonEnergy today only You will make money,English,Right,RightTroll,,0,IRAhandle_tweets_5.csv,Economy & Business,"['\\bmarket\\b', '\\bstock\\b', '\\btrade\\b']","['\\bmarket\\b', '\\bstock\\b', '\\btrade\\b']",[],[],3,0,0,32,,,
Sony surprises with profit warning on sale of battery business  #tech,Sony surprises with profit warning on sale of battery business #tech,English,news,NewsFeed,,0,IRAhandle_tweets_7.csv,Economy & Business,"['\\bbusiness\\b', '\\bsale\\b', '\\bprofit\\b']","['\\bbusiness\\b', '\\bsale\\b', '\\bprofit\\b']",[],[],3,0,0,32,,,
Stocks rise in afternoon trading on solid earnings reports  #business,Stocks rise in afternoon trading on solid earnings reports #business,English,local,NewsFeed,,0,IRAhandle_tweets_2.csv,Economy & Business,"['\\bbusiness\\b', '\\bstocks\\b', '\\btrading\\b']","['\\bbusiness\\b', '\\bstocks\\b', '\\btrading\\b']",[],[],3,0,0,32,,,
U.S. stock markets plunge amid global selloff https://t.co/UrEKEmjBra #business,U.S. stock markets plunge amid global selloff #business,English,local,NewsFeed,,0,IRAhandle_tweets_6.csv,Economy & Business,"['\\bbusiness\\b', '\\bmarkets\\b', '\\bstock\\b']","['\\bbusiness\\b', '\\bmarkets\\b', '\\bstock\\b']",[],[],3,0,0,32,,,
"Chinese stocks dive nearly 7 percent, trading halted  #business","Chinese stocks dive nearly 7 percent, trading halted #business",English,local,NewsFeed,,0,IRAhandle_tweets_2.csv,Economy & Business,"['\\bbusiness\\b', '\\bstocks\\b', '\\btrading\\b']","['\\bbusiness\\b', '\\bstocks\\b', '\\btrading\\b']",[],[],3,0,0,32,,,
Markets Right Now: US stocks open broadly lower  #business,Markets Right Now: US stocks open broadly lower #business,English,local,NewsFeed,,0,IRAhandle_tweets_2.csv,Economy & Business,"['\\bbusiness\\b', '\\bmarkets\\b', '\\bstocks\\b']","['\\bbusiness\\b', '\\bmarkets\\b', '\\bstocks\\b']",[],[],3,0,0,32,,,
World stock markets at record high ahead of UK inflation data – business live https://t.co/IFsqq0ZPDu https://t.co/y8iVIhI0dx,World stock markets at record high ahead of UK inflation data – business live,English,Right,RightTroll,,0,IRAhandle_tweets_8.csv,Economy & Business,"['\\bbusiness\\b', '\\bmarkets\\b', '\\bstock\\b']","['\\bbusiness\\b', '\\bmarkets\\b', '\\bstock\\b']",[],[],3,0,0,32,,,
"Energy stocks, beaten down all week, help push market higher  #business","Energy stocks, beaten down all week, help push market higher #business",English,local,NewsFeed,,0,IRAhandle_tweets_1.csv,Economy & Business,"['\\bbusiness\\b', '\\bmarket\\b', '\\bstocks\\b']","['\\bbusiness\\b', '\\bmarket\\b', '\\bstocks\\b']",[],[],3,0,0,32,,,
Should have taken those gains on Friday! Damnit! yyc markets Investment stocks @Wengerfinancial @ServingGastown http://t.co/S0SfpxfwyI,Should have taken those gains on Friday! Damnit! yyc markets Investment stocks,English,Commercial,Commercial,,0,IRAhandle_tweets_1.csv,Economy & Business,"['\\bmarkets\\b', '\\bstocks\\b', '\\binvestment\\b']","['\\bmarkets\\b', '\\bstocks\\b', '\\binvestment\\b']",[],[],3,0,0,32,,,
Sony cuts annual profit outlook due to sale of battery business  #tech,Sony cuts annual profit outlook due to sale of battery business #tech,English,news,NewsFeed,,0,IRAhandle_tweets_7.csv,Economy & Business,"['\\bbusiness\\b', '\\bsale\\b', '\\bprofit\\b']","['\\bbusiness\\b', '\\bsale\\b', '\\bprofit\\b']",[],[],3,0,0,32,,,
Survey: U.S. businesses add jobs at slowest pace in 3 years  #business,Survey: U.S. businesses add jobs at slowest pace in 3 years #business,English,local,NewsFeed,,0,IRAhandle_tweets_5.csv,Economy & Business,"['\\bbusiness\\b', '\\bbusinesses\\b', '\\bjobs\\b']","['\\bbusiness\\b', '\\bbusinesses\\b', '\\bjobs\\b']",[],[],3,0,0,32,,,
"Trump intends to sign Russia sanctions bill, White House says. It would let Congress block him from easing sanct... https://t.co/jGliOggyWU https://t.co/2YcjSLSrYr","Trump intends to sign Russia sanctions bill, White House says. It would let Congress block him from easing sanct...",English,local,NewsFeed,,0,IRAhandle_tweets_8.csv,Politics & Governance,"['\\bcongress\\b', '\\bsanctions\\b', '\\brussia\\b', '\\btrump\\b']","['\\bcongress\\b', '\\bsanctions\\b']","['\\brussia\\b', '\\btrump\\b']",[],2,2,0,32,,,
JUST IN: President Trump welcomes Indian Prime Minister Narendra Modi to the White House. https://t.co/5GGsXkYd4h,JUST IN: President Trump welcomes Indian Prime Minister Narendra Modi to the White House.,English,Right,RightTroll,QUOTE_TWEET,1,IRAhandle_tweets_8.csv,Politics & Governance,"['\\bpresident\\b', '\\bprime minister\\b', '\\bminister\\b', '\\btrump\\b']","['\\bpresident\\b', '\\bprime minister\\b']","['\\bminister\\b', '\\btrump\\b']",[],2,2,0,32,,,
WHAT DO YOU THINK IS THE MAIN REASON FOR OBAMA'S SANCTIONS ON RUSSIA FOR ALLEGED HACKING OF OUR ELECTION? #RussiaHacking #ObamaLegacy #poll,WHAT DO YOU THINK IS THE MAIN REASON FOR OBAMA'S SANCTIONS ON RUSSIA FOR ALLEGED HACKING OF OUR ELECTION? #RussiaHacking #ObamaLegacy #poll,English,Right,RightTroll,RETWEET,1,IRAhandle_tweets_1.csv,Politics & Governance,"['\\belection\\b', '\\bsanctions\\b', '\\brussia\\b', '\\bobama\\b']","['\\belection\\b', '\\bsanctions\\b']","['\\brussia\\b', '\\bobama\\b']",[],2,2,0,32,,,
Trump bashes 'phony' Obama for pooh-poohing 'rigged election' talk after president said...#PodestaEmails19 https://t.co/6zqpE6SYMY,Trump bashes 'phony' Obama for pooh-poohing 'rigged election' talk after president said...#PodestaEmails19,English,left,LeftTroll,RETWEET,1,IRAhandle_tweets_8.csv,Politics & Governance,"['\\belection\\b', '\\bpresident\\b', '\\btrump\\b', '\\bobama\\b']","['\\belection\\b', '\\bpresident\\b']","['\\btrump\\b', '\\bobama\\b']",[],2,2,0,32,,,
"Obama gets mandates from ""no voters"" in his head.  Trump wins White House, House, Senate, SCOTUS = no mandate.  Lol.  #MAGA https://t.co/KkKMqrPgZC","Obama gets mandates from ""no voters"" in his head. Trump wins White House, House, Senate, SCOTUS = no mandate. Lol. #MAGA",English,Right,RightTroll,RETWEET,1,IRAhandle_tweets_4.csv,Politics & Governance,"['\\bvoters\\b', '\\bsenate\\b', '\\btrump\\b', '\\bobama\\b']","['\\bvoters\\b', '\\bsenate\\b']","['\\btrump\\b', '\\bobama\\b']",[],2,2,0,32,,,
"'@JulianSvendsen @klralms @realDonaldTrump PRESIDENT TRUMP IS 300 MILLION PATRIOTIC/PROUD/LOYAL AMERICANS STRONG AND USA BETTER HOPE HE IS RE-ELECTED!! REMEMBER OBAMA/CLINTON WERE PAID MILLIONS OF DOLLARS BY SOROS/OTHER GLOBALIST TO ""TRANSFORM"" AND OVERTHROW OUR DEMOCRACY FOR  A  NEW WORLD ORDER! TRUMP PUT A STOP TO IT!!!'","' PRESIDENT TRUMP IS 300 MILLION PATRIOTIC/PROUD/LOYAL AMERICANS STRONG AND USA BETTER HOPE HE IS RE-ELECTED!! REMEMBER OBAMA/CLINTON WERE PAID MILLIONS OF DOLLARS BY SOROS/OTHER GLOBALIST TO ""TRANSFORM"" AND OVERTHROW OUR DEMOCRACY FOR A NEW WORLD ORDER! TRUMP PUT A STOP TO IT!!!'",English,Right,RightTroll,RETWEET,1,IRAhandle_tweets_2.csv,Politics & Governance,"['\\bpresident\\b', '\\bdemocracy\\b', '\\btrump\\b', '\\bobama\\b']","['\\bpresident\\b', '\\bdemocracy\\b']","['\\btrump\\b', '\\bobama\\b']",[],2,2,0,32,,,
Changing the rules for President Trump to get his Supreme Court nominee through is an historic mistake. #StopGorsuch,Changing the rules for President Trump to get his Supreme Court nominee through is an historic mistake. #StopGorsuch,English,left,LeftTroll,RETWEET,1,IRAhandle_tweets_5.csv,Politics & Governance,"['\\bpresident\\b', '\\bsupreme court\\b', '\\bcourt\\b', '\\btrump\\b']","['\\bpresident\\b', '\\bsupreme court\\b']","['\\bcourt\\b', '\\btrump\\b']",[],2,2,0,32,,,
#TopNews Obama immigration action goes before Supreme Court,#TopNews Obama immigration action goes before Supreme Court,English,news,NewsFeed,,0,IRAhandle_tweets_7.csv,Politics & Governance,"['\\bsupreme court\\b', '\\bimmigration\\b', '\\bcourt\\b', '\\bobama\\b']","['\\bsupreme court\\b', '\\bimmigration\\b']","['\\bcourt\\b', '\\bobama\\b']",[],2,2,0,30,,,
Dems secure enough votes to block Trump's Supreme Court nominee https://t.co/Kda84Ivut5 https://t.co/KAVyVGSoJM,Dems secure enough votes to block Trump's Supreme Court nominee,English,local,NewsFeed,,0,IRAhandle_tweets_2.csv,Politics & Governance,"['\\bvotes\\b', '\\bsupreme court\\b', '\\bcourt\\b', '\\btrump\\b']","['\\bvotes\\b', '\\bsupreme court\\b']","['\\bcourt\\b', '\\btrump\\b']",[],2,2,0,30,,,
"#TopNews Supreme Court, split 4-4, blocks Obama immigration plan","#TopNews Supreme Court, split 4-4, blocks Obama immigration plan",English,news,NewsFeed,,0,IRAhandle_tweets_7.csv,Politics & Governance,"['\\bsupreme court\\b', '\\bimmigration\\b', '\\bcourt\\b', '\\bobama\\b']","['\\bsupreme court\\b', '\\bimmigration\\b']","['\\bcourt\\b', '\\bobama\\b']",[],2,2,0,30,,,
President Trump nominates Neil Gorsuch to the Supreme Court https://t.co/aRvNCssmoJ https://t.co/NWJSfLA4N6,President Trump nominates Neil Gorsuch to the Supreme Court,English,local,NewsFeed,,0,IRAhandle_tweets_4.csv,Politics & Governance,"['\\bpresident\\b', '\\bsupreme court\\b', '\\bcourt\\b', '\\btrump\\b']","['\\bpresident\\b', '\\bsupreme court\\b']","['\\bcourt\\b', '\\btrump\\b']",[],2,2,0,30,,,
Archived HedgeBz \| President Trump signs Russia sanctions bill https://t.co/VFsTIU7Zaf,Archived HedgeBz \| President Trump signs Russia sanctions bill,English,Right,RightTroll,,0,IRAhandle_tweets_2.csv,Politics & Governance,"['\\bpresident\\b', '\\bsanctions\\b', '\\brussia\\b', '\\btrump\\b']","['\\bpresident\\b', '\\bsanctions\\b']","['\\brussia\\b', '\\btrump\\b']",[],2,2,0,30,,,
Senate GOP to Obama: Don't bother nominating to Supreme Court  #politics,Senate GOP to Obama: Don't bother nominating to Supreme Court #politics,English,local,NewsFeed,,0,IRAhandle_tweets_1.csv,Politics & Governance,"['\\bsenate\\b', '\\bsupreme court\\b', '\\bcourt\\b', '\\bobama\\b']","['\\bsenate\\b', '\\bsupreme court\\b']","['\\bcourt\\b', '\\bobama\\b']",[],2,2,0,30,,,
Winning streak for stocks fade as banks and mining companies slump  #business,Winning streak for stocks fade as banks and mining companies slump #business,English,local,NewsFeed,,0,IRAhandle_tweets_8.csv,Economy & Business,"['\\bbusiness\\b', '\\bstocks\\b', '\\bbanks\\b', '\\bcompanies\\b']","['\\bbusiness\\b', '\\bstocks\\b']","['\\bbanks\\b', '\\bcompanies\\b']",[],2,2,0,30,,,
"Haiti lawmakers reject prime minister's plan, deepening election uncertainty  #news","Haiti lawmakers reject prime minister's plan, deepening election uncertainty #news",English,news,NewsFeed,,0,IRAhandle_tweets_7.csv,Politics & Governance,"['\\belection\\b', '\\bprime minister\\b', '\\bminister\\b']","['\\belection\\b', '\\bprime minister\\b']",['\\bminister\\b'],[],2,1,0,29,,,
President Trump sticks to voter fraud claims. TV One #NewsOneNow #TrumpLiesMatter,President Trump sticks to voter fraud claims. TV One #NewsOneNow #TrumpLiesMatter,English,left,LeftTroll,RETWEET,1,IRAhandle_tweets_9.csv,Politics & Governance,"['\\bvoter\\b', '\\bpresident\\b', '\\btrump\\b']","['\\bvoter\\b', '\\bpresident\\b']",['\\btrump\\b'],[],2,1,0,29,,,
Vote delay! So much for #GOP scheduling vote on #ACA7 just to troll President Obama - Keep pressure on! � CALL 202-225-3121 #ResistTrumpCare https://t.co/iEyfZwNxjX,Vote delay! So much for #GOP scheduling vote on #ACA7 just to troll President Obama - Keep pressure on! � CALL 202-225-3121 #ResistTrumpCare,English,left,LeftTroll,RETWEET,1,IRAhandle_tweets_9.csv,Politics & Governance,"['\\bvote\\b', '\\bpresident\\b', '\\bobama\\b']","['\\bvote\\b', '\\bpresident\\b']",['\\bobama\\b'],[],2,1,0,28,,,
Ohio elector burning letters asking him not to vote for Trump after voting Good morning https://t.co/X3mvzF1M7i,Ohio elector burning letters asking him not to vote for Trump after voting Good morning,English,Right,RightTroll,,0,IRAhandle_tweets_4.csv,Politics & Governance,"['\\bvote\\b', '\\bvoting\\b', '\\btrump\\b']","['\\bvote\\b', '\\bvoting\\b']",['\\btrump\\b'],[],2,1,0,28,,,
they got us focused on Trump being president side tracked we gave the election enough of our energy now let's put portions energy towards,they got us focused on Trump being president side tracked we gave the election enough of our energy now let's put portions energy towards,English,left,LeftTroll,RETWEET,1,IRAhandle_tweets_1.csv,Politics & Governance,"['\\belection\\b', '\\bpresident\\b', '\\btrump\\b']","['\\belection\\b', '\\bpresident\\b']",['\\btrump\\b'],[],2,1,0,28,,,
Michigan's elections board deadlocked on President-elect Donald Trump's request to prevent a recount. https://t.co/FxhMgkwrpo https://t.co/Bsw9X1TMCZ,Michigan's elections board deadlocked on President-elect Donald Trump's request to prevent a recount.,English,left,LeftTroll,RETWEET,1,IRAhandle_tweets_4.csv,Politics & Governance,"['\\belections\\b', '\\bpresident\\b', '\\btrump\\b']","['\\belections\\b', '\\bpresident\\b']",['\\btrump\\b'],[],2,1,0,28,,,
"☆☆The 7 Electors who failed to vote for Trump or Hillary deprived about 3,500,000 citizens of their votes.  LOCK THEM UP!","☆☆The 7 Electors who failed to vote for Trump or Hillary deprived about 3,500,000 citizens of their votes. LOCK THEM UP!",English,Right,RightTroll,RETWEET,1,IRAhandle_tweets_4.csv,Politics & Governance,"['\\bvote\\b', '\\bvotes\\b', '\\btrump\\b']","['\\bvote\\b', '\\bvotes\\b']",['\\btrump\\b'],[],2,1,0,28,,,
"'@AriBerman: ""They're going to lie about voter fraud to then put in place policies that suppress the vote."" https://t.co/rXwU54fWsD'","' : ""They're going to lie about voter fraud to then put in place policies that suppress the vote.""",English,left,LeftTroll,RETWEET,1,IRAhandle_tweets_2.csv,Politics & Governance,"['\\bvoter\\b', '\\bvote\\b', '\\bpolicies\\b']","['\\bvoter\\b', '\\bvote\\b']",['\\bpolicies\\b'],[],2,1,0,28,,,
22k Democrat voters have switched to Republican ticket to vote in the Pennsylvania primary #Trump https://t.co/ydZ26oOSyY,22k Democrat voters have switched to Republican ticket to vote in the Pennsylvania primary #Trump,English,Right,RightTroll,,0,IRAhandle_tweets_8.csv,Politics & Governance,"['\\bvoters\\b', '\\bvote\\b', '\\btrump\\b']","['\\bvoters\\b', '\\bvote\\b']",['\\btrump\\b'],[],2,1,0,28,,,
"BREAKING: Trump Cheated on Melania With Porn Star ""Stormy Daniels,"" Paid Six-Figure Hush-Money 30 Days Before the 2016 President Election to Cover It Up, Using Russiagate Figure Michael Cohen As a Fixer: https://t.co/IoogBC0e3h https://t.co/KfPtv0bMR2","BREAKING: Trump Cheated on Melania With Porn Star ""Stormy Daniels,"" Paid Six-Figure Hush-Money 30 Days Before the 2016 President Election to Cover It Up, Using Russiagate Figure Michael Cohen As a Fixer:",English,left,LeftTroll,RETWEET,1,IRAhandle_tweets_4.csv,Politics & Governance,"['\\belection\\b', '\\bpresident\\b', '\\btrump\\b']","['\\belection\\b', '\\bpresident\\b']",['\\btrump\\b'],[],2,1,0,28,,,
"CIA's ""mop up man"" Ken Dilanian is the NBC 'reporter' used to channel claim about president Putin + US election https://t.co/GOci4EWwdv","CIA's ""mop up man"" Ken Dilanian is the NBC 'reporter' used to channel claim about president Putin + US election",English,left,LeftTroll,RETWEET,1,IRAhandle_tweets_4.csv,Politics & Governance,"['\\belection\\b', '\\bpresident\\b', '\\bputin\\b']","['\\belection\\b', '\\bpresident\\b']",['\\bputin\\b'],[],2,1,0,28,,,
Sure. But we did.  We (House and Senate) did repeal it  - Basically a straight party-line vote.  Obama vetoed. https://t.co/SpjY8jfFQm,Sure. But we did. We (House and Senate) did repeal it - Basically a straight party-line vote. Obama vetoed.,English,Right,RightTroll,RETWEET,1,IRAhandle_tweets_3.csv,Politics & Governance,"['\\bvote\\b', '\\bsenate\\b', '\\bobama\\b']","['\\bvote\\b', '\\bsenate\\b']",['\\bobama\\b'],[],2,1,0,28,,,
"Trump keeps claiming, falsely, that voter fraud occurred in the election. The @FEC commissioner wants his evidence. https://t.co/qnnQhfrK9p","Trump keeps claiming, falsely, that voter fraud occurred in the election. The commissioner wants his evidence.",English,left,LeftTroll,RETWEET,1,IRAhandle_tweets_7.csv,Politics & Governance,"['\\belection\\b', '\\bvoter\\b', '\\btrump\\b']","['\\belection\\b', '\\bvoter\\b']",['\\btrump\\b'],[],2,1,0,28,,,
"Bernie Sanders Says Trump Voters Not ‘Deplorables,’ Hillary Clinton to Blame for Election Loss! https://t.co/ZJlPWIbSLQ https://t.co/mV43neEloN","Bernie Sanders Says Trump Voters Not ‘Deplorables,’ Hillary Clinton to Blame for Election Loss!",English,Right,RightTroll,,0,IRAhandle_tweets_8.csv,Politics & Governance,"['\\belection\\b', '\\bvoters\\b', '\\btrump\\b']","['\\belection\\b', '\\bvoters\\b']",['\\btrump\\b'],[],2,1,0,28,,,
IS FBI & Homeland helping Hillary Clinton Rig Elections through Mass Voter Fraud?? Keep a Close eye Donald Trump !! https://t.co/j5rnr6ORyD,IS FBI & Homeland helping Hillary Clinton Rig Elections through Mass Voter Fraud?? Keep a Close eye Donald Trump !!,English,Right,RightTroll,RETWEET,1,IRAhandle_tweets_7.csv,Politics & Governance,"['\\belections\\b', '\\bvoter\\b', '\\btrump\\b']","['\\belections\\b', '\\bvoter\\b']",['\\btrump\\b'],[],2,1,0,28,,,
"Mayor Garcetti, President-elect Trump discuss immigration, Olympics during phone call https://t.co/ZyvPEZ2DCy https://t.co/myvlIBKgnp","Mayor Garcetti, President-elect Trump discuss immigration, Olympics during phone call",English,local,NewsFeed,,0,IRAhandle_tweets_2.csv,Politics & Governance,"['\\bpresident\\b', '\\bimmigration\\b', '\\btrump\\b']","['\\bpresident\\b', '\\bimmigration\\b']",['\\btrump\\b'],[],2,1,0,28,,,
.#ElectionDay @TwitterMoments Voting Issues: Some Trump Voters Reporting Ballots Switching To Clinton. https://t.co/l5EGNCiEMQ,.#ElectionDay Voting Issues: Some Trump Voters Reporting Ballots Switching To Clinton.,English,Right,RightTroll,RETWEET,1,IRAhandle_tweets_4.csv,Politics & Governance,"['\\bvoters\\b', '\\bvoting\\b', '\\btrump\\b']","['\\bvoters\\b', '\\bvoting\\b']",['\\btrump\\b'],[],2,1,0,28,,,
"Hillary Clinton looks likely to hit 65M votes, roughly on par w/ Obama '12, and win popular vote by ~2.5M: https://t.co/0zZgOdrQgY","Hillary Clinton looks likely to hit 65M votes, roughly on par w/ Obama '12, and win popular vote by ~2.5M:",English,left,LeftTroll,RETWEET,1,IRAhandle_tweets_2.csv,Politics & Governance,"['\\bvote\\b', '\\bvotes\\b', '\\bobama\\b']","['\\bvote\\b', '\\bvotes\\b']",['\\bobama\\b'],[],2,1,0,28,,,
.@AP has learned President Donald Trump's voter fraud expert is registered in 3 states. https://t.co/gQYmUBt27Z,. has learned President Donald Trump's voter fraud expert is registered in 3 states.,English,Right,RightTroll,RETWEET,1,IRAhandle_tweets_1.csv,Politics & Governance,"['\\bvoter\\b', '\\bpresident\\b', '\\btrump\\b']","['\\bvoter\\b', '\\bpresident\\b']",['\\btrump\\b'],[],2,1,0,28,,,
All of #NeverTrump could stay home election day and Trump would lose about 20 votes.,All of #NeverTrump could stay home election day and Trump would lose about 20 votes.,English,Right,RightTroll,RETWEET,1,IRAhandle_tweets_2.csv,Politics & Governance,"['\\belection\\b', '\\bvotes\\b', '\\btrump\\b']","['\\belection\\b', '\\bvotes\\b']",['\\btrump\\b'],[],2,1,0,28,,,
"MI court strikes down GOP-led, racially motivated voting ban, keeps House Speaker from telling voters what they want  https://t.co/Rl1GJMInGZ","MI court strikes down GOP-led, racially motivated voting ban, keeps House Speaker from telling voters what they want",English,left,LeftTroll,RETWEET,1,IRAhandle_tweets_1.csv,Politics & Governance,"['\\bvoters\\b', '\\bvoting\\b', '\\bcourt\\b']","['\\bvoters\\b', '\\bvoting\\b']",['\\bcourt\\b'],[],2,1,0,28,,,
"Graham: If You Really Want to Make Hillary President, Vote for Trump:  Tuesday on MSNBC’s “Morning Joe,” Sen. ... https://t.co/eGu5CQhfqv","Graham: If You Really Want to Make Hillary President, Vote for Trump: Tuesday on MSNBC’s “Morning Joe,” Sen. ...",English,Right,RightTroll,RETWEET,1,IRAhandle_tweets_2.csv,Politics & Governance,"['\\bvote\\b', '\\bpresident\\b', '\\btrump\\b']","['\\bvote\\b', '\\bpresident\\b']",['\\btrump\\b'],[],2,1,0,28,,,
Did John McCain hurt his re-election chances with Supreme Court stance?  #politics,Did John McCain hurt his re-election chances with Supreme Court stance? #politics,English,local,NewsFeed,,0,IRAhandle_tweets_6.csv,Politics & Governance,"['\\belection\\b', '\\bsupreme court\\b', '\\bcourt\\b']","['\\belection\\b', '\\bsupreme court\\b']",['\\bcourt\\b'],[],2,1,0,28,,,
Congress explores options for removing an unfit president as Trump’s ‘disturbing’ behavior worries GOP https://t.co/qSq7e5Z9Bm https://t.co/6UtoAqkRDc,Congress explores options for removing an unfit president as Trump’s ‘disturbing’ behavior worries GOP,English,left,LeftTroll,RETWEET,1,IRAhandle_tweets_4.csv,Politics & Governance,"['\\bpresident\\b', '\\bcongress\\b', '\\btrump\\b']","['\\bpresident\\b', '\\bcongress\\b']",['\\btrump\\b'],[],2,1,0,28,,,
Two wasted votes and a world in chaos later it is safe to say beta male Obama was #NeverMyPresident Worst president in the history of the US,Two wasted votes and a world in chaos later it is safe to say beta male Obama was #NeverMyPresident Worst president in the history of the US,English,Right,RightTroll,RETWEET,1,IRAhandle_tweets_2.csv,Politics & Governance,"['\\bvotes\\b', '\\bpresident\\b', '\\bobama\\b']","['\\bvotes\\b', '\\bpresident\\b']",['\\bobama\\b'],[],2,1,0,28,,,
"For the first time in history 15,000 border patrol agents endorse candidate (Donald Trump) for president!  #MAGA https://t.co/zEQpe8RhCP","For the first time in history 15,000 border patrol agents endorse candidate (Donald Trump) for president! #MAGA",English,Right,RightTroll,,0,IRAhandle_tweets_6.csv,Politics & Governance,"['\\bpresident\\b', '\\bborder\\b', '\\btrump\\b']","['\\bpresident\\b', '\\bborder\\b']",['\\btrump\\b'],[],2,1,0,28,,,
Hillary voter: set the #Greenville black church on fire and spray painted 'Vote Trump'.   Trump supporters: raised $180K to rebuild it.,Hillary voter: set the #Greenville black church on fire and spray painted 'Vote Trump'. Trump supporters: raised $180K to rebuild it.,English,Right,RightTroll,RETWEET,1,IRAhandle_tweets_1.csv,Politics & Governance,"['\\bvoter\\b', '\\bvote\\b', '\\btrump\\b']","['\\bvoter\\b', '\\bvote\\b']",['\\btrump\\b'],[],2,1,0,28,,,
"RT=================>  I Don't Care What They Do Or What TheY Say... I Am Voting 4 President Trump !  ""WE LOVE @TRUMP https://t.co/mPy7NZjCkA","RT=================> I Don't Care What They Do Or What TheY Say... I Am Voting 4 President Trump ! ""WE LOVE",English,Right,RightTroll,RETWEET,1,IRAhandle_tweets_1.csv,Politics & Governance,"['\\bvoting\\b', '\\bpresident\\b', '\\btrump\\b']","['\\bvoting\\b', '\\bpresident\\b']",['\\btrump\\b'],[],2,1,0,28,,,
Does President Donald Trump get credit for decline in apprehensions at the border? https://t.co/5swUgBvop3 https://t.co/OVJ967XSVc,Does President Donald Trump get credit for decline in apprehensions at the border?,English,local,NewsFeed,,0,IRAhandle_tweets_6.csv,Politics & Governance,"['\\bpresident\\b', '\\bborder\\b', '\\btrump\\b']","['\\bpresident\\b', '\\bborder\\b']",['\\btrump\\b'],[],2,1,0,28,,,
"Ohio Secretary of State Jon Husted won't give Social Security, driver's license to President Trump's voter panne... https://t.co/1dENOefMFz https://t.co/sjVYuavlbG","Ohio Secretary of State Jon Husted won't give Social Security, driver's license to President Trump's voter panne...",English,local,NewsFeed,,0,IRAhandle_tweets_6.csv,Politics & Governance,"['\\bvoter\\b', '\\bpresident\\b', '\\btrump\\b']","['\\bvoter\\b', '\\bpresident\\b']",['\\btrump\\b'],[],2,1,0,28,,,
"#mar RT GartrellLinda: How Trump Could Force Congress &amp; Its Staff to Live Under Obamacare  DO IT, Mr. President! #REPEALorBeREPLACED …","#mar RT GartrellLinda: How Trump Could Force Congress and Its Staff to Live Under Obamacare DO IT, Mr. President! #REPEALorBeREPLACED …",English,Right,RightTroll,,0,IRAhandle_tweets_5.csv,Politics & Governance,"['\\bpresident\\b', '\\bcongress\\b', '\\btrump\\b']","['\\bpresident\\b', '\\bcongress\\b']",['\\btrump\\b'],[],2,1,0,28,,,
Supreme Court halts historic Hawaiian election. Another taste of corrupted freedom https://t.co/e1iMKTKqc9 via @HuffPostPol,Supreme Court halts historic Hawaiian election. Another taste of corrupted freedom via,English,left,LeftTroll,,0,IRAhandle_tweets_1.csv,Politics & Governance,"['\\belection\\b', '\\bsupreme court\\b', '\\bcourt\\b']","['\\belection\\b', '\\bsupreme court\\b']",['\\bcourt\\b'],[],2,1,0,28,,,
And I'll laugh my ass off when you try to cross the border with Canada as they do have immigration policy! #IllegalImmigration https://t.co/WaTkIqMzCd,And I'll laugh my ass off when you try to cross the border with Canada as they do have immigration policy! #IllegalImmigration,English,Right,RightTroll,,0,IRAhandle_tweets_8.csv,Politics & Governance,"['\\bimmigration\\b', '\\bborder\\b', '\\bpolicy\\b']","['\\bimmigration\\b', '\\bborder\\b']",['\\bpolicy\\b'],[],2,1,0,28,,,
"When Trump wins this election, historians will look back & identify huge voter fraud, polling fraud, & media fraud trying to throw election.","When Trump wins this election, historians will look back & identify huge voter fraud, polling fraud, & media fraud trying to throw election.",English,Right,RightTroll,RETWEET,1,IRAhandle_tweets_4.csv,Politics & Governance,"['\\belection\\b', '\\bvoter\\b', '\\btrump\\b']","['\\belection\\b', '\\bvoter\\b']",['\\btrump\\b'],[],2,1,0,28,,,
#TopVideo Obama cites U.S. election as sign of democracy's frustrations and progress https://t.co/JXPtRWDAKk,#TopVideo Obama cites U.S. election as sign of democracy's frustrations and progress,English,news,NewsFeed,,0,IRAhandle_tweets_7.csv,Politics & Governance,"['\\belection\\b', '\\bdemocracy\\b', '\\bobama\\b']","['\\belection\\b', '\\bdemocracy\\b']",['\\bobama\\b'],[],2,1,0,28,,,
Democrats Change Tune After Demanding Up-or-Down Vote on Supreme Court Nominee in 2016 https://t.co/Qg5zFdy8H3 via @LRacheldG @DailySignal,Democrats Change Tune After Demanding Up-or-Down Vote on Supreme Court Nominee in 2016 via,English,Right,RightTroll,RETWEET,1,IRAhandle_tweets_4.csv,Politics & Governance,"['\\bvote\\b', '\\bsupreme court\\b', '\\bcourt\\b']","['\\bvote\\b', '\\bsupreme court\\b']",['\\bcourt\\b'],[],2,1,0,28,,,
Seth Meyers Previews President Trump's Address to Congress After Scathing CPAC Rant https://t.co/FBzRnjhJBq https://t.co/cOO5tXwSzF,Seth Meyers Previews President Trump's Address to Congress After Scathing CPAC Rant,English,left,LeftTroll,RETWEET,1,IRAhandle_tweets_5.csv,Politics & Governance,"['\\bpresident\\b', '\\bcongress\\b', '\\btrump\\b']","['\\bpresident\\b', '\\bcongress\\b']",['\\btrump\\b'],[],2,1,0,28,,,
Very strange presidential campaign #GIRLZ #BTS #sunday #emmys #love #dubsmash #trump #president #election https://t.co/IHrswChYQt,Very strange presidential campaign #GIRLZ #BTS #sunday #emmys #love #dubsmash #trump #president #election,English,?,Unknown,,0,IRAhandle_tweets_6.csv,Politics & Governance,"['\\belection\\b', '\\bpresident\\b', '\\btrump\\b']","['\\belection\\b', '\\bpresident\\b']",['\\btrump\\b'],[],2,1,0,28,,,
Immigration lawyers see surge in citizenship applications since President Trump took o... https://t.co/0rSOAzgDDN https://t.co/ZVnbkc2J7w,Immigration lawyers see surge in citizenship applications since President Trump took o...,English,local,NewsFeed,,0,IRAhandle_tweets_2.csv,Politics & Governance,"['\\bpresident\\b', '\\bimmigration\\b', '\\btrump\\b']","['\\bpresident\\b', '\\bimmigration\\b']",['\\btrump\\b'],[],2,1,0,28,,,
"Chuck Todd, NBC News host, warns President Trump against 'making enemies' with Congress https://t.co/gdBxPiwJt9 https://t.co/oG0pa2elqW","Chuck Todd, NBC News host, warns President Trump against 'making enemies' with Congress",English,Right,RightTroll,,0,IRAhandle_tweets_8.csv,Politics & Governance,"['\\bpresident\\b', '\\bcongress\\b', '\\btrump\\b']","['\\bpresident\\b', '\\bcongress\\b']",['\\btrump\\b'],[],2,1,0,28,,,
�� Congress is looking to rein in President Obama's secret drone strikes http://t.co/A0JgHTwTKP #wiunion,�� Congress is looking to rein in President Obama's secret drone strikes #wiunion,English,Right,RightTroll,RETWEET,1,IRAhandle_tweets_2.csv,Politics & Governance,"['\\bpresident\\b', '\\bcongress\\b', '\\bobama\\b']","['\\bpresident\\b', '\\bcongress\\b']",['\\bobama\\b'],[],2,1,0,28,,,
"The 2016 election vote tally debunks the false narrative that Trump was the choice of the majority of the electorate, or has a mandate. https://t.co/dCOFo9DT3P","The 2016 election vote tally debunks the false narrative that Trump was the choice of the majority of the electorate, or has a mandate.",English,left,LeftTroll,RETWEET,1,IRAhandle_tweets_6.csv,Politics & Governance,"['\\belection\\b', '\\bvote\\b', '\\btrump\\b']","['\\belection\\b', '\\bvote\\b']",['\\btrump\\b'],[],2,1,0,28,,,
U.S. Supreme Court will decide issue of dues for government employee unions  #business,U.S. Supreme Court will decide issue of dues for government employee unions #business,English,local,NewsFeed,,0,IRAhandle_tweets_5.csv,Politics & Governance,"['\\bgovernment\\b', '\\bsupreme court\\b', '\\bcourt\\b']","['\\bgovernment\\b', '\\bsupreme court\\b']",['\\bcourt\\b'],[],2,1,0,28,,,
#mar RT MichelleRMed: .EboniKWilliams YES ALL LIVES matter &amp; Trump voters want: ✔️Jobs ✔️Tax Cuts ✔️ Immigration reform STOP CALLING US… …,#mar RT MichelleRMed: .EboniKWilliams YES ALL LIVES matter and Trump voters want: ✔️Jobs ✔️Tax Cuts ✔️ Immigration reform STOP CALLING US… …,English,Right,RightTroll,,0,IRAhandle_tweets_5.csv,Politics & Governance,"['\\bvoters\\b', '\\bimmigration\\b', '\\btrump\\b']","['\\bvoters\\b', '\\bimmigration\\b']",['\\btrump\\b'],[],2,1,0,28,,,
#top RT RyanJensen2018: 📍California District 43📍  Elect Omar Navarro (R) for Congress!  ✔️Pro Trump ✔️Border Wall … https://t.co/IHJCPienWD,#top RT RyanJensen2018: 📍California District 43📍 Elect Omar Navarro (R) for Congress! ✔️Pro Trump ✔️Border Wall …,English,Right,RightTroll,,0,IRAhandle_tweets_5.csv,Politics & Governance,"['\\bcongress\\b', '\\bborder\\b', '\\btrump\\b']","['\\bcongress\\b', '\\bborder\\b']",['\\btrump\\b'],[],2,1,0,28,,,
"If Russia supposedly hacked our election, why are the states against a voter fraud commission? What are they hiding?","If Russia supposedly hacked our election, why are the states against a voter fraud commission? What are they hiding?",English,Right,RightTroll,RETWEET,1,IRAhandle_tweets_2.csv,Politics & Governance,"['\\belection\\b', '\\bvoter\\b', '\\brussia\\b']","['\\belection\\b', '\\bvoter\\b']",['\\brussia\\b'],[],2,1,0,28,,,
"President Obama calls trade bills a 'win' for workers,says will encourage Congress to pass 'robust' trade enforcement http://t.co/LPtcUH5VRZ","President Obama calls trade bills a 'win' for workers,says will encourage Congress to pass 'robust' trade enforcement",English,Right,RightTroll,,0,IRAhandle_tweets_7.csv,Politics & Governance,"['\\bpresident\\b', '\\bcongress\\b', '\\bobama\\b']","['\\bpresident\\b', '\\bcongress\\b']",['\\bobama\\b'],[],2,1,0,28,,,
Trump Taunts Women's March: We Just Had an Election Why Didn't These People Vote? https://t.co/lQZXu8cTzH,Trump Taunts Women's March: We Just Had an Election Why Didn't These People Vote?,English,Right,RightTroll,RETWEET,1,IRAhandle_tweets_1.csv,Politics & Governance,"['\\belection\\b', '\\bvote\\b', '\\btrump\\b']","['\\belection\\b', '\\bvote\\b']",['\\btrump\\b'],[],2,1,0,28,,,
"President​ Trump decided to end DACA effective today, placing the futures of 800,000 Dreamers in limbo. Congress urgently needs to solve this problem and pass a #DreamActNow - these kids are worth fighting for. #ProtectDreamers","President​ Trump decided to end DACA effective today, placing the futures of 800,000 Dreamers in limbo. Congress urgently needs to solve this problem and pass a #DreamActNow - these kids are worth fighting for. #ProtectDreamers",English,left,LeftTroll,RETWEET,1,IRAhandle_tweets_8.csv,Politics & Governance,"['\\bpresident\\b', '\\bcongress\\b', '\\btrump\\b']","['\\bpresident\\b', '\\bcongress\\b']",['\\btrump\\b'],[],2,1,0,28,,,
I am sure President Trump will NOT ALLOW Canada to keep ripping us off on trade and on the north border. Plus American PAYOLA music industry,I am sure President Trump will NOT ALLOW Canada to keep ripping us off on trade and on the north border. Plus American PAYOLA music industry,English,Right,RightTroll,RETWEET,1,IRAhandle_tweets_1.csv,Politics & Governance,"['\\bpresident\\b', '\\bborder\\b', '\\btrump\\b']","['\\bpresident\\b', '\\bborder\\b']",['\\btrump\\b'],[],2,1,0,28,,,
#ElectoralCollege So they tried to get voters to flip from Trump and Hillary lost votes? https://t.co/TcB3ngdiMr,#ElectoralCollege So they tried to get voters to flip from Trump and Hillary lost votes?,English,Right,RightTroll,RETWEET,1,IRAhandle_tweets_5.csv,Politics & Governance,"['\\bvoters\\b', '\\bvotes\\b', '\\btrump\\b']","['\\bvoters\\b', '\\bvotes\\b']",['\\btrump\\b'],[],2,1,0,28,,,
Liberals have announced the hunt for Kids! 11 y.o. Boy Attacked at School &amp; Put in Crutches for Voting #Trump in Mock Election https://t.co/AScxG28Gk8,Liberals have announced the hunt for Kids! 11 y.o. Boy Attacked at School and Put in Crutches for Voting #Trump in Mock Election,English,Right,RightTroll,,0,IRAhandle_tweets_6.csv,Politics & Governance,"['\\belection\\b', '\\bvoting\\b', '\\btrump\\b']","['\\belection\\b', '\\bvoting\\b']",['\\btrump\\b'],[],2,1,0,28,,,
The number of Turks able to vote in Europe. That's why Merkel always wins German elections with her destructive liberal policies #hollandada https://t.co/wXiVRy6a4w,The number of Turks able to vote in Europe. That's why Merkel always wins German elections with her destructive liberal policies #hollandada,English,Right,RightTroll,,0,IRAhandle_tweets_7.csv,Politics & Governance,"['\\belections\\b', '\\bvote\\b', '\\bpolicies\\b']","['\\belections\\b', '\\bvote\\b']",['\\bpolicies\\b'],[],2,1,0,28,,,
Trump vote fraud member: You should worry more about Amazon ‘contraptions’ than turning over voting info https://t.co/gWhAaddGfz #p2 #ctl https://t.co/dlvY56FLYW,Trump vote fraud member: You should worry more about Amazon ‘contraptions’ than turning over voting info #p2 #ctl,English,left,LeftTroll,RETWEET,1,IRAhandle_tweets_5.csv,Politics & Governance,"['\\bvote\\b', '\\bvoting\\b', '\\btrump\\b']","['\\bvote\\b', '\\bvoting\\b']",['\\btrump\\b'],[],2,1,0,28,,,
Clinton links Supreme Court vacancy to high court action on immigration  #politics,Clinton links Supreme Court vacancy to high court action on immigration #politics,English,local,NewsFeed,,0,IRAhandle_tweets_8.csv,Politics & Governance,"['\\bsupreme court\\b', '\\bimmigration\\b', '\\bcourt\\b']","['\\bsupreme court\\b', '\\bimmigration\\b']",['\\bcourt\\b'],[],2,1,0,28,,,
"""Hillary Clinton was not treated fairly by the press during the Presidential election campaign.""   Do you agree with President Obama?","""Hillary Clinton was not treated fairly by the press during the Presidential election campaign."" Do you agree with President Obama?",English,Right,RightTroll,RETWEET,1,IRAhandle_tweets_7.csv,Politics & Governance,"['\\belection\\b', '\\bpresident\\b', '\\bobama\\b']","['\\belection\\b', '\\bpresident\\b']",['\\bobama\\b'],[],2,1,0,28,,,
Finally! Congress said something! Wow! JUST DO IT! Congress Threatens to Defund UN over Anti-Israel Vote https://t.co/AAFtynEKDU,Finally! Congress said something! Wow! JUST DO IT! Congress Threatens to Defund UN over Anti-Israel Vote,English,Right,RightTroll,,0,IRAhandle_tweets_6.csv,Politics & Governance,"['\\bvote\\b', '\\bcongress\\b', '\\bisrael\\b']","['\\bvote\\b', '\\bcongress\\b']",['\\bisrael\\b'],[],2,1,0,28,,,
"President Trump: ""You want a government that serves the people, not the donors and not the special interests."" #Melbourne #TrumpRally https://t.co/KKYWFCzdoq","President Trump: ""You want a government that serves the people, not the donors and not the special interests."" #Melbourne #TrumpRally",English,Right,RightTroll,,0,IRAhandle_tweets_8.csv,Politics & Governance,"['\\bgovernment\\b', '\\bpresident\\b', '\\btrump\\b']","['\\bgovernment\\b', '\\bpresident\\b']",['\\btrump\\b'],[],2,1,0,28,,,
President-Elect Trump Selected These Websites For News During Election; We Made The List!! https://t.co/nFJavOdXeM https://t.co/4A10kST5u4,President-Elect Trump Selected These Websites For News During Election; We Made The List!!,English,Right,RightTroll,,0,IRAhandle_tweets_8.csv,Politics & Governance,"['\\belection\\b', '\\bpresident\\b', '\\btrump\\b']","['\\belection\\b', '\\bpresident\\b']",['\\btrump\\b'],[],2,1,0,28,,,
MSM wonder why people believe there was voter fraud by illegals? It's because Obama encouraged them to vote. Stephen Miller is right. https://t.co/OylU75XIml,MSM wonder why people believe there was voter fraud by illegals? It's because Obama encouraged them to vote. Stephen Miller is right.,English,Right,RightTroll,RETWEET,1,IRAhandle_tweets_4.csv,Politics & Governance,"['\\bvoter\\b', '\\bvote\\b', '\\bobama\\b']","['\\bvoter\\b', '\\bvote\\b']",['\\bobama\\b'],[],2,1,0,28,,,
Poll: Will you vote for Trump now that Christie is helping shape his immigration plan?,Poll: Will you vote for Trump now that Christie is helping shape his immigration plan?,English,local,NewsFeed,,0,IRAhandle_tweets_6.csv,Politics & Governance,"['\\bvote\\b', '\\bimmigration\\b', '\\btrump\\b']","['\\bvote\\b', '\\bimmigration\\b']",['\\btrump\\b'],[],2,1,0,28,,,
Supreme Court votes 5-3 to allow cops to use evidence obtained from illegal stops. Where's the 4th Amendment?  https://t.co/Qgkwop0z70,Supreme Court votes 5-3 to allow cops to use evidence obtained from illegal stops. Where's the 4th Amendment?,English,left,LeftTroll,,0,IRAhandle_tweets_1.csv,Politics & Governance,"['\\bvotes\\b', '\\bsupreme court\\b', '\\bcourt\\b']","['\\bvotes\\b', '\\bsupreme court\\b']",['\\bcourt\\b'],[],2,1,0,28,,,
Comey in prepared statement to Congress: President Trump told him: 'I need loyalty' https://t.co/xJ7uy2D4fS https://t.co/mrlqnN46ug,Comey in prepared statement to Congress: President Trump told him: 'I need loyalty',English,local,NewsFeed,,0,IRAhandle_tweets_2.csv,Politics & Governance,"['\\bpresident\\b', '\\bcongress\\b', '\\btrump\\b']","['\\bpresident\\b', '\\bcongress\\b']",['\\btrump\\b'],[],2,1,0,28,,,
https://t.co/Pqv0UDtlVW #Romans8:31-39 #Bible #SCOTUS #Senate #Congress #ISLAM #College #Edu #STEM #Hillary #TRUMP https://t.co/Rbl0nHqceZ,#Romans8:31-39 #Bible #SCOTUS #Senate #Congress #ISLAM #College #Edu #STEM #Hillary #TRUMP,English,Right,RightTroll,RETWEET,1,IRAhandle_tweets_4.csv,Politics & Governance,"['\\bsenate\\b', '\\bcongress\\b', '\\btrump\\b']","['\\bsenate\\b', '\\bcongress\\b']",['\\btrump\\b'],[],2,1,0,28,,,
"As payback for Merrick Garland, Senate Dems should not show up for committee votes for all of Trump's Cabinet picks. Make em recess them!","As payback for Merrick Garland, Senate Dems should not show up for committee votes for all of Trump's Cabinet picks. Make em recess them!",English,left,LeftTroll,RETWEET,1,IRAhandle_tweets_1.csv,Politics & Governance,"['\\bvotes\\b', '\\bsenate\\b', '\\btrump\\b']","['\\bvotes\\b', '\\bsenate\\b']",['\\btrump\\b'],[],2,1,0,28,,,
"6. This is why Trump is again floating the lie about ""illegals"" and the popular vote. The idea is to strip voting rights from adversaries.","6. This is why Trump is again floating the lie about ""illegals"" and the popular vote. The idea is to strip voting rights from adversaries.",English,left,LeftTroll,RETWEET,1,IRAhandle_tweets_1.csv,Politics & Governance,"['\\bvote\\b', '\\bvoting\\b', '\\btrump\\b']","['\\bvote\\b', '\\bvoting\\b']",['\\btrump\\b'],[],2,1,0,28,,,
"'@marcorubio Impressive speech on Senate floor, made the case for keeping sanctions on Russia.   https://t.co/BXhY3kaSht via @YouTube https://t.co/pElqrj4yfV'","' Impressive speech on Senate floor, made the case for keeping sanctions on Russia. via",English,Right,RightTroll,RETWEET,1,IRAhandle_tweets_5.csv,Politics & Governance,"['\\bsenate\\b', '\\bsanctions\\b', '\\brussia\\b']","['\\bsenate\\b', '\\bsanctions\\b']",['\\brussia\\b'],[],2,1,0,28,,,
"THIS JUST IN! In a new 2017 CNN election poll, Hillary leads Trump by 1,723 electoral votes.  Film at 11   #MAGA #TrumpTrain #WayneDupree","THIS JUST IN! In a new 2017 CNN election poll, Hillary leads Trump by 1,723 electoral votes. Film at 11 #MAGA #TrumpTrain #WayneDupree",English,Right,RightTroll,RETWEET,1,IRAhandle_tweets_2.csv,Politics & Governance,"['\\belection\\b', '\\bvotes\\b', '\\btrump\\b']","['\\belection\\b', '\\bvotes\\b']",['\\btrump\\b'],[],2,1,0,28,,,
Terrible days ahead of our country future vote trump president send a message Americans will unite stand together fight back we matter����✝️ https://t.co/Ypx8bdq1Ye,Terrible days ahead of our country future vote trump president send a message Americans will unite stand together fight back we matter����✝️,English,Right,RightTroll,RETWEET,1,IRAhandle_tweets_8.csv,Politics & Governance,"['\\bvote\\b', '\\bpresident\\b', '\\btrump\\b']","['\\bvote\\b', '\\bpresident\\b']",['\\btrump\\b'],[],2,1,0,28,,,
"""We need to vote for Hilary so Trump doesn't win"" ""Hilary isn't as bad""  Is this who ya'll voting for? A Warlord? A Wall Street puppet? https://t.co/bi751BReKf","""We need to vote for Hilary so Trump doesn't win"" ""Hilary isn't as bad"" Is this who ya'll voting for? A Warlord? A Wall Street puppet?",English,left,LeftTroll,RETWEET,1,IRAhandle_tweets_1.csv,Politics & Governance,"['\\bvote\\b', '\\bvoting\\b', '\\btrump\\b']","['\\bvote\\b', '\\bvoting\\b']",['\\btrump\\b'],[],2,1,0,28,,,
"Will the UK be holding hearings about Obama openly trying to influence the vote on #BREXIT, telling the Brits they should not vote for it?","Will the UK be holding hearings about Obama openly trying to influence the vote on #BREXIT, telling the Brits they should not vote for it?",English,Right,RightTroll,RETWEET,1,IRAhandle_tweets_3.csv,Politics & Governance,"['\\bvote\\b', '\\bbrexit\\b', '\\bobama\\b']","['\\bvote\\b', '\\bbrexit\\b']",['\\bobama\\b'],[],2,1,0,28,,,
'@JoshNoneYaBiz CIA: Washington Post Report Linking Russian Government to Trump &amp; Election Hacking Is “Outright Lie” https://t.co/4h52ujeXeB',' CIA: Washington Post Report Linking Russian Government to Trump and Election Hacking Is “Outright Lie”,English,Right,RightTroll,RETWEET,1,IRAhandle_tweets_2.csv,Politics & Governance,"['\\bgovernment\\b', '\\belection\\b', '\\btrump\\b']","['\\bgovernment\\b', '\\belection\\b']",['\\btrump\\b'],[],2,1,0,28,,,
"President Donald Trump orders U.S.-Mexico border wall, but key details still to come https://t.co/LWTCZnTBB2 https://t.co/nkTwkyScnG","President Donald Trump orders U.S.-Mexico border wall, but key details still to come",English,local,NewsFeed,,0,IRAhandle_tweets_6.csv,Politics & Governance,"['\\bpresident\\b', '\\bborder\\b', '\\btrump\\b']","['\\bpresident\\b', '\\bborder\\b']",['\\btrump\\b'],[],2,1,0,28,,,
"Fake news media says the ""Russians"" hacked the DNC &amp; RNC but they weren't able to hack Crooked Hillary's unsecured server? Give me a break!","Fake news media says the ""Russians"" hacked the DNC and RNC but they weren't able to hack Crooked Hillary's unsecured server? Give me a break!",English,Right,RightTroll,RETWEET,1,IRAhandle_tweets_7.csv,Technology & Cyber,"['\\bserver\\b', '\\bhacked\\b', '\\bhack\\b']","['\\bserver\\b', '\\bhacked\\b']",['\\bhack\\b'],[],2,1,0,28,,,
Gordon Ramsay Dash Hack Cheat - https://t.co/qpdXnujqQE #hacking #Hackable #Hacked #hack #HackLearning #hack4good #cheaters #cheat #game7,Gordon Ramsay Dash Hack Cheat - #hacking #Hackable #Hacked #hack #HackLearning #hack4good #cheaters #cheat #game7,English,Right,RightTroll,RETWEET,1,IRAhandle_tweets_1.csv,Technology & Cyber,"['\\bhacking\\b', '\\bhacked\\b', '\\bhack\\b']","['\\bhacking\\b', '\\bhacked\\b']",['\\bhack\\b'],[],2,1,0,28,,,
"Discover @BMAchievement work in High School Excellence, BMA Health &amp; Healing Strategies and using arts &amp; culture as a tool for social change","Discover work in High School Excellence, BMA Health and Healing Strategies and using arts and culture as a tool for social change",English,left,LeftTroll,RETWEET,1,IRAhandle_tweets_4.csv,Society & Health,"['\\bhealth\\b', '\\bschool\\b', '\\bculture\\b']","['\\bhealth\\b', '\\bschool\\b']",['\\bculture\\b'],[],2,1,0,28,,,
Goddamn! What a crap! High school student earned $72 MILLION playing the stock market! http://t.co/8UAcwh0r8B,Goddamn! What a crap! High school student earned $72 MILLION playing the stock market!,English,,Unknown,,0,IRAhandle_tweets_8.csv,Economy & Business,"['\\bmarket\\b', '\\bstock\\b', '\\bmillion\\b']","['\\bmarket\\b', '\\bstock\\b']",['\\bmillion\\b'],[],2,1,0,28,,,
"BREAKING : Intel Announced a $7 Billion Investment in Arizona creating 10,000 JOBS! https://t.co/1knZLR5DXp","BREAKING : Intel Announced a $7 Billion Investment in Arizona creating 10,000 JOBS!",English,Right,RightTroll,RETWEET,1,IRAhandle_tweets_3.csv,Economy & Business,"['\\bjobs\\b', '\\binvestment\\b', '\\bbillion\\b']","['\\bjobs\\b', '\\binvestment\\b']",['\\bbillion\\b'],[],2,1,0,28,,,
Big bank stocks all head sharply lower as market slumps 2  XJO ausecon ausbiz goo.gltbIWGA @TheMotleyFoolAu http://t.co/YHC1jFdWNf,Big bank stocks all head sharply lower as market slumps 2 XJO ausecon ausbiz goo.gltbIWGA,English,Commercial,Commercial,,0,IRAhandle_tweets_1.csv,Economy & Business,"['\\bmarket\\b', '\\bstocks\\b', '\\bbank\\b']","['\\bmarket\\b', '\\bstocks\\b']",['\\bbank\\b'],[],2,1,0,28,,,
For-profit company receives approval to acquire majority stake in Watertown hospital  #business,For-profit company receives approval to acquire majority stake in Watertown hospital #business,English,local,NewsFeed,,0,IRAhandle_tweets_5.csv,Economy & Business,"['\\bbusiness\\b', '\\bprofit\\b', '\\bcompany\\b']","['\\bbusiness\\b', '\\bprofit\\b']",['\\bcompany\\b'],[],2,1,0,28,,,
Guinea-Bissau president confirms new prime minister: decree  #news,Guinea-Bissau president confirms new prime minister: decree #news,English,news,NewsFeed,,0,IRAhandle_tweets_7.csv,Politics & Governance,"['\\bpresident\\b', '\\bprime minister\\b', '\\bminister\\b']","['\\bpresident\\b', '\\bprime minister\\b']",['\\bminister\\b'],[],2,1,0,27,,,
House votes to undo Obama immigration actions  #news,House votes to undo Obama immigration actions #news,English,local,NewsFeed,,0,IRAhandle_tweets_7.csv,Politics & Governance,"['\\bvotes\\b', '\\bimmigration\\b', '\\bobama\\b']","['\\bvotes\\b', '\\bimmigration\\b']",['\\bobama\\b'],[],2,1,0,27,,,
Pending U.N. vote on Iran deal irks Congress  #news,Pending U.N. vote on Iran deal irks Congress #news,English,local,NewsFeed,,0,IRAhandle_tweets_7.csv,Politics & Governance,"['\\bvote\\b', '\\bcongress\\b', '\\biran\\b']","['\\bvote\\b', '\\bcongress\\b']",['\\biran\\b'],[],2,1,0,27,,,
Portugal president names Socialist leader as prime minister  #world #news,Portugal president names Socialist leader as prime minister #world #news,English,news,NewsFeed,,0,IRAhandle_tweets_7.csv,Politics & Governance,"['\\bpresident\\b', '\\bprime minister\\b', '\\bminister\\b']","['\\bpresident\\b', '\\bprime minister\\b']",['\\bminister\\b'],[],2,1,0,27,,,
Serbia's prime minister asks parliament to sack defense minister  #news,Serbia's prime minister asks parliament to sack defense minister #news,English,news,NewsFeed,,0,IRAhandle_tweets_7.csv,Politics & Governance,"['\\bparliament\\b', '\\bprime minister\\b', '\\bminister\\b']","['\\bparliament\\b', '\\bprime minister\\b']",['\\bminister\\b'],[],2,1,0,27,,,
"WHAT DO YOU THINK OF PRESIDENT TRUMP? @realDonaldTrump  HAPPY THANKSGIVING, your Country is starting to do really well. Jobs coming back, highest Stock Market EVER, Military getting really strong, we will build the WALL, V.A. taking care of our Vets, great Supreme Court Justice,","WHAT DO YOU THINK OF PRESIDENT TRUMP? HAPPY THANKSGIVING, your Country is starting to do really well. Jobs coming back, highest Stock Market EVER, Military getting really strong, we will build the WALL, V.A. taking care of our Vets, great Supreme Court Justice,",English,Right,RightTroll,RETWEET,1,IRAhandle_tweets_2.csv,Economy & Business,"['\\bmarket\\b', '\\bstock\\b', '\\bjobs\\b']","['\\bmarket\\b', '\\bstock\\b', '\\bjobs\\b']",[],['\\bpresident\\b'],3,0,1,26,,,
"Putting Pelosi/Schumer Liberal Puppet Jones into office in Alabama would hurt our great Republican Agenda of low on taxes, tough on crime, strong on military and borders...&amp; so much more. Look at your 401-k’s since Election. Highest Stock Market EVER! Jobs are roaring back!","Putting Pelosi/Schumer Liberal Puppet Jones into office in Alabama would hurt our great Republican Agenda of low on taxes, tough on crime, strong on military and borders...and so much more. Look at your 401-k’s since Election. Highest Stock Market EVER! Jobs are roaring back!",English,Right,RightTroll,RETWEET,1,IRAhandle_tweets_2.csv,Economy & Business,"['\\bmarket\\b', '\\bstock\\b', '\\bjobs\\b']","['\\bmarket\\b', '\\bstock\\b', '\\bjobs\\b']",[],['\\belection\\b'],3,0,1,26,,,
VIRAL : Trump Voter Implores President “Use the Powers We Gave You” https://t.co/qZcx7OjihF https://t.co/qgIfLAV4Wk,VIRAL : Trump Voter Implores President “Use the Powers We Gave You”,English,Right,RightTroll,,0,IRAhandle_tweets_1.csv,Politics & Governance,"['\\bvoter\\b', '\\bpresident\\b', '\\btrump\\b']","['\\bvoter\\b', '\\bpresident\\b']",['\\btrump\\b'],[],2,1,0,26,,,
Apple remains in dark on how FBI hacked iPhone without help  #politics,Apple remains in dark on how FBI hacked iPhone without help #politics,English,local,NewsFeed,,0,IRAhandle_tweets_2.csv,Technology & Cyber,"['\\biphone\\b', '\\bhacked\\b', '\\bapple\\b']","['\\biphone\\b', '\\bhacked\\b']",['\\bapple\\b'],[],2,1,0,26,,,
Feds drop iPhone-hacking fight with Apple in San Bernardino terror probe  https://t.co/EO9xQcrzlW https://t.co/QdG77jbwin,Feds drop iPhone-hacking fight with Apple in San Bernardino terror probe,English,local,NewsFeed,,0,IRAhandle_tweets_2.csv,Technology & Cyber,"['\\biphone\\b', '\\bhacking\\b', '\\bapple\\b']","['\\biphone\\b', '\\bhacking\\b']",['\\bapple\\b'],[],2,1,0,26,,,
Apple urges organ donation via new iPhone software https://t.co/nO0AWBesNh,Apple urges organ donation via new iPhone software,English,local,NewsFeed,,0,IRAhandle_tweets_2.csv,Technology & Cyber,"['\\biphone\\b', '\\bsoftware\\b', '\\bapple\\b']","['\\biphone\\b', '\\bsoftware\\b']",['\\bapple\\b'],[],2,1,0,26,,,
Publix donates food to high school students in need https://t.co/BQLwZs3ag1 \| https://t.co/1KPXto2HfW https://t.co/xncV6mqDoI,Publix donates food to high school students in need \|,English,local,NewsFeed,,0,IRAhandle_tweets_1.csv,Society & Health,"['\\bschool\\b', '\\bstudents\\b', '\\bfood\\b']","['\\bschool\\b', '\\bstudents\\b']",['\\bfood\\b'],[],2,1,0,26,,,
"Corporate America's problem: Falling profit, revenue  #business","Corporate America's problem: Falling profit, revenue #business",English,local,NewsFeed,,0,IRAhandle_tweets_5.csv,Economy & Business,"['\\bbusiness\\b', '\\bprofit\\b', '\\brevenue\\b']","['\\bbusiness\\b', '\\bprofit\\b']",['\\brevenue\\b'],[],2,1,0,26,,,
Asian stocks higher as investors await central banks  #business,Asian stocks higher as investors await central banks #business,English,local,NewsFeed,,0,IRAhandle_tweets_2.csv,Economy & Business,"['\\bbusiness\\b', '\\bstocks\\b', '\\bbanks\\b']","['\\bbusiness\\b', '\\bstocks\\b']",['\\bbanks\\b'],[],2,1,0,26,,,
Low oil prices are a sinking feeling for some Wisconsin companies  #business,Low oil prices are a sinking feeling for some Wisconsin companies #business,English,local,NewsFeed,,0,IRAhandle_tweets_5.csv,Economy & Business,"['\\bbusiness\\b', '\\bprices\\b', '\\bcompanies\\b']","['\\bbusiness\\b', '\\bprices\\b']",['\\bcompanies\\b'],[],2,1,0,26,,,
JPMorgan's profits fall 2 percent; bank beats expectations  #business,JPMorgan's profits fall 2 percent; bank beats expectations #business,English,local,NewsFeed,,0,IRAhandle_tweets_2.csv,Economy & Business,"['\\bbusiness\\b', '\\bprofits\\b', '\\bbank\\b']","['\\bbusiness\\b', '\\bprofits\\b']",['\\bbank\\b'],[],2,1,0,26,,,
#BREAKING Chase kicks off bank earnings: Stock up 1% premarket on profit rise http://t.co/rjVUTCWL90,#BREAKING Chase kicks off bank earnings: Stock up 1% premarket on profit rise,English,Right,RightTroll,RETWEET,1,IRAhandle_tweets_2.csv,Economy & Business,"['\\bstock\\b', '\\bprofit\\b', '\\bbank\\b']","['\\bstock\\b', '\\bprofit\\b']",['\\bbank\\b'],[],2,1,0,26,,,
China Stocks Head for Bear Market as Rate Cut Fails to Stop Rout via @DavidLyonFX @GonzaPatricia19 @george_chen http://t.co/dZNuegbvB5,China Stocks Head for Bear Market as Rate Cut Fails to Stop Rout via,English,Commercial,Commercial,,0,IRAhandle_tweets_1.csv,Economy & Business,"['\\bmarket\\b', '\\bstocks\\b', '\\brate\\b']","['\\bmarket\\b', '\\bstocks\\b']",['\\brate\\b'],[],2,1,0,26,,,
"Ohio picks charter school rating plan that will likely ""hurt"" weak sponsors and schools #news https://t.co/WPFnVaHwGD","Ohio picks charter school rating plan that will likely ""hurt"" weak sponsors and schools #news",English,local,NewsFeed,,0,IRAhandle_tweets_6.csv,Society & Health,"['\\bschool\\b', '\\bschools\\b']","['\\bschool\\b', '\\bschools\\b']",[],[],2,0,0,25,,,
Former South Allegheny Teacher Accused Of Inappropriately Texting 2nd Student  #news,Former South Allegheny Teacher Accused Of Inappropriately Texting 2nd Student #news,English,local,NewsFeed,,0,IRAhandle_tweets_8.csv,Society & Health,"['\\bstudent\\b', '\\bteacher\\b']","['\\bstudent\\b', '\\bteacher\\b']",[],[],2,0,0,25,,,
Bombing of Yemeni schools by Saudi-led coalition leaves thousands out of education: Amnesty  #news,Bombing of Yemeni schools by Saudi-led coalition leaves thousands out of education: Amnesty #news,English,news,NewsFeed,,0,IRAhandle_tweets_7.csv,Society & Health,"['\\bschools\\b', '\\beducation\\b']","['\\bschools\\b', '\\beducation\\b']",[],[],2,0,0,25,,,
Alabama teacher arrested over her alleged sex act with student; Bin Laden had a will (10 Things to Know for Wednesday)  #news,Alabama teacher arrested over her alleged sex act with student; Bin Laden had a will (10 Things to Know for Wednesday) #news,English,local,NewsFeed,,0,IRAhandle_tweets_6.csv,Society & Health,"['\\bstudent\\b', '\\bteacher\\b']","['\\bstudent\\b', '\\bteacher\\b']",[],[],2,0,0,25,,,
#marketing How St. Jude Children's Research Hospital Creates A Desirable Place To Work https://t.co/YVI2zdRErK #news https://t.co/Z4v0K5n02D,#marketing How St. Jude Children's Research Hospital Creates A Desirable Place To Work #news,English,left,LeftTroll,RETWEET,1,IRAhandle_tweets_6.csv,Society & Health,"['\\bhospital\\b', '\\bchildren\\b']","['\\bhospital\\b', '\\bchildren\\b']",[],[],2,0,0,25,,,
State health officials remind residents to take precaution against Zika virus  #news,State health officials remind residents to take precaution against Zika virus #news,English,local,NewsFeed,,0,IRAhandle_tweets_2.csv,Society & Health,"['\\bhealth\\b', '\\bvirus\\b']","['\\bhealth\\b', '\\bvirus\\b']",[],[],2,0,0,25,,,
Antonio Brown’s Charity Softball Game To Benefit Children’s Hospital Foundation  #news,Antonio Brown’s Charity Softball Game To Benefit Children’s Hospital Foundation #news,English,local,NewsFeed,,0,IRAhandle_tweets_8.csv,Society & Health,"['\\bhospital\\b', '\\bchildren\\b']","['\\bhospital\\b', '\\bchildren\\b']",[],[],2,0,0,25,,,
"California student, son of immigrants, accepted to every Ivy League school  #news","California student, son of immigrants, accepted to every Ivy League school #news",English,Right,RightTroll,RETWEET,1,IRAhandle_tweets_1.csv,Society & Health,"['\\bschool\\b', '\\bstudent\\b']","['\\bschool\\b', '\\bstudent\\b']",[],[],2,0,0,25,,,
Security Guard Fired After Incident With Student at Steel Valley Middle School  #news,Security Guard Fired After Incident With Student at Steel Valley Middle School #news,English,local,NewsFeed,,0,IRAhandle_tweets_8.csv,Society & Health,"['\\bschool\\b', '\\bstudent\\b']","['\\bschool\\b', '\\bstudent\\b']",[],[],2,0,0,25,,,
"Body set up by Saudi-led forces probes hits on Yemen school, hospital  #world #news","Body set up by Saudi-led forces probes hits on Yemen school, hospital #world #news",English,news,NewsFeed,,0,IRAhandle_tweets_7.csv,Society & Health,"['\\bhospital\\b', '\\bschool\\b']","['\\bhospital\\b', '\\bschool\\b']",[],[],2,0,0,25,,,
"#News #US Former teacher, student she abused discuss their marriage (The Arizona Republic) http://t.co/YkCIqDK8dP","#News #US Former teacher, student she abused discuss their marriage (The Arizona Republic)",English,news,NewsFeed,,0,IRAhandle_tweets_7.csv,Society & Health,"['\\bstudent\\b', '\\bteacher\\b']","['\\bstudent\\b', '\\bteacher\\b']",[],[],2,0,0,25,,,
Family With Infant Children Booted Off @Delta Flight And LIES About Allowing Infants in Seats https://t.co/4CqIdQUBs4 #news #deltafail https://t.co/gaDvpU2x1q,Family With Infant Children Booted Off Flight And LIES About Allowing Infants in Seats #news #deltafail,English,left,LeftTroll,,0,IRAhandle_tweets_4.csv,Society & Health,"['\\bchildren\\b', '\\bfamily\\b']","['\\bchildren\\b', '\\bfamily\\b']",[],[],2,0,0,25,,,
"With rare boost from Straus, House overwhelmingly approves cuts in sales, business taxes  #news","With rare boost from Straus, House overwhelmingly approves cuts in sales, business taxes #news",English,Right,RightTroll,RETWEET,1,IRAhandle_tweets_2.csv,Economy & Business,"['\\bbusiness\\b', '\\bsales\\b']","['\\bbusiness\\b', '\\bsales\\b']",[],[],2,0,0,25,,,
Gas prices are lower than they've been in nearly 10 years: Share your station's price #news https://t.co/FrWCz5grCQ,Gas prices are lower than they've been in nearly 10 years: Share your station's price #news,English,local,NewsFeed,,0,IRAhandle_tweets_6.csv,Economy & Business,"['\\bprice\\b', '\\bprices\\b']","['\\bprice\\b', '\\bprices\\b']",[],[],2,0,0,25,,,
EU relaxes trade rules with Jordan to create jobs for Syrian refugees  #world #news,EU relaxes trade rules with Jordan to create jobs for Syrian refugees #world #news,English,news,NewsFeed,,0,IRAhandle_tweets_7.csv,Economy & Business,"['\\btrade\\b', '\\bjobs\\b']","['\\btrade\\b', '\\bjobs\\b']",[],[],2,0,0,25,,,
‘Russian hackers’ penetrate US power grid with ‘outdated Ukrainian malware’ Is this Real or Fake? https://t.co/u31aeI3TcL,‘Russian hackers’ penetrate US power grid with ‘outdated Ukrainian malware’ Is this Real or Fake?,English,Right,RightTroll,RETWEET,1,IRAhandle_tweets_2.csv,Technology & Cyber,"['\\bmalware\\b', '\\bhackers\\b']","['\\bmalware\\b', '\\bhackers\\b']",[],[],2,0,0,24,,,
"1) No, you catch hackers after they've hacked by following the trail 2) No, they aren't all 400lb couch potatoes - who said that anyway? https://t.co/ea1LNHh3p2","1) No, you catch hackers after they've hacked by following the trail 2) No, they aren't all 400lb couch potatoes - who said that anyway?",English,left,LeftTroll,RETWEET,1,IRAhandle_tweets_1.csv,Technology & Cyber,"['\\bhackers\\b', '\\bhacked\\b']","['\\bhackers\\b', '\\bhacked\\b']",[],[],2,0,0,24,,,
CNN: Hackers working for the Chinese military are believed to be compiling a massive database of Americans -intelligence officials,CNN: Hackers working for the Chinese military are believed to be compiling a massive database of Americans -intelligence officials,English,Right,RightTroll,RETWEET,1,IRAhandle_tweets_1.csv,Technology & Cyber,"['\\bdatabase\\b', '\\bhackers\\b']","['\\bdatabase\\b', '\\bhackers\\b']",[],[],2,0,0,24,,,
RESPAWNABLES #respawnables #madewithunity #Online #iOS #Resources #Download #games #Hacked https://t.co/thFDy8zWiS,RESPAWNABLES #respawnables #madewithunity #Online #iOS #Resources #Download #games #Hacked,English,Right,RightTroll,RETWEET,1,IRAhandle_tweets_6.csv,Technology & Cyber,"['\\bios\\b', '\\bhacked\\b']","['\\bios\\b', '\\bhacked\\b']",[],[],2,0,0,24,,,
#podestaemails27  https://t.co/zxpRlvHzrE WIKILEAKS 27: Five Countries Hacked Clinton's Private Server. Weiner Sent Women Hundreds of Texts,#podestaemails27 WIKILEAKS 27: Five Countries Hacked Clinton's Private Server. Weiner Sent Women Hundreds of Texts,English,Right,RightTroll,RETWEET,1,IRAhandle_tweets_1.csv,Technology & Cyber,"['\\bserver\\b', '\\bhacked\\b']","['\\bserver\\b', '\\bhacked\\b']",[],[],2,0,0,24,,,
BUBBLE SHOOTER #bubbleshooter #Generator #madewithunity #videogame #Android #Gamer #indiegame #Hacked https://t.co/LRCajRBbE9,BUBBLE SHOOTER #bubbleshooter #Generator #madewithunity #videogame #Android #Gamer #indiegame #Hacked,English,Right,RightTroll,RETWEET,1,IRAhandle_tweets_6.csv,Technology & Cyber,"['\\bandroid\\b', '\\bhacked\\b']","['\\bandroid\\b', '\\bhacked\\b']",[],[],2,0,0,24,,,
The student's backpack is in the road. Victim's grandmother tells me he's 16 and was walking home from school. #ARNews https://t.co/bLVI7AfWvG,The student's backpack is in the road. Victim's grandmother tells me he's 16 and was walking home from school. #ARNews,English,left,LeftTroll,RETWEET,1,IRAhandle_tweets_4.csv,Society & Health,"['\\bschool\\b', '\\bstudent\\b']","['\\bschool\\b', '\\bstudent\\b']",[],[],2,0,0,24,,,
"Chelsea Fearce, a 17-year-old homeless student, graduated as valedictorian of her class at Charles Drew High School in Clayton County GA https://t.co/CqimOsPQz8","Chelsea Fearce, a 17-year-old homeless student, graduated as valedictorian of her class at Charles Drew High School in Clayton County GA",English,left,LeftTroll,,0,IRAhandle_tweets_2.csv,Society & Health,"['\\bschool\\b', '\\bstudent\\b']","['\\bschool\\b', '\\bstudent\\b']",[],[],2,0,0,24,,,
Baltimore teachers union attacks city schools leaders over contract negotiations https://t.co/leJYWZPUkh https://t.co/G1SVgU3k2m,Baltimore teachers union attacks city schools leaders over contract negotiations,English,local,NewsFeed,,0,IRAhandle_tweets_1.csv,Society & Health,"['\\bschools\\b', '\\bteachers\\b']","['\\bschools\\b', '\\bteachers\\b']",[],[],2,0,0,24,,,
"#PoliticsNation #SundayMorning #CNNSOTU #AMJoy President Trump donated his salary👍 1st quarter-Antietam National Battlefield  2nd quarter-Department of Education to host science, technology, engineering, and math camps for children  3rd quarter-HSS To Help Fight Opioid Epidemic https://t.co/StbdfCDbHa","#PoliticsNation #SundayMorning #CNNSOTU #AMJoy President Trump donated his salary👍 1st quarter-Antietam National Battlefield 2nd quarter-Department of Education to host science, technology, engineering, and math camps for children 3rd quarter-HSS To Help Fight Opioid Epidemic",English,Right,RightTroll,RETWEET,1,IRAhandle_tweets_2.csv,Society & Health,"['\\beducation\\b', '\\bchildren\\b']","['\\beducation\\b', '\\bchildren\\b']",[],[],2,0,0,24,,,
I AM NOT A COLOR. I am a man that takes care of his family that served his country for eight years. I do not belong in a crayon box or should I be handed out at a restaurant for children to use for their connect to dots.  I am a man. #RealTalk #WayneDupree,I AM NOT A COLOR. I am a man that takes care of his family that served his country for eight years. I do not belong in a crayon box or should I be handed out at a restaurant for children to use for their connect to dots. I am a man. #RealTalk #WayneDupree,English,Right,RightTroll,RETWEET,1,IRAhandle_tweets_2.csv,Society & Health,"['\\bchildren\\b', '\\bfamily\\b']","['\\bchildren\\b', '\\bfamily\\b']",[],[],2,0,0,24,,,
"Shocking mental health statistics and lack of mental healthier, including shortage of hospital beds and lack of free/affordable therapy","Shocking mental health statistics and lack of mental healthier, including shortage of hospital beds and lack of free/affordable therapy",English,left,LeftTroll,RETWEET,1,IRAhandle_tweets_1.csv,Society & Health,"['\\bhealth\\b', '\\bhospital\\b']","['\\bhealth\\b', '\\bhospital\\b']",[],[],2,0,0,24,,,
How many California celebrities send their children to public schools? I'm guessing NONE. If they did they'd be howling for #SchoolChoice.,How many California celebrities send their children to public schools? I'm guessing NONE. If they did they'd be howling for #SchoolChoice.,English,Right,RightTroll,RETWEET,1,IRAhandle_tweets_4.csv,Society & Health,"['\\bschools\\b', '\\bchildren\\b']","['\\bschools\\b', '\\bchildren\\b']",[],[],2,0,0,24,,,
"NYtimes: For the first time ever, women make up the majority of students in U.S. law schools! https://t.co/eHnc48EhzV","NYtimes: For the first time ever, women make up the majority of students in U.S. law schools!",English,left,LeftTroll,,0,IRAhandle_tweets_2.csv,Society & Health,"['\\bschools\\b', '\\bstudents\\b']","['\\bschools\\b', '\\bstudents\\b']",[],[],2,0,0,24,,,
"'@ltapoll See...I thought this would be hard.  Hillary Clinton is EVIL 'now', but as Flotus, she wasn't as bad as.....  Michelle Obama literally starved children in Public schools.  She was the easy choice for me-she hurt millions of kids directly by giving them slop.'","' See...I thought this would be hard. Hillary Clinton is EVIL 'now', but as Flotus, she wasn't as bad as..... Michelle Obama literally starved children in Public schools. She was the easy choice for me-she hurt millions of kids directly by giving them slop.'",English,Right,RightTroll,RETWEET,1,IRAhandle_tweets_2.csv,Society & Health,"['\\bschools\\b', '\\bchildren\\b']","['\\bschools\\b', '\\bchildren\\b']",[],[],2,0,0,24,,,
"We blame mothers for badly brought children? Who do we blame for adults who went to school but like ""Johnbull"" can't write good English? https://t.co/2WJoZGuy3m","We blame mothers for badly brought children? Who do we blame for adults who went to school but like ""Johnbull"" can't write good English?",English,left,LeftTroll,RETWEET,1,IRAhandle_tweets_2.csv,Society & Health,"['\\bschool\\b', '\\bchildren\\b']","['\\bschool\\b', '\\bchildren\\b']",[],[],2,0,0,24,,,
Real education should properly prepare students for future self-sufficiency by teaching them critical thinking  @LouisFarrakhan #FARRAKHAN,Real education should properly prepare students for future self-sufficiency by teaching them critical thinking #FARRAKHAN,English,left,LeftTroll,RETWEET,1,IRAhandle_tweets_1.csv,Society & Health,"['\\bstudents\\b', '\\beducation\\b']","['\\bstudents\\b', '\\beducation\\b']",[],[],2,0,0,24,,,
Now Senile Sanders in front of Rodent Hillary preaching free college. Hold a sec! College here is high school everywhere - fix schools 1st! https://t.co/GFGvdjP7zZ,Now Senile Sanders in front of Rodent Hillary preaching free college. Hold a sec! College here is high school everywhere - fix schools 1st!,English,Right,RightTroll,RETWEET,1,IRAhandle_tweets_3.csv,Society & Health,"['\\bschool\\b', '\\bschools\\b']","['\\bschool\\b', '\\bschools\\b']",[],[],2,0,0,24,,,
They're protesting in several cities (students that have been learning 'how-to' in their schools) apparently in... https://t.co/Hq3sY0lMNW,They're protesting in several cities (students that have been learning 'how-to' in their schools) apparently in...,English,Right,RightTroll,RETWEET,1,IRAhandle_tweets_4.csv,Society & Health,"['\\bschools\\b', '\\bstudents\\b']","['\\bschools\\b', '\\bstudents\\b']",[],[],2,0,0,24,,,
"Judge throws out Alabama teacher-student sex law, clears teacher accused of teen boy sex romps via the FoxNews app https://t.co/MYO6TKnpuu","Judge throws out Alabama teacher-student sex law, clears teacher accused of teen boy sex romps via the FoxNews app",English,Right,RightTroll,,0,IRAhandle_tweets_3.csv,Society & Health,"['\\bstudent\\b', '\\bteacher\\b']","['\\bstudent\\b', '\\bteacher\\b']",[],[],2,0,0,24,,,
"Savannah State University student was shot and killed in the school's student union building, a spokeswoman said","Savannah State University student was shot and killed in the school's student union building, a spokeswoman said",English,Right,RightTroll,,0,IRAhandle_tweets_4.csv,Society & Health,"['\\bschool\\b', '\\bstudent\\b']","['\\bschool\\b', '\\bstudent\\b']",[],[],2,0,0,24,,,
SC Student Arrested For Recording School Cop’s Violent Assault on Classmate #BlackLivesMatter #blackpeopletwitter https://t.co/FEcKQXyTEh,SC Student Arrested For Recording School Cop’s Violent Assault on Classmate #BlackLivesMatter #blackpeopletwitter,English,left,LeftTroll,,0,IRAhandle_tweets_1.csv,Society & Health,"['\\bschool\\b', '\\bstudent\\b']","['\\bschool\\b', '\\bstudent\\b']",[],[],2,0,0,24,,,
Pre-school teacher at @Childscourtyard Nancy Salem @fancynancyxxo tells her “baby girl” to KILL SOME JEWS? PLEASE RT https://t.co/pHf7li6tMr https://t.co/ifjv9fFJJY,Pre-school teacher at Nancy Salem tells her “baby girl” to KILL SOME JEWS? PLEASE RT,English,Right,RightTroll,RETWEET,1,IRAhandle_tweets_4.csv,Society & Health,"['\\bschool\\b', '\\bteacher\\b']","['\\bschool\\b', '\\bteacher\\b']",[],[],2,0,0,24,,,
#WTF? Look Who LIBERAL Middlebury Professor Is Blaming After She Was Sent To Hospital By Mob Of Leftist Students https://t.co/peAfj2lIh5,#WTF? Look Who LIBERAL Middlebury Professor Is Blaming After She Was Sent To Hospital By Mob Of Leftist Students,English,Right,RightTroll,RETWEET,1,IRAhandle_tweets_2.csv,Society & Health,"['\\bhospital\\b', '\\bstudents\\b']","['\\bhospital\\b', '\\bstudents\\b']",[],[],2,0,0,24,,,
When we told Fed Dept of Ed officials that a HS student shot by a School Resource Officer in Nevada yesterday. https://t.co/oFeBQAa7xE,When we told Fed Dept of Ed officials that a HS student shot by a School Resource Officer in Nevada yesterday.,English,left,LeftTroll,RETWEET,1,IRAhandle_tweets_1.csv,Society & Health,"['\\bschool\\b', '\\bstudent\\b']","['\\bschool\\b', '\\bstudent\\b']",[],[],2,0,0,24,,,
"Teachers for teaching children that would be good for a change , instead of teachers for refugees your there to teach not preach ?","Teachers for teaching children that would be good for a change , instead of teachers for refugees your there to teach not preach ?",English,Right,RightTroll,RETWEET,1,IRAhandle_tweets_1.csv,Society & Health,"['\\bteachers\\b', '\\bchildren\\b']","['\\bteachers\\b', '\\bchildren\\b']",[],[],2,0,0,24,,,
"Medical school budget cuts could hurt health care work force, recruitment  #politics","Medical school budget cuts could hurt health care work force, recruitment #politics",English,local,NewsFeed,,0,IRAhandle_tweets_1.csv,Society & Health,"['\\bhealth\\b', '\\bschool\\b']","['\\bhealth\\b', '\\bschool\\b']",[],[],2,0,0,24,,,
"Friends, family, strangers pay respects to six Malone children who died in Northeast B... https://t.co/5EyA2tzp0t https://t.co/1MvT8H1e4P","Friends, family, strangers pay respects to six Malone children who died in Northeast B...",English,local,NewsFeed,,0,IRAhandle_tweets_1.csv,Society & Health,"['\\bchildren\\b', '\\bfamily\\b']","['\\bchildren\\b', '\\bfamily\\b']",[],[],2,0,0,24,,,
School presentations that kept it too real. These students aren't gonna be doing anymore assignments. https://t.co/4dy22qNl6G,School presentations that kept it too real. These students aren't gonna be doing anymore assignments.,English,left,LeftTroll,,0,IRAhandle_tweets_1.csv,Society & Health,"['\\bschool\\b', '\\bstudents\\b']","['\\bschool\\b', '\\bstudents\\b']",[],[],2,0,0,24,,,
I just signed @deray's petition to fire the Baltimore officer who assaulted a student at school. Add your name: https://t.co/yK7nWTR2PZ,I just signed 's petition to fire the Baltimore officer who assaulted a student at school. Add your name:,English,left,LeftTroll,RETWEET,1,IRAhandle_tweets_3.csv,Society & Health,"['\\bschool\\b', '\\bstudent\\b']","['\\bschool\\b', '\\bstudent\\b']",[],[],2,0,0,24,,,
TEACHER CALLS POLICE: Student Keeps Repeating 'Allah' and 'Boom' In Classroom https://t.co/9Q4U6Flo0O via @100percFEDUP,TEACHER CALLS POLICE: Student Keeps Repeating 'Allah' and 'Boom' In Classroom via,English,Right,RightTroll,RETWEET,1,IRAhandle_tweets_2.csv,Society & Health,"['\\bstudent\\b', '\\bteacher\\b']","['\\bstudent\\b', '\\bteacher\\b']",[],[],2,0,0,24,,,
"Alyssa H. Dunn, Asst. Prof. of Teacher Education at MSU, on teaching white sons to know that #BlackLivesMatter https://t.co/nfvt6uSYVh","Alyssa H. Dunn, Asst. Prof. of Teacher Education at MSU, on teaching white sons to know that #BlackLivesMatter",English,left,LeftTroll,,0,IRAhandle_tweets_1.csv,Society & Health,"['\\beducation\\b', '\\bteacher\\b']","['\\beducation\\b', '\\bteacher\\b']",[],[],2,0,0,24,,,
"""@unrwa teaches 9yr old children to become suicide bombers in their schools they teach children that's how to liberate themselves""Bassam Eid",""" teaches 9yr old children to become suicide bombers in their schools they teach children that's how to liberate themselves""Bassam Eid",English,Right,RightTroll,RETWEET,1,IRAhandle_tweets_4.csv,Society & Health,"['\\bschools\\b', '\\bchildren\\b']","['\\bschools\\b', '\\bchildren\\b']",[],[],2,0,0,24,,,
San Jose: Seven taken to hospital after spill of dental chemical at health center  #SanJose,San Jose: Seven taken to hospital after spill of dental chemical at health center #SanJose,English,local,NewsFeed,,0,IRAhandle_tweets_2.csv,Society & Health,"['\\bhealth\\b', '\\bhospital\\b']","['\\bhealth\\b', '\\bhospital\\b']",[],[],2,0,0,24,,,
"Cheap,inexperienced, underprotected temp teachers MIGHT successfully  indoctrinate children 4 a world that serves 1%. Is that ""achievement""?","Cheap,inexperienced, underprotected temp teachers MIGHT successfully indoctrinate children 4 a world that serves 1%. Is that ""achievement""?",English,Right,RightTroll,RETWEET,1,IRAhandle_tweets_1.csv,Society & Health,"['\\bteachers\\b', '\\bchildren\\b']","['\\bteachers\\b', '\\bchildren\\b']",[],[],2,0,0,24,,,
Texas school district displays sign warning that teachers may have guns https://t.co/rxXNQANaR3 #breaking,Texas school district displays sign warning that teachers may have guns #breaking,English,local,NewsFeed,,0,IRAhandle_tweets_1.csv,Society & Health,"['\\bschool\\b', '\\bteachers\\b']","['\\bschool\\b', '\\bteachers\\b']",[],[],2,0,0,24,,,
Say a prayer for the family #JermaineClaybrooks who was murdered by cops in #Milwaukee We need to help these families get the truth out. https://t.co/4WeEs3kXBq,Say a prayer for the family #JermaineClaybrooks who was murdered by cops in #Milwaukee We need to help these families get the truth out.,English,left,LeftTroll,RETWEET,1,IRAhandle_tweets_3.csv,Society & Health,"['\\bfamily\\b', '\\bfamilies\\b']","['\\bfamily\\b', '\\bfamilies\\b']",[],[],2,0,0,24,,,
#health Jahi McMath: Family sues in federal court to have brain-dead girl declared alive,#health Jahi McMath: Family sues in federal court to have brain-dead girl declared alive,English,local,NewsFeed,,0,IRAhandle_tweets_2.csv,Society & Health,"['\\bhealth\\b', '\\bfamily\\b']","['\\bhealth\\b', '\\bfamily\\b']",[],[],2,0,0,24,,,
Tennessee teacher arrested in NorCal after allegedly kidnapping student; girl found safe https://t.co/rPbh6BbYDw https://t.co/kCoaal4MnV,Tennessee teacher arrested in NorCal after allegedly kidnapping student; girl found safe,English,local,NewsFeed,,0,IRAhandle_tweets_2.csv,Society & Health,"['\\bstudent\\b', '\\bteacher\\b']","['\\bstudent\\b', '\\bteacher\\b']",[],[],2,0,0,24,,,
Education experts discuss issues around desegregating schools after Baltimore Sun seri... https://t.co/iDbH3shWFb https://t.co/8cnIhWPUyo,Education experts discuss issues around desegregating schools after Baltimore Sun seri...,English,local,NewsFeed,,0,IRAhandle_tweets_1.csv,Society & Health,"['\\bschools\\b', '\\beducation\\b']","['\\bschools\\b', '\\beducation\\b']",[],[],2,0,0,24,,,
Married 27-Year-Old Teacher Charged With Having Sexual Relationship With 17-Year-Old Student https://t.co/EvdXdsrfnn,Married 27-Year-Old Teacher Charged With Having Sexual Relationship With 17-Year-Old Student,English,Right,RightTroll,RETWEET,1,IRAhandle_tweets_4.csv,Society & Health,"['\\bstudent\\b', '\\bteacher\\b']","['\\bstudent\\b', '\\bteacher\\b']",[],[],2,0,0,24,,,
Evanston High School Dist. 202 approves changes on transgender student access to locker rooms https://t.co/MMeuxJrdz5 https://t.co/qvYBoFtUyP,Evanston High School Dist. 202 approves changes on transgender student access to locker rooms,English,local,NewsFeed,,0,IRAhandle_tweets_2.csv,Society & Health,"['\\bschool\\b', '\\bstudent\\b']","['\\bschool\\b', '\\bstudent\\b']",[],[],2,0,0,24,,,
"Here is short list of those who actually did something to save the children of Florida shooting: Aaron Feis who shielded the students, Scott Beigel who let the students in the classroom and Anthony Borges who covered his friends with his body. They will always be remembered. #FL","Here is short list of those who actually did something to save the children of Florida shooting: Aaron Feis who shielded the students, Scott Beigel who let the students in the classroom and Anthony Borges who covered his friends with his body. They will always be remembered. #FL",English,left,LeftTroll,,0,IRAhandle_tweets_3.csv,Society & Health,"['\\bstudents\\b', '\\bchildren\\b']","['\\bstudents\\b', '\\bchildren\\b']",[],[],2,0,0,24,,,
Better than vaccines? Vitamin D found to be powerful prevention vs. colds and flu https://t.co/uWf3zDImqq #antivax #nutrition #health https://t.co/FDM2Na7qQW,Better than vaccines? Vitamin D found to be powerful prevention vs. colds and flu #antivax #nutrition #health,English,Right,RightTroll,RETWEET,1,IRAhandle_tweets_2.csv,Society & Health,"['\\bhealth\\b', '\\bflu\\b']","['\\bhealth\\b', '\\bflu\\b']",[],[],2,0,0,24,,,
Parent at Middle School in Granada Hills Arrested on Suspicion of Inappropriate Contact With Student Following F... https://t.co/bnn3DVPfUV https://t.co/19jOPNCfId,Parent at Middle School in Granada Hills Arrested on Suspicion of Inappropriate Contact With Student Following F...,English,local,NewsFeed,,0,IRAhandle_tweets_2.csv,Society & Health,"['\\bschool\\b', '\\bstudent\\b']","['\\bschool\\b', '\\bstudent\\b']",[],[],2,0,0,24,,,
DPS closes 94 schools due to teacher sickout: Emergency manager’s warning that district will run ou... https://t.co/TaH4WS80ku #breaking,DPS closes 94 schools due to teacher sickout: Emergency manager’s warning that district will run ou... #breaking,English,local,NewsFeed,,0,IRAhandle_tweets_3.csv,Society & Health,"['\\bschools\\b', '\\bteacher\\b']","['\\bschools\\b', '\\bteacher\\b']",[],[],2,0,0,24,,,
Education in a #policestate: #Baltimore #cop beats student for not having hall pass #ACAB https://t.co/JTx47Q2xBs,Education in a #policestate: #Baltimore #cop beats student for not having hall pass #ACAB,English,left,LeftTroll,,0,IRAhandle_tweets_1.csv,Society & Health,"['\\bstudent\\b', '\\beducation\\b']","['\\bstudent\\b', '\\beducation\\b']",[],[],2,0,0,24,,,
No mistake that scores of public schools have been closed while Urban Prep (a public charter school) has been nationally recognized...,No mistake that scores of public schools have been closed while Urban Prep (a public charter school) has been nationally recognized...,English,left,LeftTroll,RETWEET,1,IRAhandle_tweets_4.csv,Society & Health,"['\\bschool\\b', '\\bschools\\b']","['\\bschool\\b', '\\bschools\\b']",[],[],2,0,0,24,,,
"The Palestinian terrorists that murdered 23 year old British student, his family will receive a monthly salary from UK, US &amp; EU aid money. https://t.co/4s3pP06Met","The Palestinian terrorists that murdered 23 year old British student, his family will receive a monthly salary from UK, US and EU aid money.",English,Right,RightTroll,RETWEET,1,IRAhandle_tweets_4.csv,Society & Health,"['\\bstudent\\b', '\\bfamily\\b']","['\\bstudent\\b', '\\bfamily\\b']",[],[],2,0,0,24,,,
The 25-year-old Elementary School tutor is facing charges for assaulting a 7-year-old Baltimore student.  https://t.co/KmuGpfXJQe,The 25-year-old Elementary School tutor is facing charges for assaulting a 7-year-old Baltimore student.,English,left,LeftTroll,,0,IRAhandle_tweets_1.csv,Society & Health,"['\\bschool\\b', '\\bstudent\\b']","['\\bschool\\b', '\\bstudent\\b']",[],[],2,0,0,24,,,
"Middle School Teacher Killed, 4 Injured Tuesday In 3-Car Collision In Pleasanton https://t.co/hxwtxNUNfY https://t.co/QPrDAc8mfh","Middle School Teacher Killed, 4 Injured Tuesday In 3-Car Collision In Pleasanton",English,local,NewsFeed,,0,IRAhandle_tweets_2.csv,Society & Health,"['\\bschool\\b', '\\bteacher\\b']","['\\bschool\\b', '\\bteacher\\b']",[],[],2,0,0,24,,,
Foundation program teaches Denver grade school students language and life skills https://t.co/1OIalCiL1I https://t.co/RB7qWqOyQ8,Foundation program teaches Denver grade school students language and life skills,English,local,NewsFeed,,0,IRAhandle_tweets_2.csv,Society & Health,"['\\bschool\\b', '\\bstudents\\b']","['\\bschool\\b', '\\bstudents\\b']",[],[],2,0,0,24,,,
Family cancels funeral for CSU Bakersfield student after rescue teams ID wrong victim https://t.co/gU0a8jZpUI https://t.co/8ZuMdpidnx,Family cancels funeral for CSU Bakersfield student after rescue teams ID wrong victim,English,local,NewsFeed,,0,IRAhandle_tweets_2.csv,Society & Health,"['\\bstudent\\b', '\\bfamily\\b']","['\\bstudent\\b', '\\bfamily\\b']",[],[],2,0,0,24,,,
BREAKING: High School Student Confronted for Wearing #HillaryForPrison T-Shirt #Infowars https://t.co/twcxrSly5b https://t.co/MxBpuloU1H,BREAKING: High School Student Confronted for Wearing #HillaryForPrison T-Shirt #Infowars,English,Right,RightTroll,RETWEET,1,IRAhandle_tweets_2.csv,Society & Health,"['\\bschool\\b', '\\bstudent\\b']","['\\bschool\\b', '\\bstudent\\b']",[],[],2,0,0,24,,,
"LeBron James announced that his foundation plans to open a public school in his hometown of Akron, Ohio for academically at-risk students https://t.co/lL3jZy8e8e","LeBron James announced that his foundation plans to open a public school in his hometown of Akron, Ohio for academically at-risk students",English,left,LeftTroll,,0,IRAhandle_tweets_1.csv,Society & Health,"['\\bschool\\b', '\\bstudents\\b']","['\\bschool\\b', '\\bstudents\\b']",[],[],2,0,0,24,,,
"me: walking the kids to school, green living, health is wealth  me after 10 minutes: where is my car?","me: walking the kids to school, green living, health is wealth me after 10 minutes: where is my car?",English,left,LeftTroll,RETWEET,1,IRAhandle_tweets_1.csv,Society & Health,"['\\bhealth\\b', '\\bschool\\b']","['\\bhealth\\b', '\\bschool\\b']",[],[],2,0,0,24,,,
"Detroit teens smoke less than other cities, report says: It says 3.4 percent of high school student... https://t.co/80xutlQ9uO #breaking","Detroit teens smoke less than other cities, report says: It says 3.4 percent of high school student... #breaking",English,local,NewsFeed,,0,IRAhandle_tweets_3.csv,Society & Health,"['\\bschool\\b', '\\bstudent\\b']","['\\bschool\\b', '\\bstudent\\b']",[],[],2,0,0,24,,,
"If the Walton family can receive billions in taxpayer subsidies, maybe it's OK for working people to get health care and paid family leave.","If the Walton family can receive billions in taxpayer subsidies, maybe it's OK for working people to get health care and paid family leave.",English,Right,RightTroll,RETWEET,1,IRAhandle_tweets_1.csv,Society & Health,"['\\bhealth\\b', '\\bfamily\\b']","['\\bhealth\\b', '\\bfamily\\b']",[],[],2,0,0,24,,,
Community organizations team up with Paramount  to send thousands of families to see 'Fences' https://t.co/DvmSB7FpDL https://t.co/59VMyTDmzx,Community organizations team up with Paramount to send thousands of families to see 'Fences',English,left,LeftTroll,RETWEET,1,IRAhandle_tweets_4.csv,Society & Health,"['\\bfamilies\\b', '\\bcommunity\\b']","['\\bfamilies\\b', '\\bcommunity\\b']",[],[],2,0,0,24,,,
Wow: Four Schools In London Have Banned Muslim Students From Fasting During Ramadan http://t.co/Fyxz9zb2cd,Wow: Four Schools In London Have Banned Muslim Students From Fasting During Ramadan,English,Right,RightTroll,RETWEET,1,IRAhandle_tweets_1.csv,Society & Health,"['\\bschools\\b', '\\bstudents\\b']","['\\bschools\\b', '\\bstudents\\b']",[],[],2,0,0,24,,,
"In a major win for teachers unions, state Supreme Court lets teacher tenure ruling stand https://t.co/fjAZ699ufG","In a major win for teachers unions, state Supreme Court lets teacher tenure ruling stand",English,local,NewsFeed,,0,IRAhandle_tweets_2.csv,Society & Health,"['\\bteacher\\b', '\\bteachers\\b']","['\\bteacher\\b', '\\bteachers\\b']",[],[],2,0,0,24,,,
Herpes scare: High school wrestler infected with virus urges delay of state championship meet  #SanJose,Herpes scare: High school wrestler infected with virus urges delay of state championship meet #SanJose,English,local,NewsFeed,,0,IRAhandle_tweets_2.csv,Society & Health,"['\\bvirus\\b', '\\bschool\\b']","['\\bvirus\\b', '\\bschool\\b']",[],[],2,0,0,24,,,
Happy Thanksgiving @BenardDreyer My family is in hospital too! Screw this shit! #Walmart #Turkey #USDA #KochFarms https://t.co/IxAx7TDAiR,Happy Thanksgiving My family is in hospital too! Screw this shit! #Walmart #Turkey #USDA #KochFarms,English,Koch,Fearmonger,,0,IRAhandle_tweets_3.csv,Society & Health,"['\\bhospital\\b', '\\bfamily\\b']","['\\bhospital\\b', '\\bfamily\\b']",[],[],2,0,0,24,,,
18-year-old Whittier high school student dies in hiking accident day before graduation https://t.co/gIij3reVuI https://t.co/DNxyCDZmPr,18-year-old Whittier high school student dies in hiking accident day before graduation,English,local,NewsFeed,,0,IRAhandle_tweets_2.csv,Society & Health,"['\\bschool\\b', '\\bstudent\\b']","['\\bschool\\b', '\\bstudent\\b']",[],[],2,0,0,24,,,
New Mexico has outlawed the shaming of children whose parents are behind on school lunch payments https://t.co/caPLQvwgwn,New Mexico has outlawed the shaming of children whose parents are behind on school lunch payments,English,Right,RightTroll,RETWEET,1,IRAhandle_tweets_4.csv,Society & Health,"['\\bschool\\b', '\\bchildren\\b']","['\\bschool\\b', '\\bchildren\\b']",[],[],2,0,0,24,,,
'@BenardDreyer My family is in hospital too! Screw this shit! #Walmart #Turkey #USDA #KochFarms https://t.co/tWF24wxfUw',' My family is in hospital too! Screw this shit! #Walmart #Turkey #USDA #KochFarms,English,Koch,Fearmonger,,0,IRAhandle_tweets_3.csv,Society & Health,"['\\bhospital\\b', '\\bfamily\\b']","['\\bhospital\\b', '\\bfamily\\b']",[],[],2,0,0,24,,,
#health Concussions: Former NFL players sound off on head injuries during East Bay school forum,#health Concussions: Former NFL players sound off on head injuries during East Bay school forum,English,local,NewsFeed,,0,IRAhandle_tweets_2.csv,Society & Health,"['\\bhealth\\b', '\\bschool\\b']","['\\bhealth\\b', '\\bschool\\b']",[],[],2,0,0,24,,,
Teachers on leave for 'Day Without Immigrants' posts reveling in student absences - Washington Times https://t.co/fFgBP3Xiqh,Teachers on leave for 'Day Without Immigrants' posts reveling in student absences - Washington Times,English,Right,RightTroll,RETWEET,1,IRAhandle_tweets_4.csv,Society & Health,"['\\bstudent\\b', '\\bteachers\\b']","['\\bstudent\\b', '\\bteachers\\b']",[],[],2,0,0,24,,,
GOP just voted against CHIP - the health insurance program for children. They just voted to take away coverage from children. #voterama,GOP just voted against CHIP - the health insurance program for children. They just voted to take away coverage from children. #voterama,English,left,LeftTroll,RETWEET,1,IRAhandle_tweets_4.csv,Society & Health,"['\\bhealth\\b', '\\bchildren\\b']","['\\bhealth\\b', '\\bchildren\\b']",[],[],2,0,0,24,,,
This is why we need vouchers! Parents outraged by video of Bangor School staff's   vulgar comments about students https://t.co/lQsvitXho3,This is why we need vouchers! Parents outraged by video of Bangor School staff's vulgar comments about students,English,Right,RightTroll,RETWEET,1,IRAhandle_tweets_4.csv,Society & Health,"['\\bschool\\b', '\\bstudents\\b']","['\\bschool\\b', '\\bstudents\\b']",[],[],2,0,0,24,,,
CPS proposes closing 3 schools that district says have no students enrolled this year https://t.co/5IyZx257XL https://t.co/qP3HVepDkB,CPS proposes closing 3 schools that district says have no students enrolled this year,English,local,NewsFeed,,0,IRAhandle_tweets_2.csv,Society & Health,"['\\bschools\\b', '\\bstudents\\b']","['\\bschools\\b', '\\bstudents\\b']",[],[],2,0,0,24,,,
"Victim dies at Children’s Hospital after southwest Columbus, Ohio shooting, three others injured https://t.co/DrAxpjVUBk","Victim dies at Children’s Hospital after southwest Columbus, Ohio shooting, three others injured",English,local,NewsFeed,,0,IRAhandle_tweets_2.csv,Society & Health,"['\\bhospital\\b', '\\bchildren\\b']","['\\bhospital\\b', '\\bchildren\\b']",[],[],2,0,0,24,,,
"I say it over and over, and I will say it again. Our children know how much we value them by the schools we build for them.  https://t.co/HHxbQkSu1c","I say it over and over, and I will say it again. Our children know how much we value them by the schools we build for them.",English,left,LeftTroll,RETWEET,1,IRAhandle_tweets_4.csv,Society & Health,"['\\bschools\\b', '\\bchildren\\b']","['\\bschools\\b', '\\bchildren\\b']",[],[],2,0,0,24,,,
"Despite protest of teachers union, Baltimore schools to issue layoff notices today https://t.co/8L4z08JmjW","Despite protest of teachers union, Baltimore schools to issue layoff notices today",English,local,NewsFeed,,0,IRAhandle_tweets_1.csv,Society & Health,"['\\bschools\\b', '\\bteachers\\b']","['\\bschools\\b', '\\bteachers\\b']",[],[],2,0,0,24,,,
Arkansas school under fire for requiring only Black students to attend anti-gang assembly  https://t.co/9FTXB19d3p https://t.co/UVof4DImOM,Arkansas school under fire for requiring only Black students to attend anti-gang assembly,English,left,LeftTroll,,0,IRAhandle_tweets_1.csv,Society & Health,"['\\bschool\\b', '\\bstudents\\b']","['\\bschool\\b', '\\bstudents\\b']",[],[],2,0,0,24,,,
“I'll knock your f*ckin' teeth down your throat.” A high school is being investigated for abuses against students. https://t.co/c3Y3j7UqkI,“I'll knock your f*ckin' teeth down your throat.” A high school is being investigated for abuses against students.,English,left,LeftTroll,,0,IRAhandle_tweets_2.csv,Society & Health,"['\\bschool\\b', '\\bstudents\\b']","['\\bschool\\b', '\\bstudents\\b']",[],[],2,0,0,24,,,
Police locate body of a High School student found shot in the front yard of a College ... https://t.co/TeNMWbqVNu https://t.co/tmZ1yJslkI,Police locate body of a High School student found shot in the front yard of a College ...,English,local,NewsFeed,,0,IRAhandle_tweets_1.csv,Society & Health,"['\\bschool\\b', '\\bstudent\\b']","['\\bschool\\b', '\\bstudent\\b']",[],[],2,0,0,24,,,
#Migrant #Calais children arrive in #Ealing and put into foster care. So no family relative??? No Lily Allen fund???  https://t.co/xZh9ULvNxM,#Migrant #Calais children arrive in #Ealing and put into foster care. So no family relative??? No Lily Allen fund???,English,Right,RightTroll,RETWEET,1,IRAhandle_tweets_1.csv,Society & Health,"['\\bchildren\\b', '\\bfamily\\b']","['\\bchildren\\b', '\\bfamily\\b']",[],[],2,0,0,24,,,
"High school student's pig found tortured, hanged on campus in Central California https://t.co/SecVKhTlB7 https://t.co/3s8aFE4K0d","High school student's pig found tortured, hanged on campus in Central California",English,local,NewsFeed,,0,IRAhandle_tweets_2.csv,Society & Health,"['\\bschool\\b', '\\bstudent\\b']","['\\bschool\\b', '\\bstudent\\b']",[],[],2,0,0,24,,,
Students are unhappy with new school regulations that ban natural Black hairstyles.   https://t.co/eWJfsURAXQ https://t.co/GfB3FzLJtu,Students are unhappy with new school regulations that ban natural Black hairstyles.,English,left,LeftTroll,,0,IRAhandle_tweets_1.csv,Society & Health,"['\\bschool\\b', '\\bstudents\\b']","['\\bschool\\b', '\\bstudents\\b']",[],[],2,0,0,24,,,
Public School Children Learn the 5 Pillars of Islam and not the 10 Commandments? https://t.co/943gcHUc96 via @conservativebyt,Public School Children Learn the 5 Pillars of Islam and not the 10 Commandments? via,English,Right,RightTroll,RETWEET,1,IRAhandle_tweets_4.csv,Society & Health,"['\\bschool\\b', '\\bchildren\\b']","['\\bschool\\b', '\\bchildren\\b']",[],[],2,0,0,24,,,
Russian high-school student invents LED ‘mouse-sandal’ for people who have no hands https://t.co/1Ntg599GGA,Russian high-school student invents LED ‘mouse-sandal’ for people who have no hands,English,Russian,NonEnglish,RETWEET,1,IRAhandle_tweets_1.csv,Society & Health,"['\\bschool\\b', '\\bstudent\\b']","['\\bschool\\b', '\\bstudent\\b']",[],[],2,0,0,24,,,
‘It’s my job to save them:’ school bus driver pulls 20 children from burning vehicle. GOD BLESS Renita Smith �� https://t.co/Ze7qKT7Y7h,‘It’s my job to save them:’ school bus driver pulls 20 children from burning vehicle. GOD BLESS Renita Smith ��,English,left,LeftTroll,RETWEET,1,IRAhandle_tweets_1.csv,Society & Health,"['\\bschool\\b', '\\bchildren\\b']","['\\bschool\\b', '\\bchildren\\b']",[],[],2,0,0,24,,,
"More than 2,000 Boston public school students walk out of class to protest budget cuts  https://t.co/TvbtmNXhdR https://t.co/ECvZLtoIqj","More than 2,000 Boston public school students walk out of class to protest budget cuts",English,left,LeftTroll,,0,IRAhandle_tweets_1.csv,Society & Health,"['\\bschool\\b', '\\bstudents\\b']","['\\bschool\\b', '\\bstudents\\b']",[],[],2,0,0,24,,,
'@djolder https://t.co/MJifbgzSoT  A channel centered on helping high school students matriculate to college.   I'd love a RT! #HowardU ✨ https://t.co/DSTW4GfdGm',' A channel centered on helping high school students matriculate to college. I'd love a RT! #HowardU ✨,English,left,LeftTroll,RETWEET,1,IRAhandle_tweets_3.csv,Society & Health,"['\\bschool\\b', '\\bstudents\\b']","['\\bschool\\b', '\\bstudents\\b']",[],[],2,0,0,24,,,
Foke Unemployment falls AGAIN as Britain's jobs market shows no signs of Brexit slowdown https://t.co/5Jnihf4O9v #Foke,Foke Unemployment falls AGAIN as Britain's jobs market shows no signs of Brexit slowdown #Foke,English,news,NewsFeed,,0,IRAhandle_tweets_3.csv,Economy & Business,"['\\bmarket\\b', '\\bjobs\\b']","['\\bmarket\\b', '\\bjobs\\b']",[],[],2,0,0,24,,,
"If one is starting off with only 5 lakh portfolio, should one hold only a couple of stocks?! Trade off between risk 's reward?! @spriyankar","If one is starting off with only 5 lakh portfolio, should one hold only a couple of stocks?! Trade off between risk 's reward?!",English,Commercial,Commercial,,0,IRAhandle_tweets_1.csv,Economy & Business,"['\\bstocks\\b', '\\btrade\\b']","['\\bstocks\\b', '\\btrade\\b']",[],[],2,0,0,24,,,
"The @SenateGOP tax plan will provide middle class families with the tax relief they deserve, create jobs, and grow our economy. Thank you @SenJohnMccain  for supporting #taxcuts! https://t.co/71HKfvAatH","The tax plan will provide middle class families with the tax relief they deserve, create jobs, and grow our economy. Thank you for supporting #taxcuts!",English,Right,RightTroll,RETWEET,1,IRAhandle_tweets_2.csv,Economy & Business,"['\\beconomy\\b', '\\bjobs\\b']","['\\beconomy\\b', '\\bjobs\\b']",[],[],2,0,0,24,,,
Stock market hit yet another all-time record high yesterday. There is great confidence in the moves that my Administration....,Stock market hit yet another all-time record high yesterday. There is great confidence in the moves that my Administration....,English,Right,RightTroll,RETWEET,1,IRAhandle_tweets_2.csv,Economy & Business,"['\\bmarket\\b', '\\bstock\\b']","['\\bmarket\\b', '\\bstock\\b']",[],[],2,0,0,24,,,
Smartest little mac. Kills both my stocks. but kills him self before my last stock is gone. @DiceRetroGamer @Siyana63 http://t.co/3dptgyfDsp,Smartest little mac. Kills both my stocks. but kills him self before my last stock is gone.,English,Commercial,Commercial,,0,IRAhandle_tweets_1.csv,Economy & Business,"['\\bstock\\b', '\\bstocks\\b']","['\\bstock\\b', '\\bstocks\\b']",[],[],2,0,0,24,,,
Panasonic first-quarter profit falls 7 percent as housing tech sales decline  #tech,Panasonic first-quarter profit falls 7 percent as housing tech sales decline #tech,English,news,NewsFeed,,0,IRAhandle_tweets_7.csv,Economy & Business,"['\\bsales\\b', '\\bprofit\\b']","['\\bsales\\b', '\\bprofit\\b']",[],[],2,0,0,24,,,
LIV Sotheby’s International Realty releases mid-year Micro Market Report showing signs of real estate growth con... https://t.co/ABbwZkJT1U https://t.co/KkuZyD5b6U,LIV Sotheby’s International Realty releases mid-year Micro Market Report showing signs of real estate growth con...,English,local,NewsFeed,,0,IRAhandle_tweets_2.csv,Economy & Business,"['\\bmarket\\b', '\\breal estate\\b']","['\\bmarket\\b', '\\breal estate\\b']",[],[],2,0,0,24,,,
Should ABC be Punished for Reporting FAKE NEWS that caused the Stock Market to Tank? https://t.co/Ke0h08V5lz,Should ABC be Punished for Reporting FAKE NEWS that caused the Stock Market to Tank?,English,Right,RightTroll,RETWEET,1,IRAhandle_tweets_2.csv,Economy & Business,"['\\bmarket\\b', '\\bstock\\b']","['\\bmarket\\b', '\\bstock\\b']",[],[],2,0,0,24,,,
Pot-stocks Weekly Webcast Cannabis business news and chart discussion every Saturday QhYTnrwdNp @Potstocks1 http://t.co/yqpd8uFHjo,Pot-stocks Weekly Webcast Cannabis business news and chart discussion every Saturday QhYTnrwdNp,English,Commercial,Commercial,,0,IRAhandle_tweets_1.csv,Economy & Business,"['\\bbusiness\\b', '\\bstocks\\b']","['\\bbusiness\\b', '\\bstocks\\b']",[],[],2,0,0,24,,,
"Job growth to slow in California, but no recession on horizon: forecast https://t.co/mJIEFeNWS3 #business","Job growth to slow in California, but no recession on horizon: forecast #business",English,local,NewsFeed,,0,IRAhandle_tweets_6.csv,Economy & Business,"['\\bbusiness\\b', '\\bjob\\b']","['\\bbusiness\\b', '\\bjob\\b']",[],[],2,0,0,24,,,
Looking for a new job? Four things to know about technology and hiring  #business,Looking for a new job? Four things to know about technology and hiring #business,English,local,NewsFeed,,0,IRAhandle_tweets_6.csv,Economy & Business,"['\\bbusiness\\b', '\\bjob\\b']","['\\bbusiness\\b', '\\bjob\\b']",[],[],2,0,0,24,,,
Market Snapshot U.S stocks set for sharp losses with Greece on brink of default dlvr.itBMNfqX @TopFiveTraders http://t.co/W6tB5yZPxZ,Market Snapshot U.S stocks set for sharp losses with Greece on brink of default dlvr.itBMNfqX,English,Commercial,Commercial,,0,IRAhandle_tweets_1.csv,Economy & Business,"['\\bmarket\\b', '\\bstocks\\b']","['\\bmarket\\b', '\\bstocks\\b']",[],[],2,0,0,24,,,
"#America must embrace #fracking technology as tax cut, defense policy, jobs program, economic stimulus, inflation fighter, OPEC tamer","#America must embrace #fracking technology as tax cut, defense policy, jobs program, economic stimulus, inflation fighter, OPEC tamer",English,left,LeftTroll,RETWEET,1,IRAhandle_tweets_2.csv,Economy & Business,"['\\beconomic\\b', '\\bjobs\\b']","['\\beconomic\\b', '\\bjobs\\b']",[],[],2,0,0,24,,,
Limited stock haha. There gonna go up even more in price soon. Same with the 750s @AdmirM19 @FirstName_Galo @Deeverz http://t.co/YdMeltz51Y,Limited stock haha. There gonna go up even more in price soon. Same with the 750s,English,Commercial,Commercial,,0,IRAhandle_tweets_1.csv,Economy & Business,"['\\bstock\\b', '\\bprice\\b']","['\\bstock\\b', '\\bprice\\b']",[],[],2,0,0,24,,,
"EMERGING MARKETS-Latam currencies, stocks slide after Brexit vote: By Bruno Federowski     SA... https://t.co/qQW7lmOJMU via @josephjett","EMERGING MARKETS-Latam currencies, stocks slide after Brexit vote: By Bruno Federowski SA... via",English,left,LeftTroll,RETWEET,1,IRAhandle_tweets_1.csv,Economy & Business,"['\\bmarkets\\b', '\\bstocks\\b']","['\\bmarkets\\b', '\\bstocks\\b']",[],[],2,0,0,24,,,
PLEASE KINDLY RESTOCK BTS NOW2 ITS ALREADY OUT OF STOCK TOO FAST WE NEED MORE THE STOCKS WERENT ENOUGH PLEASE AND THANKYOU @dunvirkin,PLEASE KINDLY RESTOCK BTS NOW2 ITS ALREADY OUT OF STOCK TOO FAST WE NEED MORE THE STOCKS WERENT ENOUGH PLEASE AND THANKYOU,English,Commercial,Commercial,,0,IRAhandle_tweets_1.csv,Economy & Business,"['\\bstock\\b', '\\bstocks\\b']","['\\bstock\\b', '\\bstocks\\b']",[],[],2,0,0,24,,,
You know you live in the sticks when the rock station on the radio plays the market stocks. @jsndacruz @GNietoNieto http://t.co/mEMPY9yk92,You know you live in the sticks when the rock station on the radio plays the market stocks.,English,Commercial,Commercial,,0,IRAhandle_tweets_1.csv,Economy & Business,"['\\bmarket\\b', '\\bstocks\\b']","['\\bmarket\\b', '\\bstocks\\b']",[],[],2,0,0,24,,,
China stocks extend rout as Shanghai index prepares for bear market - Shanghai China 上海 @ShanghaiBeat @davidymlim83 http://t.co/VMVNh5BpZy,China stocks extend rout as Shanghai index prepares for bear market - Shanghai China 上海,English,Commercial,Commercial,,0,IRAhandle_tweets_1.csv,Economy & Business,"['\\bmarket\\b', '\\bstocks\\b']","['\\bmarket\\b', '\\bstocks\\b']",[],[],2,0,0,24,,,
Kohl's faces a fight as it tries to block key exec from taking new job  #business,Kohl's faces a fight as it tries to block key exec from taking new job #business,English,local,NewsFeed,,0,IRAhandle_tweets_5.csv,Economy & Business,"['\\bbusiness\\b', '\\bjob\\b']","['\\bbusiness\\b', '\\bjob\\b']",[],[],2,0,0,24,,,
"If Trump has no impact on the economy, then why did news about Michael Flynn cause markets to fall? That would seem to indicate that investors have faith in POTUS, and want him to stay in charge.","If Trump has no impact on the economy, then why did news about Michael Flynn cause markets to fall? That would seem to indicate that investors have faith in POTUS, and want him to stay in charge.",English,Right,RightTroll,RETWEET,1,IRAhandle_tweets_2.csv,Economy & Business,"['\\beconomy\\b', '\\bmarkets\\b']","['\\beconomy\\b', '\\bmarkets\\b']",[],[],2,0,0,24,,,
Goo.glMJGKhL China's Tumbling Stocks Are Set to Wallop Economy Or Not - Bloom goo.glkDYIrl @5FingaDiscountz http://t.co/DhBluJoVed,Goo.glMJGKhL China's Tumbling Stocks Are Set to Wallop Economy Or Not - Bloom goo.glkDYIrl,English,Commercial,Commercial,,0,IRAhandle_tweets_1.csv,Economy & Business,"['\\beconomy\\b', '\\bstocks\\b']","['\\beconomy\\b', '\\bstocks\\b']",[],[],2,0,0,24,,,
#mar RT alozrasT: 💥ANOTHER RECORD💥 Stock Market REACHES 8TH straight ALL TIME HIGH  .POTUS  So MUCH #Winning‼️ #RealPresident #MAGA🇺🇸 …,#mar RT alozrasT: 💥ANOTHER RECORD💥 Stock Market REACHES 8TH straight ALL TIME HIGH .POTUS So MUCH #Winning‼️ #RealPresident #MAGA🇺🇸 …,English,Right,RightTroll,,0,IRAhandle_tweets_5.csv,Economy & Business,"['\\bmarket\\b', '\\bstock\\b']","['\\bmarket\\b', '\\bstock\\b']",[],[],2,0,0,24,,,
.@AlvedaCKing: Why didn't Sen Warren read the letter when my aunt Coretta said immigration would be bad for the African-American job market? https://t.co/1kTzEjWXnC,. : Why didn't Sen Warren read the letter when my aunt Coretta said immigration would be bad for the African-American job market?,English,Right,RightTroll,RETWEET,1,IRAhandle_tweets_1.csv,Economy & Business,"['\\bmarket\\b', '\\bjob\\b']","['\\bmarket\\b', '\\bjob\\b']",[],[],2,0,0,24,,,
"Thinkorswimmers - today's Swim Lesson - ""Home on the Range: Trading Stocks that are Channeling"" - 10:30 - noon CT. http://t.co/USKdaGXeHZ","Thinkorswimmers - today's Swim Lesson - ""Home on the Range: Trading Stocks that are Channeling"" - 10:30 - noon CT.",English,Commercial,Commercial,,0,IRAhandle_tweets_1.csv,Economy & Business,"['\\bstocks\\b', '\\btrading\\b']","['\\bstocks\\b', '\\btrading\\b']",[],[],2,0,0,24,,,
Foley & Lardner adapting to technological change and expanding in global economy  #business,Foley & Lardner adapting to technological change and expanding in global economy #business,English,local,NewsFeed,,0,IRAhandle_tweets_5.csv,Economy & Business,"['\\beconomy\\b', '\\bbusiness\\b']","['\\beconomy\\b', '\\bbusiness\\b']",[],[],2,0,0,24,,,
"#top RT LouDobbs: Amazing to Watch! POTUS Keeps His Promises, Brings More and More Jobs and Investment Back to USA… https://t.co/C8hTeIqmT7","#top RT LouDobbs: Amazing to Watch! POTUS Keeps His Promises, Brings More and More Jobs and Investment Back to USA…",English,Right,RightTroll,,0,IRAhandle_tweets_5.csv,Economy & Business,"['\\bjobs\\b', '\\binvestment\\b']","['\\bjobs\\b', '\\binvestment\\b']",[],[],2,0,0,24,,,
Do market/economic forces determine content of gospel music? Do we sing about what sells rather than what's the gospel? #Church2Club,Do market/economic forces determine content of gospel music? Do we sing about what sells rather than what's the gospel? #Church2Club,English,left,LeftTroll,RETWEET,1,IRAhandle_tweets_4.csv,Economy & Business,"['\\beconomic\\b', '\\bmarket\\b']","['\\beconomic\\b', '\\bmarket\\b']",[],[],2,0,0,24,,,
Seattle  WA  Times-Business: Stocks end mostly lower as Greece debt deadline approaches @CNNMoneyInvest @DessTayaban http://t.co/MLikBrwshJ,Seattle WA Times-Business: Stocks end mostly lower as Greece debt deadline approaches,English,Commercial,Commercial,,0,IRAhandle_tweets_1.csv,Economy & Business,"['\\bbusiness\\b', '\\bstocks\\b']","['\\bbusiness\\b', '\\bstocks\\b']",[],[],2,0,0,24,,,
A worthy investment by the Schultz Family Foundation in youth job training  #local,A worthy investment by the Schultz Family Foundation in youth job training #local,English,local,NewsFeed,,0,IRAhandle_tweets_7.csv,Economy & Business,"['\\bjob\\b', '\\binvestment\\b']","['\\bjob\\b', '\\binvestment\\b']",[],[],2,0,0,24,,,
Leaked CIA travel guidelines make good common-sense business travel tips—for spies and sales managers alike https://t.co/BygMOM4DZ5,Leaked CIA travel guidelines make good common-sense business travel tips—for spies and sales managers alike,English,left,LeftTroll,RETWEET,1,IRAhandle_tweets_2.csv,Economy & Business,"['\\bbusiness\\b', '\\bsales\\b']","['\\bbusiness\\b', '\\bsales\\b']",[],[],2,0,0,24,,,
"What The Price by Migos, teaches us about economic growth, hyperinflation &amp; poverty. And y'all still thinking Migos aren't lyrical rappers??","What The Price by Migos, teaches us about economic growth, hyperinflation and poverty. And y'all still thinking Migos aren't lyrical rappers??",English,left,LeftTroll,RETWEET,1,IRAhandle_tweets_6.csv,Economy & Business,"['\\beconomic\\b', '\\bprice\\b']","['\\beconomic\\b', '\\bprice\\b']",[],[],2,0,0,24,,,
"mitchellvii icare4america16 Anything happens to Trump, US businesses won't bode well. Price of gas will skyrocket… https://t.co/yxXfIJRgXS","mitchellvii icare4america16 Anything happens to Trump, US businesses won't bode well. Price of gas will skyrocket…",English,Right,RightTroll,,0,IRAhandle_tweets_2.csv,Economy & Business,"['\\bbusinesses\\b', '\\bprice\\b']","['\\bbusinesses\\b', '\\bprice\\b']",[],[],2,0,0,24,,,
#jobb Wall Street Journal FORCED to Admit Key Trump Jobs Policy is WORKING! https://t.co/nmjoxc1Bzc #job https://t.co/E1r5Uq4K2C,#jobb Wall Street Journal FORCED to Admit Key Trump Jobs Policy is WORKING! #job,English,Right,RightTroll,,0,IRAhandle_tweets_4.csv,Economy & Business,"['\\bjobs\\b', '\\bjob\\b']","['\\bjobs\\b', '\\bjob\\b']",[],[],2,0,0,24,,,
Check out my Sale ?? 1000 business cards $49 ?? https://t.co/mPO5Th8F4J  908-964-7777 ?? SAME DAY Print Avail. https://t.co/mvYqwIjJDN,Check out my Sale ?? 1000 business cards $49 ?? 908-964-7777 ?? SAME DAY Print Avail.,English,left,LeftTroll,RETWEET,1,IRAhandle_tweets_5.csv,Economy & Business,"['\\bbusiness\\b', '\\bsale\\b']","['\\bbusiness\\b', '\\bsale\\b']",[],[],2,0,0,24,,,
http://t.co/OzTwJgv8Pt Be forced into unemployment situations since economy blows and military is the only stable job. @youngsealions,Be forced into unemployment situations since economy blows and military is the only stable job.,English,Commercial,Commercial,,0,IRAhandle_tweets_1.csv,Economy & Business,"['\\beconomy\\b', '\\bjob\\b']","['\\beconomy\\b', '\\bjob\\b']",[],[],2,0,0,24,,,
"""Price and value are not the we're talking about socks or stocks, I like."" -Warren Buffet @StartupSupaStar http://t.co/TRP7ZEMbiq","""Price and value are not the we're talking about socks or stocks, I like."" -Warren Buffet",English,Commercial,Commercial,,0,IRAhandle_tweets_1.csv,Economy & Business,"['\\bstocks\\b', '\\bprice\\b']","['\\bstocks\\b', '\\bprice\\b']",[],[],2,0,0,24,,,
Retail Shift Manager - Retail Shift Lea… job at Pilot Flying J Travel Ce… - Headingley https://t.co/qIoMvooCNX #Indeed #jobs,Retail Shift Manager - Retail Shift Lea… job at Pilot Flying J Travel Ce… - Headingley #Indeed #jobs,English,Right,RightTroll,RETWEET,1,IRAhandle_tweets_5.csv,Economy & Business,"['\\bjobs\\b', '\\bjob\\b']","['\\bjobs\\b', '\\bjob\\b']",[],[],2,0,0,24,,,
"'- In Puerto Rico, there's still no power.  - In Flint, people still drinking led filled water.  - In Baltimore, kids freezing in classrooms without heat.   But please tell me again how much everyone in America gains when stock market goes up. https://t.co/LnSomIPfEv'","'- In Puerto Rico, there's still no power. - In Flint, people still drinking led filled water. - In Baltimore, kids freezing in classrooms without heat. But please tell me again how much everyone in America gains when stock market goes up.",English,left,LeftTroll,,0,IRAhandle_tweets_4.csv,Economy & Business,"['\\bmarket\\b', '\\bstock\\b']","['\\bmarket\\b', '\\bstock\\b']",[],[],2,0,0,24,,,
"For Trump to match Obama's stock market performance, the Dow would have to hit about 50,000 in 2024.","For Trump to match Obama's stock market performance, the Dow would have to hit about 50,000 in 2024.",English,left,LeftTroll,RETWEET,1,IRAhandle_tweets_4.csv,Economy & Business,"['\\bmarket\\b', '\\bstock\\b']","['\\bmarket\\b', '\\bstock\\b']",[],[],2,0,0,24,,,
'@MilwaukeeVoice Milwaukee Electric Tool to add 500 jobs with headquarters expansion  #business',' Milwaukee Electric Tool to add 500 jobs with headquarters expansion #business',English,left,LeftTroll,,0,IRAhandle_tweets_4.csv,Economy & Business,"['\\bbusiness\\b', '\\bjobs\\b']","['\\bbusiness\\b', '\\bjobs\\b']",[],[],2,0,0,24,,,
"As of 1200 noon, market recess, PSEi 7,57213 down 4992 points or 065 percent PSEi stocks @BeTrulyRichClub @weedsglass http://t.co/BKzGoKLTen","As of 1200 noon, market recess, PSEi 7,57213 down 4992 points or 065 percent PSEi stocks",English,Commercial,Commercial,,0,IRAhandle_tweets_1.csv,Economy & Business,"['\\bmarket\\b', '\\bstocks\\b']","['\\bmarket\\b', '\\bstocks\\b']",[],[],2,0,0,24,,,
N.J. lawmakers: 23 cent gas tax hike for road jobs is fair trade for estate tax cut,N.J. lawmakers: 23 cent gas tax hike for road jobs is fair trade for estate tax cut,English,local,NewsFeed,,0,IRAhandle_tweets_6.csv,Economy & Business,"['\\btrade\\b', '\\bjobs\\b']","['\\btrade\\b', '\\bjobs\\b']",[],[],2,0,0,24,,,
"I pay this price for you: Haiti is open for business  May 29, 2011  Written by Ezili Dantò  I pay this price for... https://t.co/BEIbnvUMoi","I pay this price for you: Haiti is open for business May 29, 2011 Written by Ezili Dantò I pay this price for...",English,left,LeftTroll,RETWEET,1,IRAhandle_tweets_1.csv,Economy & Business,"['\\bbusiness\\b', '\\bprice\\b']","['\\bbusiness\\b', '\\bprice\\b']",[],[],2,0,0,24,,,
BREAKING : Pepsi STOCK Plummets After CEO Tells Trump Supporters to “Take Their Business Elsewhere” https://t.co/M6pkK0wTDn https://t.co/jaOCEKI9YT,BREAKING : Pepsi STOCK Plummets After CEO Tells Trump Supporters to “Take Their Business Elsewhere”,English,Right,RightTroll,,0,IRAhandle_tweets_8.csv,Economy & Business,"['\\bbusiness\\b', '\\bstock\\b']","['\\bbusiness\\b', '\\bstock\\b']",[],[],2,0,0,24,,,
Trump 2016: Because Who Needs to Talk About Iran or Black Market Fetus Sales When We Can Talk About Donald Trump #BAM #TRUECON #NORINOS,Trump 2016: Because Who Needs to Talk About Iran or Black Market Fetus Sales When We Can Talk About Donald Trump #BAM #TRUECON #NORINOS,English,Right,RightTroll,RETWEET,1,IRAhandle_tweets_1.csv,Economy & Business,"['\\bmarket\\b', '\\bsales\\b']","['\\bmarket\\b', '\\bsales\\b']",[],[],2,0,0,24,,,
Existing Home Sales Tumble As NAR Warns Prices Becoming Increasingly Unaffordable https://t.co/BfhSJEmDY0,Existing Home Sales Tumble As NAR Warns Prices Becoming Increasingly Unaffordable,English,Right,RightTroll,RETWEET,1,IRAhandle_tweets_4.csv,Economy & Business,"['\\bsales\\b', '\\bprices\\b']","['\\bsales\\b', '\\bprices\\b']",[],[],2,0,0,24,,,
"#mar RT ms_erika74: Businesses bring clean up guys in to do a job, they serve their purpose and then move on. The left is blowing… …","#mar RT ms_erika74: Businesses bring clean up guys in to do a job, they serve their purpose and then move on. The left is blowing… …",English,Right,RightTroll,,0,IRAhandle_tweets_5.csv,Economy & Business,"['\\bbusinesses\\b', '\\bjob\\b']","['\\bbusinesses\\b', '\\bjob\\b']",[],[],2,0,0,24,,,
#Markets ZH: JPMorgan Explains What Causes The Market's 3:30pm Ramp https://t.co/vmQ8Hv0Bxz \| #tcot #PJNET,#Markets ZH: JPMorgan Explains What Causes The Market's 3:30pm Ramp \| #tcot #PJNET,English,Right,RightTroll,RETWEET,1,IRAhandle_tweets_6.csv,Economy & Business,"['\\bmarket\\b', '\\bmarkets\\b']","['\\bmarket\\b', '\\bmarkets\\b']",[],[],2,0,0,24,,,
"#jobb Disgraced Anthony Weiner Paying the Price for Crime, Lies, and Corruption https://t.co/JnntwGJkr7 #job https://t.co/1Uuxy3ZscH","#jobb Disgraced Anthony Weiner Paying the Price for Crime, Lies, and Corruption #job",English,Right,RightTroll,,0,IRAhandle_tweets_4.csv,Economy & Business,"['\\bprice\\b', '\\bjob\\b']","['\\bprice\\b', '\\bjob\\b']",[],[],2,0,0,24,,,
Multiple Driver Positions AVAILABLE NOW… job at Pilot Flying J Travel Ce… - United States https://t.co/lNuuRsiLqd #Indeed #jobs,Multiple Driver Positions AVAILABLE NOW… job at Pilot Flying J Travel Ce… - United States #Indeed #jobs,English,Right,RightTroll,RETWEET,1,IRAhandle_tweets_8.csv,Economy & Business,"['\\bjobs\\b', '\\bjob\\b']","['\\bjobs\\b', '\\bjob\\b']",[],[],2,0,0,24,,,
San Joaquin County real estate agent arrested in alleged phony home buying scheme https://t.co/t9jQSETTVJ #business,San Joaquin County real estate agent arrested in alleged phony home buying scheme #business,English,local,NewsFeed,,0,IRAhandle_tweets_6.csv,Economy & Business,"['\\bbusiness\\b', '\\breal estate\\b']","['\\bbusiness\\b', '\\breal estate\\b']",[],[],2,0,0,24,,,
#mar RT Voices4Humanity: BOOM!💣💥HELLO LIBERAL #NEVERTRUMPERS:) TRUMP TOOTS STOCK MARKET RECORD HIGHS😁GO TRUMP! realDonaldTrump… …,#mar RT Voices4Humanity: BOOM!💣💥HELLO LIBERAL #NEVERTRUMPERS:) TRUMP TOOTS STOCK MARKET RECORD HIGHS😁GO TRUMP! realDonaldTrump… …,English,Right,RightTroll,,0,IRAhandle_tweets_5.csv,Economy & Business,"['\\bmarket\\b', '\\bstock\\b']","['\\bmarket\\b', '\\bstock\\b']",[],[],2,0,0,24,,,
Exclusive: SEC hunts hackers who stole corporate emails to trade stocks: WASHINGTON/SAN FRANCISCO (Reuters) - U.S. securities r...  #tech,Exclusive: SEC hunts hackers who stole corporate emails to trade stocks: WASHINGTON/SAN FRANCISCO (Reuters) - U.S. securities r... #tech,English,news,NewsFeed,,0,IRAhandle_tweets_7.csv,Economy & Business,"['\\bstocks\\b', '\\btrade\\b']","['\\bstocks\\b', '\\btrade\\b']",[],[],2,0,0,24,,,
Report: White Sox’s Asking Price On Chris Sale Starts With Interested Suitors’ No. 1 P... https://t.co/joRXezuOZq https://t.co/6JllNrTZFF,Report: White Sox’s Asking Price On Chris Sale Starts With Interested Suitors’ No. 1 P...,English,local,NewsFeed,,0,IRAhandle_tweets_2.csv,Economy & Business,"['\\bsale\\b', '\\bprice\\b']","['\\bsale\\b', '\\bprice\\b']",[],[],2,0,0,24,,,
BREAKING: The stock market is getting hammered. Down 547 points today and counting. RT if you agree @realDonaldTrump is to blame. https://t.co/QqzdTNLZ9w,BREAKING: The stock market is getting hammered. Down 547 points today and counting. RT if you agree is to blame.,English,Right,RightTroll,,0,IRAhandle_tweets_5.csv,Economy & Business,"['\\bmarket\\b', '\\bstock\\b']","['\\bmarket\\b', '\\bstock\\b']",[],[],2,0,0,24,,,
Crazy part about buying selling and trading stocks is that is just like a damn casino. Russian Roulette to be exact. http://t.co/7YLkn69qWD,Crazy part about buying selling and trading stocks is that is just like a damn casino. Russian Roulette to be exact.,English,Commercial,Commercial,,0,IRAhandle_tweets_1.csv,Economy & Business,"['\\bstocks\\b', '\\btrading\\b']","['\\bstocks\\b', '\\btrading\\b']",[],[],2,0,0,24,,,
"Before the bell TSX, U.S stocks are about to take a dive globeandmail business dld.bzdJkYX @SwiftRealty http://t.co/j95VSQuJvy","Before the bell TSX, U.S stocks are about to take a dive globeandmail business dld.bzdJkYX",English,Commercial,Commercial,,0,IRAhandle_tweets_1.csv,Economy & Business,"['\\bbusiness\\b', '\\bstocks\\b']","['\\bbusiness\\b', '\\bstocks\\b']",[],[],2,0,0,24,,,
"FOR SALE! Huge airplane. Comes with its own private server, glass ceiling & silverware smuggled from the White House. Needs minor paint job. https://t.co/8uGicAyBWE","FOR SALE! Huge airplane. Comes with its own private server, glass ceiling & silverware smuggled from the White House. Needs minor paint job.",English,Right,RightTroll,RETWEET,1,IRAhandle_tweets_3.csv,Economy & Business,"['\\bsale\\b', '\\bjob\\b']","['\\bsale\\b', '\\bjob\\b']",[],[],2,0,0,24,,,
Yahoo! initiated at buy at Mizuho. Price target 51. YHOO 625 close: 41.06 media stocks @bored2tears http://t.co/mcTmbhncxC,Yahoo! initiated at buy at Mizuho. Price target 51. YHOO 625 close: 41.06 media stocks,English,Commercial,Commercial,,0,IRAhandle_tweets_1.csv,Economy & Business,"['\\bstocks\\b', '\\bprice\\b']","['\\bstocks\\b', '\\bprice\\b']",[],[],2,0,0,24,,,
We’re using Baltimore’s economic assets for job creation at all skill levels. http://t.co/G6Pm5nRcEf #GrowingEconomy http://t.co/7QsDKM3WXC,We’re using Baltimore’s economic assets for job creation at all skill levels. #GrowingEconomy,English,left,LeftTroll,RETWEET,1,IRAhandle_tweets_1.csv,Economy & Business,"['\\beconomic\\b', '\\bjob\\b']","['\\beconomic\\b', '\\bjob\\b']",[],[],2,0,0,24,,,
"#chicagodefender If you're a business person and would like to understand the keys to success and economic power,... https://t.co/YKpSL5p0mz","#chicagodefender If you're a business person and would like to understand the keys to success and economic power,...",English,left,LeftTroll,RETWEET,1,IRAhandle_tweets_4.csv,Economy & Business,"['\\beconomic\\b', '\\bbusiness\\b']","['\\beconomic\\b', '\\bbusiness\\b']",[],[],2,0,0,24,,,
"Five Volatility Indexes Rose More Than 30  Today, As Worldwide Stocks and Oil Prices Fell on News Out of Greece @CBOE http://t.co/gtuzM0i8nm","Five Volatility Indexes Rose More Than 30 Today, As Worldwide Stocks and Oil Prices Fell on News Out of Greece",English,Commercial,Commercial,,0,IRAhandle_tweets_1.csv,Economy & Business,"['\\bstocks\\b', '\\bprices\\b']","['\\bstocks\\b', '\\bprices\\b']",[],[],2,0,0,24,,,
"#top RT TrumpTrain45Pac: “We’re setting economic records, jobs are coming pouring back, factories are coming pouring back into our country.…","#top RT TrumpTrain45Pac: “We’re setting economic records, jobs are coming pouring back, factories are coming pouring back into our country.…",English,Right,RightTroll,,0,IRAhandle_tweets_8.csv,Economy & Business,"['\\beconomic\\b', '\\bjobs\\b']","['\\beconomic\\b', '\\bjobs\\b']",[],[],2,0,0,24,,,
"Truly Rich Club The Redder, the Better in the Stock Market – June 2015 investingguide @PinoyAndMoney @intrinio http://t.co/tG4uVDwvXT","Truly Rich Club The Redder, the Better in the Stock Market – June 2015 investingguide",English,Commercial,Commercial,,0,IRAhandle_tweets_1.csv,Economy & Business,"['\\bmarket\\b', '\\bstock\\b']","['\\bmarket\\b', '\\bstock\\b']",[],[],2,0,0,24,,,
The truth is another dip buying opportunity for the stock market. haven't we seen this before sir? @ahkautan http://t.co/4qxXjrKv2t,The truth is another dip buying opportunity for the stock market. haven't we seen this before sir?,English,Commercial,Commercial,,0,IRAhandle_tweets_1.csv,Economy & Business,"['\\bmarket\\b', '\\bstock\\b']","['\\bmarket\\b', '\\bstock\\b']",[],[],2,0,0,24,,,
"Harley-Davidson reports drop in profit for quarter, cites strong U.S. dollar  #business","Harley-Davidson reports drop in profit for quarter, cites strong U.S. dollar #business",English,local,NewsFeed,,0,IRAhandle_tweets_5.csv,Economy & Business,"['\\bbusiness\\b', '\\bprofit\\b']","['\\bbusiness\\b', '\\bprofit\\b']",[],[],2,0,0,24,,,
War has cost $226 billion to #Syria economy: World Bank  https://t.co/jTtV9n4nkM https://t.co/PgbheGIHMS,War has cost $226 billion to #Syria economy: World Bank,English,news,NewsFeed,,0,IRAhandle_tweets_8.csv,Economy & Business,"['\\beconomy\\b', '\\bbank\\b', '\\bworld bank\\b', '\\bbillion\\b']",['\\beconomy\\b'],"['\\bbank\\b', '\\bworld bank\\b', '\\bbillion\\b']",[],1,3,0,24,,,
"AP, other media sue FBI for details on iPhone hacking too https://t.co/LR56fLOuwP #news","AP, other media sue FBI for details on iPhone hacking too #news",English,local,NewsFeed,,0,IRAhandle_tweets_4.csv,Technology & Cyber,"['\\biphone\\b', '\\bhacking\\b']","['\\biphone\\b', '\\bhacking\\b']",[],[],2,0,0,23,,,
"Stocks open higher, led by energy sector as oil price rises https://t.co/m0ALoZc2zC #news","Stocks open higher, led by energy sector as oil price rises #news",English,local,NewsFeed,,0,IRAhandle_tweets_4.csv,Economy & Business,"['\\bstocks\\b', '\\bprice\\b']","['\\bstocks\\b', '\\bprice\\b']",[],[],2,0,0,23,,,
"Macy’s to cut up to 4,800 jobs after weak holiday sales  #news","Macy’s to cut up to 4,800 jobs after weak holiday sales #news",English,local,NewsFeed,,0,IRAhandle_tweets_2.csv,Economy & Business,"['\\bsales\\b', '\\bjobs\\b']","['\\bsales\\b', '\\bjobs\\b']",[],[],2,0,0,23,,,
Abita Brewing going into hard soda market: hard root beer  #business #news,Abita Brewing going into hard soda market: hard root beer #business #news,English,local,NewsFeed,,0,IRAhandle_tweets_8.csv,Economy & Business,"['\\bbusiness\\b', '\\bmarket\\b']","['\\bbusiness\\b', '\\bmarket\\b']",[],[],2,0,0,23,,,
Trade Deal Has Local Steelworkers Worried About Jobs  #news,Trade Deal Has Local Steelworkers Worried About Jobs #news,English,local,NewsFeed,,0,IRAhandle_tweets_8.csv,Economy & Business,"['\\btrade\\b', '\\bjobs\\b']","['\\btrade\\b', '\\bjobs\\b']",[],[],2,0,0,23,,,
"Browns interview McDermott, Jackson for coaching job  #business #news","Browns interview McDermott, Jackson for coaching job #business #news",English,local,NewsFeed,,0,IRAhandle_tweets_8.csv,Economy & Business,"['\\bbusiness\\b', '\\bjob\\b']","['\\bbusiness\\b', '\\bjob\\b']",[],[],2,0,0,23,,,
Attorneys argue over evidence in real estate agent's killing  #business #news,Attorneys argue over evidence in real estate agent's killing #business #news,English,local,NewsFeed,,0,IRAhandle_tweets_8.csv,Economy & Business,"['\\bbusiness\\b', '\\breal estate\\b']","['\\bbusiness\\b', '\\breal estate\\b']",[],[],2,0,0,23,,,
On the Market: Homes for Sale in Brooklyn and Manhattan  #news,On the Market: Homes for Sale in Brooklyn and Manhattan #news,English,Right,RightTroll,RETWEET,1,IRAhandle_tweets_2.csv,Economy & Business,"['\\bmarket\\b', '\\bsale\\b']","['\\bmarket\\b', '\\bsale\\b']",[],[],2,0,0,23,,,
US stocks open slightly higher as crude oil price stabilizes https://t.co/H4mwHxuBLt #news,US stocks open slightly higher as crude oil price stabilizes #news,English,local,NewsFeed,,0,IRAhandle_tweets_7.csv,Economy & Business,"['\\bstocks\\b', '\\bprice\\b']","['\\bstocks\\b', '\\bprice\\b']",[],[],2,0,0,23,,,
GE to add 100 jobs at upstate New York research center  #business #news,GE to add 100 jobs at upstate New York research center #business #news,English,local,NewsFeed,,0,IRAhandle_tweets_8.csv,Economy & Business,"['\\bbusiness\\b', '\\bjobs\\b']","['\\bbusiness\\b', '\\bjobs\\b']",[],[],2,0,0,23,,,
"Hackers Get Lazy, Build Trojan On Top of Android Rooting Utility https://t.co/wX2IeFXp6c","Hackers Get Lazy, Build Trojan On Top of Android Rooting Utility",English,Right,RightTroll,RETWEET,1,IRAhandle_tweets_2.csv,Technology & Cyber,"['\\bandroid\\b', '\\bhackers\\b']","['\\bandroid\\b', '\\bhackers\\b']",[],[],2,0,0,22,,,
FIFA 15 #fifa15 #Android #Gamer #giveaway #indiedev #Download #games #Hacked https://t.co/51nlV1VM2b,FIFA 15 #fifa15 #Android #Gamer #giveaway #indiedev #Download #games #Hacked,English,Right,RightTroll,RETWEET,1,IRAhandle_tweets_1.csv,Technology & Cyber,"['\\bandroid\\b', '\\bhacked\\b']","['\\bandroid\\b', '\\bhacked\\b']",[],[],2,0,0,22,,,
"iOS 10: How to remove built-in apps from iPhone, iPad or iPod touch home screen https://t.co/5Q4BAqJF9c","iOS 10: How to remove built-in apps from iPhone, iPad or iPod touch home screen",English,Right,RightTroll,RETWEET,1,IRAhandle_tweets_1.csv,Technology & Cyber,"['\\biphone\\b', '\\bios\\b']","['\\biphone\\b', '\\bios\\b']",[],[],2,0,0,22,,,
The hacker who took over San Francisco's Muni got hacked \| #IntelGroup  https://t.co/UpMf9MHCzz,The hacker who took over San Francisco's Muni got hacked \| #IntelGroup,English,left,LeftTroll,RETWEET,1,IRAhandle_tweets_1.csv,Technology & Cyber,"['\\bhacker\\b', '\\bhacked\\b']","['\\bhacker\\b', '\\bhacked\\b']",[],[],2,0,0,22,,,
"Bangladesh Bank hackers compromised SWIFT software, warning issued  #tech","Bangladesh Bank hackers compromised SWIFT software, warning issued #tech",English,news,NewsFeed,,0,IRAhandle_tweets_7.csv,Technology & Cyber,"['\\bsoftware\\b', '\\bhackers\\b']","['\\bsoftware\\b', '\\bhackers\\b']",[],[],2,0,0,22,,,
Cybersecurity experts see merit in claims of Russian hacking  #politics,Cybersecurity experts see merit in claims of Russian hacking #politics,English,local,NewsFeed,,0,IRAhandle_tweets_2.csv,Technology & Cyber,"['\\bcybersecurity\\b', '\\bhacking\\b']","['\\bcybersecurity\\b', '\\bhacking\\b']",[],[],2,0,0,22,,,
Five Inmates Built Two PCs and Hacked a Prison From Within 😱 #CyberSecurity @warriors_mom  https://t.co/i1APZzkEiJ,Five Inmates Built Two PCs and Hacked a Prison From Within 😱 #CyberSecurity,English,Right,RightTroll,RETWEET,1,IRAhandle_tweets_4.csv,Technology & Cyber,"['\\bcybersecurity\\b', '\\bhacked\\b']","['\\bcybersecurity\\b', '\\bhacked\\b']",[],[],2,0,0,22,,,
#HolidayInn  #hotels hit by card payment system #Hacked  - https://t.co/U7Z7U2q0LW #CyberSecurity,#HolidayInn #hotels hit by card payment system #Hacked - #CyberSecurity,English,Right,RightTroll,RETWEET,1,IRAhandle_tweets_1.csv,Technology & Cyber,"['\\bcybersecurity\\b', '\\bhacked\\b']","['\\bcybersecurity\\b', '\\bhacked\\b']",[],[],2,0,0,22,,,
Apple working on measures to make it harder for government to hack iPhones: NYT  #tech,Apple working on measures to make it harder for government to hack iPhones: NYT #tech,English,news,NewsFeed,,0,IRAhandle_tweets_7.csv,Technology & Cyber,"['\\biphones\\b', '\\bapple\\b', '\\bhack\\b']",['\\biphones\\b'],"['\\bapple\\b', '\\bhack\\b']",[],1,2,0,22,,,
Google paid Apple $1 billion in 2014 to keep search bar on iPhone: Bloomberg  #tech,Google paid Apple $1 billion in 2014 to keep search bar on iPhone: Bloomberg #tech,English,news,NewsFeed,,0,IRAhandle_tweets_7.csv,Technology & Cyber,"['\\biphone\\b', '\\bapple\\b', '\\bgoogle\\b']",['\\biphone\\b'],"['\\bapple\\b', '\\bgoogle\\b']",[],1,2,0,22,,,
Apple to iPhone users: Phone is yours until you repair it  #news,Apple to iPhone users: Phone is yours until you repair it #news,English,local,NewsFeed,,0,IRAhandle_tweets_6.csv,Technology & Cyber,"['\\biphone\\b', '\\bapple\\b', '\\bphone\\b']",['\\biphone\\b'],"['\\bapple\\b', '\\bphone\\b']",[],1,2,0,21,,,
Hydravid CLOUD Video Marketing Software https://t.co/VH55VFRdSZ,Hydravid CLOUD Video Marketing Software,English,left,LeftTroll,RETWEET,1,IRAhandle_tweets_4.csv,Technology & Cyber,"['\\bsoftware\\b', '\\bcloud\\b']","['\\bsoftware\\b', '\\bcloud\\b']",[],[],2,0,0,20,,,
Why the FBI's hack of Apple iPhone could remain top secret  #crime,Why the FBI's hack of Apple iPhone could remain top secret #crime,English,local,NewsFeed,,0,IRAhandle_tweets_2.csv,Technology & Cyber,"['\\biphone\\b', '\\bapple\\b', '\\bhack\\b']",['\\biphone\\b'],"['\\bapple\\b', '\\bhack\\b']",[],1,2,0,20,,,
Apple iPhone 6 Plus 128GB Factory Unlocked GSM 4G LTE Cell Phone - Space Gray https://t.co/yOc3kyPQ58 https://t.co/yVN1VvdL8Q,Apple iPhone 6 Plus 128GB Factory Unlocked GSM 4G LTE Cell Phone - Space Gray,English,left,LeftTroll,RETWEET,1,IRAhandle_tweets_4.csv,Technology & Cyber,"['\\biphone\\b', '\\bapple\\b', '\\bphone\\b']",['\\biphone\\b'],"['\\bapple\\b', '\\bphone\\b']",[],1,2,0,20,,,
Foke Microsoft's Cortana revealed for Android and Apple devices http://t.co/cEbc94lKs6 #Foke,Foke Microsoft's Cortana revealed for Android and Apple devices #Foke,English,news,NewsFeed,,0,IRAhandle_tweets_3.csv,Technology & Cyber,"['\\bandroid\\b', '\\bapple\\b', '\\bdevices\\b']",['\\bandroid\\b'],"['\\bapple\\b', '\\bdevices\\b']",[],1,2,0,20,,,
We barely just received our 7's in the mail and Apple is already talking about some damn iPhone 8.,We barely just received our 7's in the mail and Apple is already talking about some damn iPhone 8.,English,left,LeftTroll,RETWEET,1,IRAhandle_tweets_7.csv,Technology & Cyber,"['\\biphone\\b', '\\bapple\\b']",['\\biphone\\b'],['\\bapple\\b'],[],1,1,0,18,,,
"GOOGLE BIG DNC/HILLARY DONOR� $100 MILLION�2 DNC LAST YEAR ✔FBI farms DNC server analysis out  to Crowdstrike says ""RUSSIA DID IT"" �BS ��� https://t.co/7PZpdjMxX2","GOOGLE BIG DNC/HILLARY DONOR� $100 MILLION�2 DNC LAST YEAR ✔FBI farms DNC server analysis out to Crowdstrike says ""RUSSIA DID IT"" �BS ���",English,Right,RightTroll,RETWEET,1,IRAhandle_tweets_6.csv,Technology & Cyber,"['\\bserver\\b', '\\bgoogle\\b']",['\\bserver\\b'],['\\bgoogle\\b'],[],1,1,0,18,,,
Is there a privacy screen for the iPhone 7 Plus? I couldn't find one in the Apple Store.,Is there a privacy screen for the iPhone 7 Plus? I couldn't find one in the Apple Store.,English,left,LeftTroll,RETWEET,1,IRAhandle_tweets_2.csv,Technology & Cyber,"['\\biphone\\b', '\\bapple\\b']",['\\biphone\\b'],['\\bapple\\b'],[],1,1,0,18,,,
"No, really, we just wasted 4 years over Hillary's private server and now Prez-Elect Trump is talking to world leaders on his private phone.","No, really, we just wasted 4 years over Hillary's private server and now Prez-Elect Trump is talking to world leaders on his private phone.",English,left,LeftTroll,RETWEET,1,IRAhandle_tweets_7.csv,Technology & Cyber,"['\\bserver\\b', '\\bphone\\b']",['\\bserver\\b'],['\\bphone\\b'],[],1,1,0,18,,,
"Nick Young on his  tweet about bandwagon Warrior fans: ""I think my phone was hacked"" 😂 (via @anthonyVslater) https://t.co/WTvmFWLmex","Nick Young on his tweet about bandwagon Warrior fans: ""I think my phone was hacked"" 😂 (via )",English,left,LeftTroll,RETWEET,1,IRAhandle_tweets_4.csv,Technology & Cyber,"['\\bhacked\\b', '\\bphone\\b']",['\\bhacked\\b'],['\\bphone\\b'],[],1,1,0,18,,,
Foke Apple refused to give customer called Hussain a refund for his £799 iPhone unless he could prove h... https://t.co/PoiGxyXyyi #Foke,Foke Apple refused to give customer called Hussain a refund for his £799 iPhone unless he could prove h... #Foke,English,news,NewsFeed,,0,IRAhandle_tweets_3.csv,Technology & Cyber,"['\\biphone\\b', '\\bapple\\b']",['\\biphone\\b'],['\\bapple\\b'],[],1,1,0,18,,,
Get 2048 Extreme.Swipe numbers together till you get to the 2048 tile #games #apple #iphone  https://t.co/s53vORqu2y https://t.co/S0E2nMA9k4,Get 2048 Extreme.Swipe numbers together till you get to the 2048 tile #games #apple #iphone,English,left,LeftTroll,RETWEET,1,IRAhandle_tweets_1.csv,Technology & Cyber,"['\\biphone\\b', '\\bapple\\b']",['\\biphone\\b'],['\\bapple\\b'],[],1,1,0,18,,,
"Your a jackass. I love the USA. I have been calling for cyber security forever. After the WH, DOD, &amp; State were hacked y didn't they fix it? https://t.co/bEHMNKNRrM","Your a jackass. I love the USA. I have been calling for cyber security forever. After the WH, DOD, and State were hacked y didn't they fix it?",English,Right,RightTroll,RETWEET,1,IRAhandle_tweets_8.csv,Technology & Cyber,"['\\bhacked\\b', '\\bsecurity\\b']",['\\bhacked\\b'],['\\bsecurity\\b'],[],1,1,0,18,,,
"To protect CNN's image, Google removed over 15,000 one-star reviews on the App Store. They thought the world wouldn't notice their cover-up. https://t.co/Fvq1c9yS1R","To protect CNN's image, Google removed over 15,000 one-star reviews on the App Store. They thought the world wouldn't notice their cover-up.",English,Right,RightTroll,RETWEET,1,IRAhandle_tweets_8.csv,Technology & Cyber,"['\\bapp store\\b', '\\bgoogle\\b']",['\\bapp store\\b'],['\\bgoogle\\b'],[],1,1,0,18,,,
#topl RT RichardBejah: #IOS #Apple On managing outrage in Silicon Valley:  I hate sexi.. https://t.co/rAzuNs9tS9 https://t.co/ktslFQdO6d …,#topl RT RichardBejah: #IOS #Apple On managing outrage in Silicon Valley: I hate sexi.. …,English,Right,RightTroll,,0,IRAhandle_tweets_5.csv,Technology & Cyber,"['\\bios\\b', '\\bapple\\b']",['\\bios\\b'],['\\bapple\\b'],[],1,1,0,18,,,
Apple now accepting your banged-up iPhone  #news,Apple now accepting your banged-up iPhone #news,English,local,NewsFeed,,0,IRAhandle_tweets_2.csv,Technology & Cyber,"['\\biphone\\b', '\\bapple\\b']",['\\biphone\\b'],['\\bapple\\b'],[],1,1,0,17,,,
Experts suspect lax security left Anthem vulnerable to hackers  #news,Experts suspect lax security left Anthem vulnerable to hackers #news,English,local,NewsFeed,,0,IRAhandle_tweets_7.csv,Technology & Cyber,"['\\bhackers\\b', '\\bsecurity\\b']",['\\bhackers\\b'],['\\bsecurity\\b'],[],1,1,0,17,,,
U.S. judge expresses doubts over forcing Apple to unlock iPhone  #tech,U.S. judge expresses doubts over forcing Apple to unlock iPhone #tech,English,news,NewsFeed,,0,IRAhandle_tweets_7.csv,Technology & Cyber,"['\\biphone\\b', '\\bapple\\b']",['\\biphone\\b'],['\\bapple\\b'],[],1,1,0,16,,,
Unlocking San Bernardino iPhone would be 'bad for America': Apple CEO  #tech,Unlocking San Bernardino iPhone would be 'bad for America': Apple CEO #tech,English,news,NewsFeed,,0,IRAhandle_tweets_7.csv,Technology & Cyber,"['\\biphone\\b', '\\bapple\\b']",['\\biphone\\b'],['\\bapple\\b'],[],1,1,0,16,,,
"Hacker releases cell phone numbers, personal emails of Hous... https://t.co/wEH5Neq3Xs \| https://t.co/aXQaNDGlF7 https://t.co/cJ831VXqeJ","Hacker releases cell phone numbers, personal emails of Hous... \|",English,local,NewsFeed,,0,IRAhandle_tweets_8.csv,Technology & Cyber,"['\\bhacker\\b', '\\bphone\\b']",['\\bhacker\\b'],['\\bphone\\b'],[],1,1,0,16,,,
Apple ordered to suspend iPhone 6 sales in Beijing  #business,Apple ordered to suspend iPhone 6 sales in Beijing #business,English,local,NewsFeed,,0,IRAhandle_tweets_2.csv,Technology & Cyber,"['\\biphone\\b', '\\bapple\\b']",['\\biphone\\b'],['\\bapple\\b'],[],1,1,0,16,,,
BREAKING: John Kelly’s Personal Cell Phone Hacked and Compromised https://t.co/zNQinmg430,BREAKING: John Kelly’s Personal Cell Phone Hacked and Compromised,English,Right,RightTroll,,0,IRAhandle_tweets_1.csv,Technology & Cyber,"['\\bhacked\\b', '\\bphone\\b']",['\\bhacked\\b'],['\\bphone\\b'],[],1,1,0,16,,,
#TopNews Hired experts back claims St. Jude heart devices can be hacked,#TopNews Hired experts back claims St. Jude heart devices can be hacked,English,news,NewsFeed,,0,IRAhandle_tweets_7.csv,Technology & Cyber,"['\\bhacked\\b', '\\bdevices\\b']",['\\bhacked\\b'],['\\bdevices\\b'],[],1,1,0,16,,,
"U.S. succeeds in cracking Apple's iPhone, drops legal action  #tech","U.S. succeeds in cracking Apple's iPhone, drops legal action #tech",English,news,NewsFeed,,0,IRAhandle_tweets_7.csv,Technology & Cyber,"['\\biphone\\b', '\\bapple\\b']",['\\biphone\\b'],['\\bapple\\b'],[],1,1,0,16,,,
Apple's first battery case gives the iPhone a boost–and a hump https://t.co/GbQXExpspk https://t.co/EjhzeY1HtE,Apple's first battery case gives the iPhone a boost–and a hump,English,Right,RightTroll,RETWEET,1,IRAhandle_tweets_4.csv,Technology & Cyber,"['\\biphone\\b', '\\bapple\\b']",['\\biphone\\b'],['\\bapple\\b'],[],1,1,0,16,,,
"Apple sets March 21 event, Wall Street sees new, smaller iPhone  #tech","Apple sets March 21 event, Wall Street sees new, smaller iPhone #tech",English,news,NewsFeed,,0,IRAhandle_tweets_7.csv,Technology & Cyber,"['\\biphone\\b', '\\bapple\\b']",['\\biphone\\b'],['\\bapple\\b'],[],1,1,0,16,,,
"Apple outlook, profit pleases Wall Street as iPhone sales surge  #tech","Apple outlook, profit pleases Wall Street as iPhone sales surge #tech",English,news,NewsFeed,,0,IRAhandle_tweets_7.csv,Technology & Cyber,"['\\biphone\\b', '\\bapple\\b']",['\\biphone\\b'],['\\bapple\\b'],[],1,1,0,16,,,
Energy sector turns to security firms to stop cyberattacks https://t.co/InuGlFj0lN https://t.co/u3S5qQyNmn,Energy sector turns to security firms to stop cyberattacks,English,local,NewsFeed,,0,IRAhandle_tweets_7.csv,Technology & Cyber,"['\\bcyberattacks\\b', '\\bsecurity\\b']",['\\bcyberattacks\\b'],['\\bsecurity\\b'],[],1,1,0,16,,,
Google hopes license sharing will stop Android patent trolls https://t.co/b4iSBeuaKW,Google hopes license sharing will stop Android patent trolls,English,left,LeftTroll,RETWEET,1,IRAhandle_tweets_7.csv,Technology & Cyber,"['\\bandroid\\b', '\\bgoogle\\b']",['\\bandroid\\b'],['\\bgoogle\\b'],[],1,1,0,16,,,
New iPhone 7 expected to be revealed at Apple event on Sept. 7  #tech,New iPhone 7 expected to be revealed at Apple event on Sept. 7 #tech,English,news,NewsFeed,,0,IRAhandle_tweets_6.csv,Technology & Cyber,"['\\biphone\\b', '\\bapple\\b']",['\\biphone\\b'],['\\bapple\\b'],[],1,1,0,16,,,
"Apple expected to cut iPhone 6S, 6S Plus production: Nikkei  #tech","Apple expected to cut iPhone 6S, 6S Plus production: Nikkei #tech",English,news,NewsFeed,,0,IRAhandle_tweets_7.csv,Technology & Cyber,"['\\biphone\\b', '\\bapple\\b']",['\\biphone\\b'],['\\bapple\\b'],[],1,1,0,16,,,
Apple investors focus on iPhone sales for the holiday quarter  #tech,Apple investors focus on iPhone sales for the holiday quarter #tech,English,news,NewsFeed,,0,IRAhandle_tweets_7.csv,Technology & Cyber,"['\\biphone\\b', '\\bapple\\b']",['\\biphone\\b'],['\\bapple\\b'],[],1,1,0,16,,,
Apple Watch receives first big software update with watchOS2  #NewYork,Apple Watch receives first big software update with watchOS2 #NewYork,English,Right,RightTroll,RETWEET,1,IRAhandle_tweets_1.csv,Technology & Cyber,"['\\bsoftware\\b', '\\bapple\\b']",['\\bsoftware\\b'],['\\bapple\\b'],[],1,1,0,16,,,
#TopNews Privacy groups urge U.S. judge to support Apple in iPhone case,#TopNews Privacy groups urge U.S. judge to support Apple in iPhone case,English,news,NewsFeed,,0,IRAhandle_tweets_7.csv,Technology & Cyber,"['\\biphone\\b', '\\bapple\\b']",['\\biphone\\b'],['\\bapple\\b'],[],1,1,0,16,,,
Apple posts historic drop in iPhone sales; forecast disappoints  #tech,Apple posts historic drop in iPhone sales; forecast disappoints #tech,English,news,NewsFeed,,0,IRAhandle_tweets_7.csv,Technology & Cyber,"['\\biphone\\b', '\\bapple\\b']",['\\biphone\\b'],['\\bapple\\b'],[],1,1,0,16,,,
Apple lists top 25 apps hit by malware  #tech,Apple lists top 25 apps hit by malware #tech,English,news,NewsFeed,,0,IRAhandle_tweets_7.csv,Technology & Cyber,"['\\bmalware\\b', '\\bapple\\b']",['\\bmalware\\b'],['\\bapple\\b'],[],1,1,0,16,,,
"Tech Trends: New Apple ID phishing, texting scam hitting iPhones https://t.co/7eBp4OT3Mv","Tech Trends: New Apple ID phishing, texting scam hitting iPhones",English,local,NewsFeed,,0,IRAhandle_tweets_2.csv,Technology & Cyber,"['\\biphones\\b', '\\bapple\\b']",['\\biphones\\b'],['\\bapple\\b'],[],1,1,0,16,,,
Apple hiding these iPhone tricks from you https://t.co/2I6Mj1B1Lf https://t.co/OV1loGJ85V,Apple hiding these iPhone tricks from you,English,Right,RightTroll,RETWEET,1,IRAhandle_tweets_4.csv,Technology & Cyber,"['\\biphone\\b', '\\bapple\\b']",['\\biphone\\b'],['\\bapple\\b'],[],1,1,0,16,,,
Apple encourages organ-donation registrations via iPhone https://t.co/YjytOTctPg #business,Apple encourages organ-donation registrations via iPhone #business,English,local,NewsFeed,,0,IRAhandle_tweets_6.csv,Technology & Cyber,"['\\biphone\\b', '\\bapple\\b']",['\\biphone\\b'],['\\bapple\\b'],[],1,1,0,16,,,
Google appoints VMware co-founder Greene to run cloud business  #tech,Google appoints VMware co-founder Greene to run cloud business #tech,English,news,NewsFeed,,0,IRAhandle_tweets_7.csv,Technology & Cyber,"['\\bcloud\\b', '\\bgoogle\\b']",['\\bcloud\\b'],['\\bgoogle\\b'],[],1,1,0,16,,,
"Hackers attack Merkel's CDU party, security research firm says  #tech","Hackers attack Merkel's CDU party, security research firm says #tech",English,news,NewsFeed,,0,IRAhandle_tweets_7.csv,Technology & Cyber,"['\\bhackers\\b', '\\bsecurity\\b']",['\\bhackers\\b'],['\\bsecurity\\b'],[],1,1,0,16,,,
Kaspersky Internet Security android app is now available at http://t.co/QzCAjF1KKf repository. http://t.co/tzkxOUCN92,Kaspersky Internet Security android app is now available at repository.,English,Russian,NonEnglish,,0,IRAhandle_tweets_7.csv,Technology & Cyber,"['\\bandroid\\b', '\\bsecurity\\b']",['\\bandroid\\b'],['\\bsecurity\\b'],[],1,1,0,16,,,
Apple releases new open source software for medical apps  #SanJose,Apple releases new open source software for medical apps #SanJose,English,local,NewsFeed,,0,IRAhandle_tweets_2.csv,Technology & Cyber,"['\\bsoftware\\b', '\\bapple\\b']",['\\bsoftware\\b'],['\\bapple\\b'],[],1,1,0,16,,,
Apple financing scheme may unlock U.S. carriers' iPhone plans  #tech,Apple financing scheme may unlock U.S. carriers' iPhone plans #tech,English,news,NewsFeed,,0,IRAhandle_tweets_7.csv,Technology & Cyber,"['\\biphone\\b', '\\bapple\\b']",['\\biphone\\b'],['\\bapple\\b'],[],1,1,0,16,,,
Apple ordered to suspend iPhone 6 sales in Beijing https://t.co/TowGdvRD5X,Apple ordered to suspend iPhone 6 sales in Beijing,English,local,NewsFeed,,0,IRAhandle_tweets_2.csv,Technology & Cyber,"['\\biphone\\b', '\\bapple\\b']",['\\biphone\\b'],['\\bapple\\b'],[],1,1,0,16,,,
iPhone 7 Mini: critics divided on Apple '  s compact iPhone concept,iPhone 7 Mini: critics divided on Apple ' s compact iPhone concept,English,Right,RightTroll,,0,IRAhandle_tweets_7.csv,Technology & Cyber,"['\\biphone\\b', '\\bapple\\b']",['\\biphone\\b'],['\\bapple\\b'],[],1,1,0,16,,,
Apple iPhone unlocking maneuver likely to remain secret  #tech,Apple iPhone unlocking maneuver likely to remain secret #tech,English,news,NewsFeed,,0,IRAhandle_tweets_7.csv,Technology & Cyber,"['\\biphone\\b', '\\bapple\\b']",['\\biphone\\b'],['\\bapple\\b'],[],1,1,0,16,,,
Bangladesh village doctor hacked to death in attack claimed by Islamic State  #world #news,Bangladesh village doctor hacked to death in attack claimed by Islamic State #world #news,English,news,NewsFeed,,0,IRAhandle_tweets_7.csv,Technology & Cyber,['\\bhacked\\b'],['\\bhacked\\b'],[],[],1,0,0,15,,,
Hackers hit Czech billionaire minister's companies to protest gambling law  #world #news,Hackers hit Czech billionaire minister's companies to protest gambling law #world #news,English,news,NewsFeed,,0,IRAhandle_tweets_7.csv,Technology & Cyber,['\\bhackers\\b'],['\\bhackers\\b'],[],[],1,0,0,15,,,
"#IHatePokemonGoBecause SERVER ISSUES, RANDOM FREEZING, THE THREE STEP GLITCH, LACK OF SHINIES, REPETITIVE GAMEPLAY & LACK OF SPECIAL EVENTS","#IHatePokemonGoBecause SERVER ISSUES, RANDOM FREEZING, THE THREE STEP GLITCH, LACK OF SHINIES, REPETITIVE GAMEPLAY & LACK OF SPECIAL EVENTS",English,Hashtager,HashtagGamer,RETWEET,1,IRAhandle_tweets_2.csv,Technology & Cyber,['\\bserver\\b'],['\\bserver\\b'],[],[],1,0,0,14,,,
It is reported today that there is a 99% chance 5 different Foreign Intelligence Agenies accessed Hillary's private server  She's going down,It is reported today that there is a 99% chance 5 different Foreign Intelligence Agenies accessed Hillary's private server She's going down,English,Right,RightTroll,RETWEET,1,IRAhandle_tweets_1.csv,Technology & Cyber,['\\bserver\\b'],['\\bserver\\b'],[],[],1,0,0,14,,,
"After 8 years in office, why was America so easily hacked Obama?  Isn't it your job to prevent that?","After 8 years in office, why was America so easily hacked Obama? Isn't it your job to prevent that?",English,Right,RightTroll,RETWEET,1,IRAhandle_tweets_1.csv,Technology & Cyber,['\\bhacked\\b'],['\\bhacked\\b'],[],[],1,0,0,14,,,
Just catching up: USG “Russian hacker” app evidence…actually made proudly in Ukraine. https://t.co/AtDhR650QQ,Just catching up: USG “Russian hacker” app evidence…actually made proudly in Ukraine.,English,Russian,NonEnglish,RETWEET,1,IRAhandle_tweets_1.csv,Technology & Cyber,['\\bhacker\\b'],['\\bhacker\\b'],[],[],1,0,0,14,,,
https://t.co/mfBjIJYL05 Rewind 07/2017 \| DNC roll out big guns to protect top suspect Imran Awan in hacking scand… https://t.co/I5pvGvjLtD,Rewind 07/2017 \| DNC roll out big guns to protect top suspect Imran Awan in hacking scand…,English,Right,RightTroll,,0,IRAhandle_tweets_2.csv,Technology & Cyber,['\\bhacking\\b'],['\\bhacking\\b'],[],[],1,0,0,14,,,
White House reportedly puts thousands of deportation cases on hold https://t.co/8OjuEo44Y4 via the @FoxNews Android app,White House reportedly puts thousands of deportation cases on hold via the Android app,English,Right,RightTroll,RETWEET,1,IRAhandle_tweets_1.csv,Technology & Cyber,['\\bandroid\\b'],['\\bandroid\\b'],[],[],1,0,0,14,,,
#Cognitive computing  #Memory #IBM #Watson #AI #Analytics #Cloud #zSystems #zOS #LinuxONE #OpenPower #DevOps #IT  https://t.co/pHiId62QiY,#Cognitive computing #Memory #IBM #Watson #AI #Analytics #Cloud #zSystems #zOS #LinuxONE #OpenPower #DevOps #IT,English,Right,RightTroll,RETWEET,1,IRAhandle_tweets_1.csv,Technology & Cyber,['\\bcloud\\b'],['\\bcloud\\b'],[],[],1,0,0,14,,,
Turkish hackers carried out massive #DDoS attack targeting Austrian Foreign Ministry’s website - reports https://t.co/Tnqm9Ucpbq https://t.co/ipYoiTjG0S,Turkish hackers carried out massive #DDoS attack targeting Austrian Foreign Ministry’s website - reports,English,Russian,NonEnglish,RETWEET,1,IRAhandle_tweets_2.csv,Technology & Cyber,['\\bhackers\\b'],['\\bhackers\\b'],[],[],1,0,0,14,,,
Mueller's 'right-hand man' on the Russia probe (Aaron Zebley) represented Clinton IT aide (Justin Cooper) who set up Clinton’s unsecure server &amp; destroyed Clinton's old BlackBerries with a hammer. h/t @NiceDeb https://t.co/aMH9IL9GIt,Mueller's 'right-hand man' on the Russia probe (Aaron Zebley) represented Clinton IT aide (Justin Cooper) who set up Clinton’s unsecure server and destroyed Clinton's old BlackBerries with a hammer. h/t,English,Right,RightTroll,RETWEET,1,IRAhandle_tweets_2.csv,Technology & Cyber,['\\bserver\\b'],['\\bserver\\b'],[],[],1,0,0,14,,,
"Ep 30: up now! Electoral College, Boston Molasses Flood, fake iPhone pranks and @EnChroma   #podcast #PodernFamily    https://t.co/lahaxc8y2N https://t.co/U2J4yqHcJU","Ep 30: up now! Electoral College, Boston Molasses Flood, fake iPhone pranks and #podcast #PodernFamily",English,left,LeftTroll,RETWEET,1,IRAhandle_tweets_2.csv,Technology & Cyber,['\\biphone\\b'],['\\biphone\\b'],[],[],1,0,0,14,,,
"Delusional as usual Obama praises Clinton, blasts Trump at DNC fundraiser in NYC https://t.co/5TVJhADX15 via the @FoxNews Android app","Delusional as usual Obama praises Clinton, blasts Trump at DNC fundraiser in NYC via the Android app",English,Right,RightTroll,RETWEET,1,IRAhandle_tweets_3.csv,Technology & Cyber,['\\bandroid\\b'],['\\bandroid\\b'],[],[],1,0,0,14,,,
Foke Facebook gives rare glimpse inside its gigantic Luleå server farm in Sweden https://t.co/Laj9zF4PEj #Foke,Foke Facebook gives rare glimpse inside its gigantic Luleå server farm in Sweden #Foke,English,news,NewsFeed,,0,IRAhandle_tweets_3.csv,Technology & Cyber,['\\bserver\\b'],['\\bserver\\b'],[],[],1,0,0,14,,,
YTD gains in some cybersecurity stocks are pulling forward a lot of growth from future periods @saumvaish @GapexGroup http://t.co/bWMgm3kOwp,YTD gains in some cybersecurity stocks are pulling forward a lot of growth from future periods,English,Commercial,Commercial,,0,IRAhandle_tweets_1.csv,Technology & Cyber,['\\bcybersecurity\\b'],['\\bcybersecurity\\b'],[],[],1,0,0,14,,,
FARMVILLE 2 #farmville2 #Now #Resources #youtube #giveaway #gaming #indiegame #Hacked https://t.co/JnL3u07zLb,FARMVILLE 2 #farmville2 #Now #Resources #youtube #giveaway #gaming #indiegame #Hacked,English,Right,RightTroll,RETWEET,1,IRAhandle_tweets_1.csv,Technology & Cyber,['\\bhacked\\b'],['\\bhacked\\b'],[],[],1,0,0,14,,,
The Architecture and Art of Egypt (Kemet): The Etching and Encryption of Dynasties I to IV - https://t.co/tJJem30KNL,The Architecture and Art of Egypt (Kemet): The Etching and Encryption of Dynasties I to IV -,English,left,LeftTroll,RETWEET,1,IRAhandle_tweets_3.csv,Technology & Cyber,['\\bencryption\\b'],['\\bencryption\\b'],[],[],1,0,0,14,,,
That's swell.  Brennan FISA Clapper NSA Rice 702 Power Obamagatge Rhodes UNMASKING Awan IT DNC server? Lynch Tarma… https://t.co/5VXKKeB4nt,That's swell. Brennan FISA Clapper NSA Rice 702 Power Obamagatge Rhodes UNMASKING Awan IT DNC server? Lynch Tarma…,English,Right,RightTroll,,0,IRAhandle_tweets_1.csv,Technology & Cyber,['\\bserver\\b'],['\\bserver\\b'],[],[],1,0,0,14,,,
"For real, I haven't been this mad since I found out you can't delete the Stocks app on the iPhone @tankheals http://t.co/aqWu4lwKLn","For real, I haven't been this mad since I found out you can't delete the Stocks app on the iPhone",English,Commercial,Commercial,,0,IRAhandle_tweets_1.csv,Technology & Cyber,['\\biphone\\b'],['\\biphone\\b'],[],[],1,0,0,14,,,
"Using private servers for secret information transfer #MustBeBanned! Oh, wait, it is already banned","Using private servers for secret information transfer #MustBeBanned! Oh, wait, it is already banned",English,Hashtager,HashtagGamer,,0,IRAhandle_tweets_1.csv,Technology & Cyber,['\\bservers\\b'],['\\bservers\\b'],[],[],1,0,0,14,,,
"St. Cloud, MN, chief: Stabbing suspect referred to Allah during attack, was shot by off-duty officer - StarTribune https://t.co/VP587xhbFP","St. Cloud, MN, chief: Stabbing suspect referred to Allah during attack, was shot by off-duty officer - StarTribune",English,Right,RightTroll,RETWEET,1,IRAhandle_tweets_1.csv,Technology & Cyber,['\\bcloud\\b'],['\\bcloud\\b'],[],[],1,0,0,14,,,
Archived HedgeBz \| How your #iPhone could know when you’re in a moving car $AAPL https://t.co/3RZwIrmeOi,Archived HedgeBz \| How your #iPhone could know when you’re in a moving car $AAPL,English,Right,RightTroll,,0,IRAhandle_tweets_2.csv,Technology & Cyber,['\\biphone\\b'],['\\biphone\\b'],[],[],1,0,0,14,,,
'@byrdturgler @kesayers @EL_BEE @Evan_McMullin @SenateMajLdr Everyone knows the DNC was hacked. It's obvious. Wikileaks proves that. Does that make Podestras emails fake? No they did what they did.',' Everyone knows the DNC was hacked. It's obvious. Wikileaks proves that. Does that make Podestras emails fake? No they did what they did.',English,Right,RightTroll,RETWEET,1,IRAhandle_tweets_1.csv,Technology & Cyber,['\\bhacked\\b'],['\\bhacked\\b'],[],[],1,0,0,14,,,
"...that's old news....for #HillaryClinton who thinks her server privacy was in our best interest too, not hers. http://t.co/hEJ3AMW6ND","...that's old news....for #HillaryClinton who thinks her server privacy was in our best interest too, not hers.",English,left,LeftTroll,RETWEET,1,IRAhandle_tweets_2.csv,Technology & Cyber,['\\bserver\\b'],['\\bserver\\b'],[],[],1,0,0,14,,,
#INeedALawyerBecause of the iPhone cookies. Got stopped. Cops have no sense of humor.  . https://t.co/JbpGaWAauM,#INeedALawyerBecause of the iPhone cookies. Got stopped. Cops have no sense of humor. .,English,Hashtager,HashtagGamer,RETWEET,1,IRAhandle_tweets_1.csv,Technology & Cyber,['\\biphone\\b'],['\\biphone\\b'],[],[],1,0,0,14,,,
Trump website hacked by Anonymous. Nicely done. I'm sure there is a lot of interesting info there.  https://t.co/7zOfjI4vfc #BlackLivesMatter,Trump website hacked by Anonymous. Nicely done. I'm sure there is a lot of interesting info there. #BlackLivesMatter,English,left,LeftTroll,,0,IRAhandle_tweets_1.csv,Technology & Cyber,['\\bhacked\\b'],['\\bhacked\\b'],[],[],1,0,0,14,,,
BREAKING� Wikileaks proves #ObamaKnew that Hillary Clinton was using a private email server but he lied to all of us!  Spread it around! https://t.co/e0xaBaNt5w,BREAKING� Wikileaks proves #ObamaKnew that Hillary Clinton was using a private email server but he lied to all of us! Spread it around!,English,left,LeftTroll,RETWEET,1,IRAhandle_tweets_3.csv,Technology & Cyber,['\\bserver\\b'],['\\bserver\\b'],[],[],1,0,0,14,,,
Wow wasn't expecting this... who are you and what have you done with CNN???  I can only assume they have been hacked. Donald Trump -- keeper of promises @CNNPolitics https://t.co/g5dBEVkweK,Wow wasn't expecting this... who are you and what have you done with CNN??? I can only assume they have been hacked. Donald Trump -- keeper of promises,English,Right,RightTroll,RETWEET,1,IRAhandle_tweets_2.csv,Technology & Cyber,['\\bhacked\\b'],['\\bhacked\\b'],[],[],1,0,0,14,,,
Hackers Demonstrate Frightening Ability to Control a Jeep: 'This Is Reality': “This is what everyone who think.. http://t.co/d2AijfUQpj,Hackers Demonstrate Frightening Ability to Control a Jeep: 'This Is Reality': “This is what everyone who think..,English,Right,RightTroll,RETWEET,1,IRAhandle_tweets_1.csv,Technology & Cyber,['\\bhackers\\b'],['\\bhackers\\b'],[],[],1,0,0,14,,,
Trump adviser admits to private communication with account linked to Russian hackers: https://t.co/t6GNafPNLy https://t.co/2pmSlfsIkx,Trump adviser admits to private communication with account linked to Russian hackers:,English,left,LeftTroll,RETWEET,1,IRAhandle_tweets_1.csv,Technology & Cyber,['\\bhackers\\b'],['\\bhackers\\b'],[],[],1,0,0,14,,,
"Liberal Logic:   Blame Russian hackers for #DNCleaks w/ no evidence Refuse to call it islamic terrorism when attackers yell ""Allahu Akbar""","Liberal Logic: Blame Russian hackers for #DNCleaks w/ no evidence Refuse to call it islamic terrorism when attackers yell ""Allahu Akbar""",English,Right,RightTroll,RETWEET,1,IRAhandle_tweets_1.csv,Technology & Cyber,['\\bhackers\\b'],['\\bhackers\\b'],[],[],1,0,0,14,,,
WikiLeaks' #Vault7 reveals that internet routers from US company Cisco are a top target for CIA malware infestation https://t.co/3a5H7BNakD,WikiLeaks' #Vault7 reveals that internet routers from US company Cisco are a top target for CIA malware infestation,English,Right,RightTroll,RETWEET,1,IRAhandle_tweets_1.csv,Technology & Cyber,['\\bmalware\\b'],['\\bmalware\\b'],[],[],1,0,0,14,,,
Chelsea and her friends were shocked when they got a friend text with an image of their server`s Snapchat post. https://t.co/ILsvh5k6En,Chelsea and her friends were shocked when they got a friend text with an image of their server`s Snapchat post.,English,left,LeftTroll,,0,IRAhandle_tweets_1.csv,Technology & Cyber,['\\bserver\\b'],['\\bserver\\b'],[],[],1,0,0,14,,,
FLASHBACK:  Obama Administration Illegally Hacked Into Journalist @SharylAttkisson's Computer &amp; She Filmed It Live https://t.co/FBoF0UynMl,FLASHBACK: Obama Administration Illegally Hacked Into Journalist 's Computer and She Filmed It Live,English,Right,RightTroll,RETWEET,1,IRAhandle_tweets_2.csv,Technology & Cyber,['\\bhacked\\b'],['\\bhacked\\b'],[],[],1,0,0,14,,,
The One Percent is out of control. THEY MUST GO! Hacked email: Bloomberg wanted to be Clinton's secretary of State https://t.co/ZiF23QPegD,The One Percent is out of control. THEY MUST GO! Hacked email: Bloomberg wanted to be Clinton's secretary of State,English,left,LeftTroll,RETWEET,1,IRAhandle_tweets_1.csv,Technology & Cyber,['\\bhacked\\b'],['\\bhacked\\b'],[],[],1,0,0,14,,,
GOP is cucked up. We need a NEW PARTY. MAGA!  Awan IT UNMASKING Lynch Tarmac Huma BleachBit FBI DNC server IRS Com… https://t.co/GJ2TBe1lJr,GOP is cucked up. We need a NEW PARTY. MAGA! Awan IT UNMASKING Lynch Tarmac Huma BleachBit FBI DNC server IRS Com…,English,Right,RightTroll,,0,IRAhandle_tweets_1.csv,Technology & Cyber,['\\bserver\\b'],['\\bserver\\b'],[],[],1,0,0,14,,,
"#Hackers stole personal information from 104,000 #taxpayers, IRS says. But it's not a reason to give up paying #taxes they would say","#Hackers stole personal information from 104,000 #taxpayers, IRS says. But it's not a reason to give up paying #taxes they would say",English,left,LeftTroll,RETWEET,1,IRAhandle_tweets_2.csv,Technology & Cyber,['\\bhackers\\b'],['\\bhackers\\b'],[],[],1,0,0,14,,,
"#INeedALawyerBecause I accidently got an access to Hillary's private server. I just searched for ""the dumbest way to manage emails""","#INeedALawyerBecause I accidently got an access to Hillary's private server. I just searched for ""the dumbest way to manage emails""",English,Hashtager,HashtagGamer,RETWEET,1,IRAhandle_tweets_1.csv,Technology & Cyber,['\\bserver\\b'],['\\bserver\\b'],[],[],1,0,0,14,,,
Chipped nail polish or dirty nails I cannot stand it at all. Especially if your a server. #ThingsThatDisturbMe https://t.co/II7bwjLcmj,Chipped nail polish or dirty nails I cannot stand it at all. Especially if your a server. #ThingsThatDisturbMe,English,Hashtager,HashtagGamer,RETWEET,1,IRAhandle_tweets_2.csv,Technology & Cyber,['\\bserver\\b'],['\\bserver\\b'],[],[],1,0,0,14,,,
#INeedALawyerBecause I got a new Iphone for my birthday and now I'm a porn addict,#INeedALawyerBecause I got a new Iphone for my birthday and now I'm a porn addict,English,Hashtager,HashtagGamer,RETWEET,1,IRAhandle_tweets_2.csv,Technology & Cyber,['\\biphone\\b'],['\\biphone\\b'],[],[],1,0,0,14,,,
Ya think?  Awan IT Uranium1 DNC server? Seth Rich NSA Brennan Rice Power UNMASKING Lynch Tarmac Comey Baker LEAKER… https://t.co/utkNfbpI0W,Ya think? Awan IT Uranium1 DNC server? Seth Rich NSA Brennan Rice Power UNMASKING Lynch Tarmac Comey Baker LEAKER…,English,Right,RightTroll,,0,IRAhandle_tweets_1.csv,Technology & Cyber,['\\bserver\\b'],['\\bserver\\b'],[],[],1,0,0,14,,,
Curated HedgeBz \| The 20-something Who Stopped Global Cyberattack Donates His $10k Reward to Charity https://t.co/iFJOBI5zTB,Curated HedgeBz \| The 20-something Who Stopped Global Cyberattack Donates His $10k Reward to Charity,English,Right,RightTroll,,0,IRAhandle_tweets_2.csv,Technology & Cyber,['\\bcyberattack\\b'],['\\bcyberattack\\b'],[],[],1,0,0,14,,,
"#breaking #LA Hollywood hospital paid $17,000 in bitcoins to hackers who took control of computers https://t.co/FKCbAUD61G","#breaking #LA Hollywood hospital paid $17,000 in bitcoins to hackers who took control of computers",English,local,NewsFeed,,0,IRAhandle_tweets_2.csv,Technology & Cyber,['\\bhackers\\b'],['\\bhackers\\b'],[],[],1,0,0,14,,,
"The only thing Ethereum is the ""bleeding edge"" on is blockchain buzzwords, new ways to violate SEC regulations, and new and creative ways to get hacked and lose people's money. https://t.co/vA9B4GXaZL","The only thing Ethereum is the ""bleeding edge"" on is blockchain buzzwords, new ways to violate SEC regulations, and new and creative ways to get hacked and lose people's money.",English,Right,RightTroll,RETWEET,1,IRAhandle_tweets_2.csv,Technology & Cyber,['\\bhacked\\b'],['\\bhacked\\b'],[],[],1,0,0,14,,,
9 year olds now worry about iPhones and makeup when I was 9 I was worried about If Miley was gonna pick jake or Jessie on Hannah Montana,9 year olds now worry about iPhones and makeup when I was 9 I was worried about If Miley was gonna pick jake or Jessie on Hannah Montana,English,left,LeftTroll,RETWEET,1,IRAhandle_tweets_1.csv,Technology & Cyber,['\\biphones\\b'],['\\biphones\\b'],[],[],1,0,0,14,,,
#Muhammad Would B Proud! UK Muslim wife HACKED 2 death 4 Building Life Outside Home http://t.co/bF2Am8d4Nt  #tcot #p2 http://t.co/5dpock3eRB,#Muhammad Would B Proud! UK Muslim wife HACKED 2 death 4 Building Life Outside Home #tcot #p2,English,Right,RightTroll,RETWEET,1,IRAhandle_tweets_1.csv,Technology & Cyber,['\\bhacked\\b'],['\\bhacked\\b'],[],[],1,0,0,14,,,
FIRE Illegal MUELLER now😠 NO COUP↔ Dems LIED never was RUSSIA⤵FBI didnt check DNC servers metadata proves was a LE… https://t.co/WpEG21n39y,FIRE Illegal MUELLER now😠 NO COUP↔ Dems LIED never was RUSSIA⤵FBI didnt check DNC servers metadata proves was a LE…,English,Right,RightTroll,,0,IRAhandle_tweets_3.csv,Technology & Cyber,['\\bservers\\b'],['\\bservers\\b'],[],[],1,0,0,14,,,
"DailyMotion Allegedly Hacked, 85 Million User Accounts Stolen https://t.co/eoXjqjydhF #hacked #databreach #infosec https://t.co/4pZfoZeNOu","DailyMotion Allegedly Hacked, 85 Million User Accounts Stolen #hacked #databreach #infosec",English,Right,RightTroll,RETWEET,1,IRAhandle_tweets_1.csv,Technology & Cyber,['\\bhacked\\b'],['\\bhacked\\b'],[],[],1,0,0,14,,,
Hacked Pelosi #BlackLivesMatter Emails Expose #Democrats' True Feelings about the movement: https://t.co/BYhi0V8a4v #DCCCleak,Hacked Pelosi #BlackLivesMatter Emails Expose #Democrats' True Feelings about the movement: #DCCCleak,English,Right,RightTroll,RETWEET,1,IRAhandle_tweets_1.csv,Technology & Cyber,['\\bhacked\\b'],['\\bhacked\\b'],[],[],1,0,0,14,,,
"Feds are using a software flawed with racial bias make parole, bail and sentencing decisions  https://t.co/HMIpbHkb3a https://t.co/hce3BflTv3","Feds are using a software flawed with racial bias make parole, bail and sentencing decisions",English,left,LeftTroll,,0,IRAhandle_tweets_2.csv,Technology & Cyber,['\\bsoftware\\b'],['\\bsoftware\\b'],[],[],1,0,0,14,,,
Indian Stock Dow-jones industrial average Trading Software Free Trials Help the Novice Trader bwrg @ClaryWaller http://t.co/MXewR85BcA,Indian Stock Dow-jones industrial average Trading Software Free Trials Help the Novice Trader bwrg,English,Commercial,Commercial,,0,IRAhandle_tweets_1.csv,Technology & Cyber,['\\bsoftware\\b'],['\\bsoftware\\b'],[],[],1,0,0,14,,,
