platform,actor_handle,created_at,text,clean_text,predicted_label,confidence,topic_vector
synthetic,actor_1,2025-01-01,deborah birx white house covid response coordinator say retire comment came day associated press reported traveled state thanksgiving holiday,deborah birx white house covid response coordinator say retire comment came day associated press reported traveled state thanksgiving holiday,Politics & Governance,0.8314639919098797,"[0.03613528787157666, 0.8314639919098797, 0.12382326044002005, 0.0085774597785235]"
synthetic,actor_1,2025-01-01,nancy pelosi never thought pray bush still president house minority leader made declaration mistakenly referring president trump president bush,nancy pelosi never thought pray bush still president house minority leader made declaration mistakenly referring president trump president bush,Politics & Governance,0.9909292512752299,"[0.0024870956680939403, 0.9909292512752299, 0.00579955443265896, 0.0007840986240171966]"
synthetic,actor_1,2025-01-01,read gop controversial secret fisa memo president donald trump ordered release memo despite protest fbi democrat,read gop controversial secret fisa memo president donald trump ordered release memo despite protest fbi democrat,Politics & Governance,0.9973770082790908,"[0.0006802488864203658, 0.9973770082790908, 0.0014707348151308, 0.0004720080193578398]"
synthetic,actor_1,2025-01-01,michigan may allow adoption agency refuse service gay couple,michigan may allow adoption agency refuse service gay couple,Politics & Governance,0.7235268229904818,"[0.05891818548852092, 0.7235268229904818, 0.14666658581716066, 0.07088840570383662]"
synthetic,actor_1,2025-01-01,house republican working plan help puerto rico democrat say gop leader negotiating good faith,house republican working plan help puerto rico democrat say gop leader negotiating good faith,Politics & Governance,0.9965567184739339,"[0.0016798922235345373, 0.9965567184739339, 0.0011240640655015377, 0.0006393252370299657]"
synthetic,actor_1,2025-01-01,democrat sue wisconsin gov scott walker force call special election accuse walker delaying vote fear gop may lose seat,democrat sue wisconsin gov scott walker force call special election accuse walker delaying vote fear gop may lose seat,Politics & Governance,0.9973781802745966,"[0.0005196724680560086, 0.9973781802745966, 0.0017239613594297442, 0.0003781858979175215]"
synthetic,actor_1,2025-01-01,president obama summer playlist think good taste,president obama summer playlist think good taste,Society & Health,0.49700605752757954,"[0.06386800680521429, 0.4264494430428807, 0.49700605752757954, 0.012676492624325483]"
synthetic,actor_1,2025-01-01,friday talking point getting ready obama big speech busy week politics republican new congress began bout legislating president obama ramped agenda preparation next tuesday big speech congress country,friday talking point getting ready obama big speech busy week politics republican new congress began bout legislating president obama ramped agenda preparation next tuesday big speech congress country,Politics & Governance,0.9940677230338832,"[0.0018789535222419153, 0.9940677230338832, 0.0030556189942064476, 0.0009977044496682838]"
synthetic,actor_1,2025-01-01,lee kuan yew legacy say type democracy lky created nurtured stepping prime minister net result economic miracle unrivaled southeast asia punched way weight decade,lee kuan yew legacy say type democracy lky created nurtured stepping prime minister net result economic miracle unrivaled southeast asia punched way weight decade,Politics & Governance,0.8157812640286786,"[0.08110905008067082, 0.8157812640286786, 0.06812007720478723, 0.03498960868586343]"
synthetic,actor_1,2025-01-01,probably surprised bristol palin mad tina fey getting pathetic,probably surprised bristol palin mad tina fey getting pathetic,Society & Health,0.6513160382645728,"[0.03659368394413571, 0.2861525447173047, 0.6513160382645728, 0.025937733073986738]"
synthetic,actor_1,2025-01-01,idaho gov candidate ammon bundy busted protesting police seizure malnourished baby right wing rancher gubernatorial candidate bundy seized public land supporter called baby health treatment medical tyranny,idaho gov candidate ammon bundy busted protesting police seizure malnourished baby right wing rancher gubernatorial candidate bundy seized public land supporter called baby health treatment medical tyranny,Politics & Governance,0.9813613796656403,"[0.005676331596176683, 0.9813613796656403, 0.009092140235154677, 0.003870148503028312]"
synthetic,actor_1,2025-01-01,u evacuate diplomatic staff cuba following mystery ailment still unclear whether embassy personnel targeted injury,u evacuate diplomatic staff cuba following mystery ailment still unclear whether embassy personnel targeted injury,Politics & Governance,0.7995384069247597,"[0.028678653389349572, 0.7995384069247597, 0.14288064129361155, 0.028902298392279285]"
synthetic,actor_1,2025-01-01,duty texas police officer wore pro trump hat problem not take position uniform said san antonio city councilman,duty texas police officer wore pro trump hat problem not take position uniform said san antonio city councilman,Politics & Governance,0.8850000422663612,"[0.00936129960634492, 0.8850000422663612, 0.09967680388422047, 0.005961854243073382]"
synthetic,actor_1,2025-01-01,mcconnell big gamble senate majority leader mitch mcconnell make big legislative throw dice thursday finally unveils,mcconnell big gamble senate majority leader mitch mcconnell make big legislative throw dice thursday finally unveils,Politics & Governance,0.9598075967529796,"[0.01301959714427176, 0.9598075967529796, 0.021389135039036784, 0.005783671063711961]"
synthetic,actor_1,2025-01-01,really important stabilize public debt level suppose entertainment purpose wanted sane rational even informative discussion public deficit debt one automatically default hair fire greece often get deficit reduction industry,really important stabilize public debt level suppose entertainment purpose wanted sane rational even informative discussion public deficit debt one automatically default hair fire greece often get deficit reduction industry,Economy & Business,0.5054725229473569,"[0.5054725229473569, 0.28430246453413177, 0.18971071080399793, 0.020514301714513503]"
synthetic,actor_1,2025-01-01,hugh hewitt backing democrat senate conservative radio host endorsing loretta sanchez california senate race,hugh hewitt backing democrat senate conservative radio host endorsing loretta sanchez california senate race,Politics & Governance,0.9823376823439526,"[0.0016684455824459818, 0.9823376823439526, 0.014418346277588737, 0.0015755257960128391]"
synthetic,actor_1,2025-01-01,huffpollster obama approval rating continues climb receiving highest mark second term,huffpollster obama approval rating continues climb receiving highest mark second term,Politics & Governance,0.8589353775508304,"[0.05691910142657003, 0.8589353775508304, 0.06530740674262678, 0.01883811427997279]"
synthetic,actor_1,2025-01-01,no deal brexit could lead shortage medicine food fuel government report say previously secret document also warn disease outbreak panic buying supermarket huge traffic jam uk leaf eu without deal,no deal brexit could lead shortage medicine food fuel government report say previously secret document also warn disease outbreak panic buying supermarket huge traffic jam uk leaf eu without deal,Politics & Governance,0.7325401024447352,"[0.19948596625969905, 0.7325401024447352, 0.02333800300039581, 0.04463592829516976]"
synthetic,actor_1,2025-01-01,gay right activist scoop domain name indiana lawmaker voted religious freedom bill,gay right activist scoop domain name indiana lawmaker voted religious freedom bill,Politics & Governance,0.9304095433156874,"[0.011408097088589857, 0.9304095433156874, 0.04587098453641771, 0.012311375059305052]"
synthetic,actor_1,2025-01-01,cleveland pass trans friendly bathroom law ahead gop convention city official exactly rolling red carpet republican,cleveland pas trans friendly bathroom law ahead gop convention city official exactly rolling red carpet republican,Politics & Governance,0.952419242925235,"[0.00820957926570739, 0.952419242925235, 0.03607228833324342, 0.003298889475814308]"
synthetic,actor_2,2025-01-01,american believe miracle donald trump sure keep promise,american believe miracle donald trump sure keep promise,Politics & Governance,0.8985013734049628,"[0.007957676004067996, 0.8985013734049628, 0.09006288243140145, 0.0034780681595675245]"
synthetic,actor_2,2025-01-01,isi redrawing iraq map,isi redrawing iraq map,Politics & Governance,0.9674283387407027,"[0.008260567654570157, 0.9674283387407027, 0.01664278821327738, 0.007668305391450075]"
synthetic,actor_2,2025-01-01,huffpollster donald trump might gaining support among republican voter still trail hillary clinton every national poll,huffpollster donald trump might gaining support among republican voter still trail hillary clinton every national poll,Politics & Governance,0.99634853910986,"[0.0003651081646314637, 0.99634853910986, 0.0030715718832417436, 0.0002147808422668347]"
synthetic,actor_2,2025-01-01,louisiana secretary state resigns staffer accuses sexual harassment former executive secretary accused making repeated advance banishing nothing job refused,louisiana secretary state resigns staffer accuses sexual harassment former executive secretary accused making repeated advance banishing nothing job refused,Politics & Governance,0.934968572536696,"[0.047384899930762246, 0.934968572536696, 0.014817155298221907, 0.002829372234319963]"
synthetic,actor_2,2025-01-01,stopped child marriage girl indonesia age sanita stopped child marriage young wed determined stay school understood,stopped child marriage girl indonesia age sanita stopped child marriage young wed determined stay school understood,Politics & Governance,0.6121662896549637,"[0.03905176203472282, 0.6121662896549637, 0.3348051032080661, 0.013976845102247353]"
synthetic,actor_2,2025-01-01,city banishing highway underground building park top capping highway create park also reconnect urban neighborhood sliced apart expressway building boom,city banishing highway underground building park top capping highway create park also reconnect urban neighborhood sliced apart expressway building boom,Society & Health,0.801180356716272,"[0.06484000670866777, 0.1125973002789571, 0.801180356716272, 0.021382336296103113]"
synthetic,actor_2,2025-01-01,pennsylvania republican want democrat state supreme court impeached gerrymandering decision latest state gop attack court integrity,pennsylvania republican want democrat state supreme court impeached gerrymandering decision latest state gop attack court integrity,Politics & Governance,0.9992657438395371,"[0.00040415142634101577, 0.9992657438395371, 0.00020152196220413033, 0.0001285827719175823]"
synthetic,actor_2,2025-01-01,held story u iranian prisoner exchange glad,held story u iranian prisoner exchange glad,Politics & Governance,0.8606852908611986,"[0.025662449031888412, 0.8606852908611986, 0.09239387300168096, 0.02125838710523218]"
synthetic,actor_2,2025-01-01,kid get vaccinated new california law nobody included confident could accomplish law,kid get vaccinated new california law nobody included confident could accomplish law,Politics & Governance,0.816124818754744,"[0.042771924328437745, 0.816124818754744, 0.08299721341158954, 0.05810604350522901]"
synthetic,actor_2,2025-01-01,hillary clinton within striking distance donald trump arizona georgia trump running close race nevada new hampshire,hillary clinton within striking distance donald trump arizona georgia trump running close race nevada new hampshire,Politics & Governance,0.9986473187688917,"[0.00010204428034043975, 0.9986473187688917, 0.001179166591743636, 7.147035902411802e-05]"
synthetic,actor_2,2025-01-01,lesson hopi trump victory say u couple week ago facebook post one hopi law called donald trump tsuku hopi word clown,lesson hopi trump victory say u couple week ago facebook post one hopi law called donald trump tsuku hopi word clown,Politics & Governance,0.9781070820978705,"[0.0035917084829937885, 0.9781070820978705, 0.015206447942872162, 0.003094761476263517]"
synthetic,actor_2,2025-01-01,white house reportedly send pick australia ambassador south korea instead understand sort thing happens australia foreign minister said,white house reportedly send pick australia ambassador south korea instead understand sort thing happens australia foreign minister said,Politics & Governance,0.9523761929844325,"[0.007726781482661325, 0.9523761929844325, 0.03396109942865084, 0.005935926104255317]"
synthetic,actor_2,2025-01-01,democrat duck question sen bob menendez corruption trial let legal process play,democrat duck question sen bob menendez corruption trial let legal process play,Politics & Governance,0.9634726639842466,"[0.007652685035337545, 0.9634726639842466, 0.020703395331513486, 0.008171255648902353]"
synthetic,actor_2,2025-01-01,montana democratic candidate affirms support legalizing marijuana rob quist greg gianforte running special election montana lone house seat clashed televised debate saturday,montana democratic candidate affirms support legalizing marijuana rob quist greg gianforte running special election montana lone house seat clashed televised debate saturday,Politics & Governance,0.9780632805036488,"[0.004542324206775449, 0.9780632805036488, 0.014467927110952572, 0.0029264681786231933]"
synthetic,actor_2,2025-01-01,house republican focus solving problem not hillary clinton guy going investigate comey investigation see come dirt presidential election coarse enough,house republican focus solving problem not hillary clinton guy going investigate comey investigation see come dirt presidential election coarse enough,Politics & Governance,0.9924593456654646,"[0.0034665681149590477, 0.9924593456654646, 0.0032321807206913385, 0.0008419054988850058]"
synthetic,actor_2,2025-01-01,obama going company getting rich offshore earnings,obama going company getting rich offshore earnings,Politics & Governance,0.6659995664463829,"[0.27870776031582556, 0.6659995664463829, 0.02747334825501662, 0.027819324982774826]"
synthetic,actor_2,2025-01-01,technology may prevent trump delivering job promise robot already cost less operate salary human replace getting cheaper better,technology may prevent trump delivering job promise robot already cost less operate salary human replace getting cheaper better,Technology & Cyber,0.5166581250631059,"[0.2198109467185365, 0.24393600233148782, 0.019594925886869737, 0.5166581250631059]"
synthetic,actor_2,2025-01-01,trump go weird riff really democrat party no not,trump go weird riff really democrat party no not,Politics & Governance,0.9500318423975376,"[0.002157115892874067, 0.9500318423975376, 0.045104643634903206, 0.0027063980746852337]"
synthetic,actor_2,2025-01-01,right wing maga artist weird new trump prayer portrait get hilarious makeover jon mcnaughton latest effort brings twitter art critic,right wing maga artist weird new trump prayer portrait get hilarious makeover jon mcnaughton latest effort brings twitter art critic,Politics & Governance,0.6645095327826969,"[0.008301551564785441, 0.6645095327826969, 0.31666183306777634, 0.010527082584741226]"
synthetic,actor_2,2025-01-01,woman leader turning passion action go forth speak work today never know whose dream may carrying let make sure union movement leader elect truly representative people carry dream together,woman leader turning passion action go forth speak work today never know whose dream may carrying let make sure union movement leader elect truly representative people carry dream together,Politics & Governance,0.6109371429575428,"[0.2867748462547858, 0.6109371429575428, 0.07829451285701984, 0.0239934979306516]"
synthetic,actor_3,2025-01-01,rick perry join list official say trump belief climate change energy secretary call intellectual conversation global warming,rick perry join list official say trump belief climate change energy secretary call intellectual conversation global warming,Politics & Governance,0.9894224198169623,"[0.0029393546143228486, 0.9894224198169623, 0.004275445185099673, 0.0033627803836153106]"
synthetic,actor_3,2025-01-01,june job report u economy add job unemployment rate unchanged read entire bls analysis actually growing quite quickly last half year job,june job report u economy add job unemployment rate unchanged read entire bls analysis actually growing quite quickly last half year job,Economy & Business,0.9389713831945802,"[0.9389713831945802, 0.041209351149238654, 0.011990772304276042, 0.007828493351905073]"
synthetic,actor_3,2025-01-01,state dept worker helped clinton set email server take fifth email scandal saga continues,state dept worker helped clinton set email server take fifth email scandal saga continues,Politics & Governance,0.878822241701835,"[0.08834189460691978, 0.878822241701835, 0.022042777667843072, 0.010793086023402192]"
synthetic,actor_3,2025-01-01,new year brings minimum wage hike american state friday increase new average minimum wage across affected state rise hour,new year brings minimum wage hike american state friday increase new average minimum wage across affected state rise hour,Politics & Governance,0.5791020089749459,"[0.391399684466854, 0.5791020089749459, 0.019419099246693588, 0.010079207311506647]"
synthetic,actor_3,2025-01-01,white house responds sexual misconduct allegation roy moore alabama gop senate nominee accused molesting year old girl,white house responds sexual misconduct allegation roy moore alabama gop senate nominee accused molesting year old girl,Politics & Governance,0.9632698602782508,"[0.0014057563146746067, 0.9632698602782508, 0.03417909511120789, 0.0011452882958668273]"
synthetic,actor_3,2025-01-01,photo show sheer devastation kobe quake,photo show sheer devastation kobe quake,Society & Health,0.5770575792997222,"[0.01625059547007611, 0.371003331899664, 0.5770575792997222, 0.03568849333053756]"
synthetic,actor_3,2025-01-01,war cia senate democrat everybody except public entire investigation cia role illegal torture died allegedly senate sergeant arm trust cia cia inspector general find cia accusation democratic led committee based inaccurate information u attorney general asserts cia case committee worth pursuing,war cia senate democrat everybody except public entire investigation cia role illegal torture died allegedly senate sergeant arm trust cia cia inspector general find cia accusation democratic led committee based inaccurate information u attorney general asserts cia case committee worth pursuing,Politics & Governance,0.9984754881185697,"[0.0005483752946561715, 0.9984754881185697, 0.000614831997125646, 0.0003613045896484124]"
synthetic,actor_3,2025-01-01,jon husted v nina turner nonpartisan candidate guide ohio secretary state race looking nonpartisan voter guide jon husted v nina turner secretary state race one give unbiased no spin comparison candidate position key issue campus election engagement project guide give,jon husted v nina turner nonpartisan candidate guide ohio secretary state race looking nonpartisan voter guide jon husted v nina turner secretary state race one give unbiased no spin comparison candidate position key issue campus election engagement project guide give,Politics & Governance,0.9019230254603084,"[0.01074072546930855, 0.9019230254603084, 0.08278626227874071, 0.00454998679164229]"
synthetic,actor_3,2025-01-01,washington day baseball blood brotherhood gunman shot five people practice congressional baseball game annual bipartisan event,washington day baseball blood brotherhood gunman shot five people practice congressional baseball game annual bipartisan event,Politics & Governance,0.6185512836922518,"[0.04071875792906745, 0.6185512836922518, 0.31078756597253376, 0.029942392406146982]"
synthetic,actor_3,2025-01-01,build mobile community building mobile community building community engage interact add value show support group important,build mobile community building mobile community building community engage interact add value show support group important,Politics & Governance,0.46782710313216513,"[0.27087895260102635, 0.46782710313216513, 0.12245929796571171, 0.13883464630109665]"
synthetic,actor_3,2025-01-01,monday morning email everything need know last night oscar best look red carpet,monday morning email everything need know last night oscar best look red carpet,Society & Health,0.7217047679577363,"[0.038928089700165404, 0.22264948853745337, 0.7217047679577363, 0.01671765380464494]"
synthetic,actor_3,2025-01-01,trump delivering politicized judiciary republican dreamed first published boston globe pro trump conservative ignore transcendent unfitness creating,trump delivering politicized judiciary republican dreamed first published boston globe pro trump conservative ignore transcendent unfitness creating,Politics & Governance,0.9865525303824088,"[0.0015672796841871338, 0.9865525303824088, 0.010582195685375835, 0.0012979942480283195]"
synthetic,actor_3,2025-01-01,trump russia probe made thing bit awkward fbi welcomed new bos fbi director christopher wray replaced fired former director james comey said bureau must embrace change,trump russia probe made thing bit awkward fbi welcomed new bos fbi director christopher wray replaced fired former director james comey said bureau must embrace change,Politics & Governance,0.9420025387166132,"[0.012148454524406938, 0.9420025387166132, 0.03803466772752854, 0.007814339031451185]"
synthetic,actor_3,2025-01-01,donald trump admirer spend day jail plot bomb muslim william celli said facebook post would follow trump end world,donald trump admirer spend day jail plot bomb muslim william celli said facebook post would follow trump end world,Politics & Governance,0.9493750830084786,"[0.004075972450049106, 0.9493750830084786, 0.040830378228095564, 0.005718566313376674]"
synthetic,actor_3,2025-01-01,huffpollster brexit poll fared depends survey look telephone poll favored remain internet poll correctly pointed toward win leave,huffpollster brexit poll fared depends survey look telephone poll favored remain internet poll correctly pointed toward win leave,Politics & Governance,0.8510984120510997,"[0.0409458886789849, 0.8510984120510997, 0.06802527058522219, 0.03993042868469319]"
synthetic,actor_3,2025-01-01,truth paul ryan first big test time clich might accurate not,truth paul ryan first big test time clich might accurate not,Politics & Governance,0.6999551935298308,"[0.059067338665035794, 0.6999551935298308, 0.21127075093083864, 0.029706716874294867]"
synthetic,actor_3,2025-01-01,extorting coercion economist feb cover displayed venus de milo statue pointing revolver headline go ahead angela make day editor upside world greece threatening europe least germany really,extorting coercion economist feb cover displayed venus de milo statue pointing revolver headline go ahead angela make day editor upside world greece threatening europe least germany really,Politics & Governance,0.4585634402097399,"[0.11516925100951826, 0.4585634402097399, 0.3938135181924438, 0.032453790588298]"
synthetic,actor_3,2025-01-01,rep adam kinzinger rip gop party lie conspiracy dishonesty seen momentum party move away lie towards truth said republican recently announced seek reelection,rep adam kinzinger rip gop party lie conspiracy dishonesty seen momentum party move away lie towards truth said republican recently announced seek reelection,Politics & Governance,0.9627437301093034,"[0.01112109080728422, 0.9627437301093034, 0.021277450726515185, 0.004857728356897278]"
synthetic,actor_3,2025-01-01,east coast republican slam trump administration offshore drilling plan florida sen marco rubio gov rick scott among first criticize proposal,east coast republican slam trump administration offshore drilling plan florida sen marco rubio gov rick scott among first criticize proposal,Politics & Governance,0.9987749186642597,"[0.000285646863689053, 0.9987749186642597, 0.0007172949198386191, 0.00022213955221233057]"
synthetic,actor_3,2025-01-01,become global citizen year world leader agree pathway sustainable development global citizen taking challenge make sure known throughout world acted going hear knowledgeable culturally relevant people subject create dialogue challenge solution done term national development,become global citizen year world leader agree pathway sustainable development global citizen taking challenge make sure known throughout world acted going hear knowledgeable culturally relevant people subject create dialogue challenge solution done term national development,Politics & Governance,0.7271679797791677,"[0.13406446286283555, 0.7271679797791677, 0.08370576982719305, 0.05506178753080377]"
synthetic,actor_4,2025-01-01,virgin galactic spaceshiptwo space plane go supersonic third test flight video photo virgin galactic spaceshiptwo flight show view aft private space plane made third supersonic,virgin galactic spaceshiptwo space plane go supersonic third test flight video photo virgin galactic spaceshiptwo flight show view aft private space plane made third supersonic,Society & Health,0.6801672151197923,"[0.034989283134145614, 0.024746729874379925, 0.6801672151197923, 0.2600967718716823]"
synthetic,actor_4,2025-01-01,big short director adam mckay hollywood liberal make money,big short director adam mckay hollywood liberal make money,Society & Health,0.687863011051094,"[0.09346647259176208, 0.19988124624652778, 0.687863011051094, 0.01878927011061592]"
synthetic,actor_4,2025-01-01,biden giving gun control negotiator space president boasted deal making ability backed away day day congressional action key issue,biden giving gun control negotiator space president boasted deal making ability backed away day day congressional action key issue,Politics & Governance,0.9184499925356832,"[0.036406091625444545, 0.9184499925356832, 0.008532575444755157, 0.036611340394117044]"
synthetic,actor_4,2025-01-01,kevin bacon come talk text movie drop phone put hand air,kevin bacon come talk text movie drop phone put hand air,Society & Health,0.8634946642447596,"[0.023989088177913048, 0.04547248137365232, 0.8634946642447596, 0.06704376620367494]"
synthetic,actor_4,2025-01-01,adam sandler red carpet date year old doppelg nger related,adam sandler red carpet date year old doppelg nger related,Society & Health,0.9395625072411986,"[0.02114291080469997, 0.027056518682236054, 0.9395625072411986, 0.012238063271865418]"
synthetic,actor_4,2025-01-01,dark side guardian comment comment allow reader respond article instantly asking question pointing error giving new lead,dark side guardian comment comment allow reader respond article instantly asking question pointing error giving new lead,Society & Health,0.39778816664804706,"[0.16509563050848927, 0.22095821339978255, 0.39778816664804706, 0.21615798944368114]"
synthetic,actor_4,2025-01-01,sarah michelle gellar rap cinderella princess rap battle,sarah michelle gellar rap cinderella princess rap battle,Society & Health,0.9226486426397309,"[0.010837854945848865, 0.05454212898575772, 0.9226486426397309, 0.011971373428662438]"
synthetic,actor_4,2025-01-01,plan next great adventure part completed round world trip across continent country city getting ready hop around latin america couple month learned best practice make planning phase smoother less pull hair experience,plan next great adventure part completed round world trip across continent country city getting ready hop around latin america couple month learned best practice make planning phase smoother less pull hair experience,Society & Health,0.924602141939591,"[0.03000545388320957, 0.03910117109551165, 0.924602141939591, 0.006291233081687668]"
synthetic,actor_4,2025-01-01,read tech ceo moving martin luther king tribute u people,read tech ceo moving martin luther king tribute u people,Technology & Cyber,0.37733858269269877,"[0.25700311456613856, 0.20364535832817385, 0.1620129444129888, 0.37733858269269877]"
synthetic,actor_4,2025-01-01,couple want lean together need employer change,couple want lean together need employer change,Economy & Business,0.4195343442466414,"[0.4195343442466414, 0.3600503401729997, 0.19172194700693795, 0.028693368573420905]"
synthetic,actor_4,2025-01-01,iran jail blogger year iranian weblogger jailed year charge spying aiding foreign counter revolutionary arash sigarchi arrested last month using blog criticise arrest online journalist mr sigarchi also edits newspaper northern iran sentenced revolutionary court gilan area sentence criticised human right watchdog reporter without border come day online day action secure release iranian authority recently clamped growing popularity weblogs restricting access major blogging site within iran second iranian blogger motjaba saminejad also used website report blogger arrest still held spokesman reporter without border track press freedom across globe described mr sigarchi sentence harsh called iranian president mohammed khatami work secure immediate release authority trying make example organisation said statement handing harsh sentence weblogger aim dissuade journalist internet user expressing online contacting foreign medium day arrest mr sigarchi gave interview bbc persian service u funded radio farda iranian authority arrested online journalist current crackdown accused mr sigarchi string crime iranian state including espionage insulting founder iran islamic republic ayatollah ruhollah khomenei current supreme leader ayatollah ali khamenei mr sigarchi lawyer labelled revolutionary court illegal incompetent called retrial public court mr sigarchi sentenced one day online campaign highlighted case day action defence blogger around world committee protect blogger designated february free mojtaba arash day around people visited campaign website day user based iran campaign director told bbc news website curt hopkins said mr sigarchi sentence would not dent resolve blogger joining campaign help highlight case eye million blogger going focused iran since sigarchi sentence not less mullah able make move without spread across blogosphere,iran jail blogger year iranian weblogger jailed year charge spying aiding foreign counter revolutionary arash sigarchi arrested last month using blog criticise arrest online journalist mr sigarchi also edits newspaper northern iran sentenced revolutionary court gilan area sentence criticised human right watchdog reporter without border come day online day action secure release iranian authority recently clamped growing popularity weblogs restricting access major blogging site within iran second iranian blogger motjaba saminejad also used website report blogger arrest still held spokesman reporter without border track press freedom across globe described mr sigarchi sentence harsh called iranian president mohammed khatami work secure immediate release authority trying make example organisation said statement handing harsh sentence weblogger aim dissuade journalist internet user expressing online contacting foreign medium day arrest mr sigarchi gave interview bbc persian service u funded radio farda iranian authority arrested online journalist current crackdown accused mr sigarchi string crime iranian state including espionage insulting founder iran islamic republic ayatollah ruhollah khomenei current supreme leader ayatollah ali khamenei mr sigarchi lawyer labelled revolutionary court illegal incompetent called retrial public court mr sigarchi sentenced one day online campaign highlighted case day action defence blogger around world committee protect blogger designated february free mojtaba arash day around people visited campaign website day user based iran campaign director told bbc news website curt hopkins said mr sigarchi sentence would not dent resolve blogger joining campaign help highlight case eye million blogger going focused iran since sigarchi sentence not less mullah able make move without spread across blogosphere,Politics & Governance,0.8126764135433137,"[0.0295343947091423, 0.8126764135433137, 0.01717154910835655, 0.14061764263918758]"
synthetic,actor_4,2025-01-01,bachelorette finale showcase emily maynard best worst fashion photo want sure check huffpost style twitter facebook tumblr pinterest emily maynard chosen,bachelorette finale showcase emily maynard best worst fashion photo want sure check huffpost style twitter facebook tumblr pinterest emily maynard chosen,Society & Health,0.9975246515246808,"[0.0007754008654253119, 0.0007089568020076082, 0.9975246515246808, 0.0009909908078860935]"
synthetic,actor_4,2025-01-01,habit people make thing happen people get thing done willing embrace suck keep coming back,habit people make thing happen people get thing done willing embrace suck keep coming back,Economy & Business,0.45140630472247756,"[0.45140630472247756, 0.12227210455316852, 0.3728401987651626, 0.05348139195919145]"
synthetic,actor_4,2025-01-01,russia eye lure chinese tourist,russia eye lure chinese tourist,Society & Health,0.6931603105696271,"[0.015586382579844077, 0.2763939507858524, 0.6931603105696271, 0.01485935606467646]"
synthetic,actor_4,2025-01-01,williamsburg virginia lure history buff spa babe,williamsburg virginia lure history buff spa babe,Society & Health,0.5558046901158554,"[0.05797285812512828, 0.36049897982390267, 0.5558046901158554, 0.02572347193511377]"
synthetic,actor_4,2025-01-01,trump eye warmer tie china congressional delegation visit dalai lama trip likely rile beijing regard dangerous splittist,trump eye warmer tie china congressional delegation visit dalai lama trip likely rile beijing regard dangerous splittist,Politics & Governance,0.9020965694709588,"[0.005721786572497197, 0.9020965694709588, 0.08809377074939873, 0.004087873207145248]"
synthetic,actor_4,2025-01-01,aaron paul wife lauren parsekian expecting first child breaking dad,aaron paul wife lauren parsekian expecting first child breaking dad,Society & Health,0.8700232399524026,"[0.013313931385860619, 0.1055936016759129, 0.8700232399524026, 0.011069226985823815]"
synthetic,actor_4,2025-01-01,fox news doctor ben carson right gun holocaust mindset jew surrendered gun far important hardware turned,fox news doctor ben carson right gun holocaust mindset jew surrendered gun far important hardware turned,Politics & Governance,0.9703437602996594,"[0.010808551942718079, 0.9703437602996594, 0.014644387496934438, 0.0042033002606879834]"
synthetic,actor_4,2025-01-01,singapore memorable street food prime example peranakan cuisine also known nonya mix chinese malaysian flavor laksa rich noodle soup spicy coconut milk broth thick rice noodle,singapore memorable street food prime example peranakan cuisine also known nonya mix chinese malaysian flavor laksa rich noodle soup spicy coconut milk broth thick rice noodle,Society & Health,0.7421751021216871,"[0.09638853278624353, 0.1301718633382071, 0.7421751021216871, 0.03126450175386234]"
synthetic,actor_4,2025-01-01,google driverless car division go hiring spree happening people,google driverless car division go hiring spree happening people,Technology & Cyber,0.6929482707247248,"[0.16847240389975265, 0.05805855293510343, 0.0805207724404192, 0.6929482707247248]"
synthetic,actor_5,2025-01-01,swap offer pirated window xp computer giant microsoft launched pilot scheme replace counterfeit version window xp legal one first time initiative restricted uk user pre installed copy operating system pc bought november december microsoft said software sent analysis doubt legitimacy company aim detect illegal trader turn user fake version window legitimate one window xp counterfeit project mean software found counterfeit replaced free subject certain condition end year first time microsoft launched counterfeit product replacement scheme world company told bbc news website june software giant said major security update window xp service pack would not work widely pirated version operating system upgrade closed security loophole xp added feature made easier keep machine safe virus type malicious computer code u company invited anyone suspicion version window xp submit testing soon possible procedure consists series computer check collating document filling witness statement great opportunity user confirm authenticity window xp software whilst helping gather vital information illegal trader said alex hilton licence compliance manager microsoft scheme also welcomed technology commerce industry important user ensure legally licensed avoid risk purchasing using counterfeit product said david frost director general british chamber commerce plan would enable microsoft gather intelligence illegal trader prompt way would allow take action software pirate microsoft said would evaluate result uk programme setting similar scheme country,swap offer pirated window xp computer giant microsoft launched pilot scheme replace counterfeit version window xp legal one first time initiative restricted uk user pre installed copy operating system pc bought november december microsoft said software sent analysis doubt legitimacy company aim detect illegal trader turn user fake version window legitimate one window xp counterfeit project mean software found counterfeit replaced free subject certain condition end year first time microsoft launched counterfeit product replacement scheme world company told bbc news website june software giant said major security update window xp service pack would not work widely pirated version operating system upgrade closed security loophole xp added feature made easier keep machine safe virus type malicious computer code u company invited anyone suspicion version window xp submit testing soon possible procedure consists series computer check collating document filling witness statement great opportunity user confirm authenticity window xp software whilst helping gather vital information illegal trader said alex hilton licence compliance manager microsoft scheme also welcomed technology commerce industry important user ensure legally licensed avoid risk purchasing using counterfeit product said david frost director general british chamber commerce plan would enable microsoft gather intelligence illegal trader prompt way would allow take action software pirate microsoft said would evaluate result uk programme setting similar scheme country,Technology & Cyber,0.9428334963688252,"[0.036335338965611474, 0.013748836537767536, 0.007082328127795768, 0.9428334963688252]"
synthetic,actor_5,2025-01-01,saving cherished national pastime global war terror popular engagement country misadventure abroad used salute uniformed serviceman lack enthusiasm used heyday war terror suggestion impart new energy america war,saving cherished national pastime global war terror popular engagement country misadventure abroad used salute uniformed serviceman lack enthusiasm used heyday war terror suggestion impart new energy america war,Politics & Governance,0.9435864921220704,"[0.015292795471996863, 0.9435864921220704, 0.0286241014122225, 0.012496610993710208]"
synthetic,actor_5,2025-01-01,make face mask juice sugar yes really video sound strange alpha hydroxy acid aha mask known smooth brighten skin thanks natural,make face mask juice sugar yes really video sound strange alpha hydroxy acid aha mask known smooth brighten skin thanks natural,Society & Health,0.9235937603787536,"[0.016553559268454972, 0.02487583053134567, 0.9235937603787536, 0.03497684982144576]"
synthetic,actor_5,2025-01-01,jerusalem ein kerem artist hidden courtyard walkway take day beautiful ein kerem get know many shade meet artist shop restaurant create exceptional mosaic village,jerusalem ein kerem artist hidden courtyard walkway take day beautiful ein kerem get know many shade meet artist shop restaurant create exceptional mosaic village,Society & Health,0.8796571768750602,"[0.06509782329317584, 0.03460467155097729, 0.8796571768750602, 0.02064032828078673]"
synthetic,actor_5,2025-01-01,airline work together declare war cyber attacker protecting industry cyber threat hard probably one hardest thing facing not know facing prepare,airline work together declare war cyber attacker protecting industry cyber threat hard probably one hardest thing facing not know facing prepare,Politics & Governance,0.3923353686950552,"[0.19216524118347555, 0.3923353686950552, 0.27234546811426075, 0.14315392200720853]"
synthetic,actor_5,2025-01-01,consumer lose rigged wireless auction picking winner loser bad policy instead policy empower consumer freely choose service service provider want competition not improved rule limit auction participation restrict spectrum create shortage raise consumer price,consumer lose rigged wireless auction picking winner loser bad policy instead policy empower consumer freely choose service service provider want competition not improved rule limit auction participation restrict spectrum create shortage raise consumer price,Economy & Business,0.6419262158647262,"[0.6419262158647262, 0.14370519882598595, 0.01965549774813421, 0.19471308756115357]"
synthetic,actor_5,2025-01-01,national park view not missed photo america national park offer gorgeous scenery country yellowstone florida favorite view,national park view not missed photo america national park offer gorgeous scenery country yellowstone florida favorite view,Society & Health,0.9209115805330249,"[0.006059784215733948, 0.06789603998983504, 0.9209115805330249, 0.0051325952614062085]"
synthetic,actor_5,2025-01-01,mega million lottery someone got ta win read wrote book called son son gambler winner loser win lottery whenever jackpot hit record high like mega million lottery last week book climb top amazon chart boil advice five point,mega million lottery someone got ta win read wrote book called son son gambler winner loser win lottery whenever jackpot hit record high like mega million lottery last week book climb top amazon chart boil advice five point,Economy & Business,0.8491273457211217,"[0.8491273457211217, 0.023532506467206334, 0.11018946354253951, 0.017150684269132518]"
synthetic,actor_5,2025-01-01,edward snowden prosecuting nsa leaker threatens free press snowden said reality winner treatment bad news first amendment,edward snowden prosecuting nsa leaker threatens free press snowden said reality winner treatment bad news first amendment,Politics & Governance,0.8829848544491156,"[0.029612300358095416, 0.8829848544491156, 0.046715578102215445, 0.0406872670905736]"
synthetic,actor_5,2025-01-01,tokyo olympics ban spectator abroad covid fear official said risk great admit ticket holder overseas coronavirus pandemic,tokyo olympics ban spectator abroad covid fear official said risk great admit ticket holder overseas coronavirus pandemic,Politics & Governance,0.7802275474144811,"[0.021282053574278207, 0.7802275474144811, 0.19090868950843023, 0.007581709502810577]"
synthetic,actor_5,2025-01-01,cere four mile tall pyramid closer ever still puzzling mountain formed not yet understood big big mystery u right,cere four mile tall pyramid closer ever still puzzling mountain formed not yet understood big big mystery u right,Society & Health,0.6097693211671067,"[0.08285599499339966, 0.12354776113335765, 0.6097693211671067, 0.1838269227061359]"
synthetic,actor_5,2025-01-01,birth control emoji two woman decided time one,birth control emoji two woman decided time one,Politics & Governance,0.46412403095743493,"[0.13043199349926715, 0.46412403095743493, 0.21454054830027278, 0.19090342724302523]"
synthetic,actor_5,2025-01-01,palestinian leader say still committed talk israel,palestinian leader say still committed talk israel,Politics & Governance,0.9320050906629531,"[0.0257854214172923, 0.9320050906629531, 0.03274541762439434, 0.009464070295360387]"
synthetic,actor_5,2025-01-01,orrin hatch think john mccain wish funeral without donald trump ridiculous utah senator said hope mccain change mind,orrin hatch think john mccain wish funeral without donald trump ridiculous utah senator said hope mccain change mind,Politics & Governance,0.9827262130426933,"[0.002657241729902611, 0.9827262130426933, 0.012791990115355869, 0.0018245551120482785]"
synthetic,actor_5,2025-01-01,thing know kim kardashian,thing know kim kardashian,Society & Health,0.9857288137406509,"[0.004938561740933536, 0.00692208269707743, 0.9857288137406509, 0.002410541821338081]"
synthetic,actor_5,2025-01-01,u canada relation hinge nafta cooperation state american canadian relation critical point u president donald trump campaigned america first,u canada relation hinge nafta cooperation state american canadian relation critical point u president donald trump campaigned america first,Politics & Governance,0.9805036576476905,"[0.008876715196289738, 0.9805036576476905, 0.009610067933616876, 0.0010095592224027368]"
synthetic,actor_5,2025-01-01,emi share hit profit warning share music giant emi sunk firm issued profit warning following disappointing sale delay two album release emi said music sale year march fall year profit set lower analyst expected blamed poor sale since christmas delay release new album coldplay gorillaz gmt monday emi share penny emi said two major album scheduled release end financial year march one coldplay one gorillaz release date put back emi music sale particularly order january also lower anticipated expected continue february march company added therefore full year constant currency emi music sale expected lower prior year company said expected profit alain levy chairman chief executive emi music described performance disappointing added remained optimistic future trend industry physical music market showing sign stabilisation many part world digital music form continues develop rapid pace said commenting delay release coldplay gorillaz album mr levy said creating marketing music not exact science not always coincide reporting period rescheduling recent softness disappointing not change view improving health global recorded music industry added paul richards analyst numis security said market would focusing slump music sale rather timing two album unusual see much downgrade phasing said,emi share hit profit warning share music giant emi sunk firm issued profit warning following disappointing sale delay two album release emi said music sale year march fall year profit set lower analyst expected blamed poor sale since christmas delay release new album coldplay gorillaz gmt monday emi share penny emi said two major album scheduled release end financial year march one coldplay one gorillaz release date put back emi music sale particularly order january also lower anticipated expected continue february march company added therefore full year constant currency emi music sale expected lower prior year company said expected profit alain levy chairman chief executive emi music described performance disappointing added remained optimistic future trend industry physical music market showing sign stabilisation many part world digital music form continues develop rapid pace said commenting delay release coldplay gorillaz album mr levy said creating marketing music not exact science not always coincide reporting period rescheduling recent softness disappointing not change view improving health global recorded music industry added paul richards analyst numis security said market would focusing slump music sale rather timing two album unusual see much downgrade phasing said,Economy & Business,0.5772412356681885,"[0.5772412356681885, 0.041697959608064154, 0.3011440930388593, 0.07991671168488812]"
synthetic,actor_5,2025-01-01,election margin theft democrat need landslide order overcome gop gerrymander,election margin theft democrat need landslide order overcome gop gerrymander,Politics & Governance,0.9953535464575971,"[0.002014166727205485, 0.9953535464575971, 0.0016041207558201898, 0.0010281660593772469]"
synthetic,actor_5,2025-01-01,net fingerprint combat attack eighty large net service firm switched software spot stop net attack automatically system creates digital fingerprint ongoing incident sent every network affected firm involved smart sensing system believe help trace attack back source data gathered passed police help build intelligence behind worm outbreak denial service attack firm signing sensing system include mci bt deutsche telekom energis ntt bell canada many others creation fingerprinting system brokered u firm arbor network signature attack passed anyone suffering weight attack increasingly computer criminal using swarm remotely controlled computer carry denial service attack website launch worm relay spam around net seen attack involving five ten gigabyte traffic said rob pollard sale director arbor network behind fingerprinting system attack size cause collateral damage cross internet get destination said attack spotted signature defined information passed back chain network affected help every unwitting player tackle problem mr pollard said arbor not charging service would pas fingerprint data every network affected want help net service firm communicate push attack back around world source said mr pollard arbor network technology work building detailed history traffic network spot computer group user regularly talk type traffic pass machine workgroups anomaly usual pattern spotted flagged network administrator take action traffic due net based attack kind type close analysis become useful net attack increasingly launched using several hundred thousand different machine anyone looking traffic machine machine basis would unlikely spot part concerted attack attack getting diffuse sophisticated said malcolm seagrave security expert energis last month started getting noticeable criminal taking seen massive growth said although informal system exist pas information attack often commercial confidentiality got way sharing enough information properly combat attack,net fingerprint combat attack eighty large net service firm switched software spot stop net attack automatically system creates digital fingerprint ongoing incident sent every network affected firm involved smart sensing system believe help trace attack back source data gathered passed police help build intelligence behind worm outbreak denial service attack firm signing sensing system include mci bt deutsche telekom energis ntt bell canada many others creation fingerprinting system brokered u firm arbor network signature attack passed anyone suffering weight attack increasingly computer criminal using swarm remotely controlled computer carry denial service attack website launch worm relay spam around net seen attack involving five ten gigabyte traffic said rob pollard sale director arbor network behind fingerprinting system attack size cause collateral damage cross internet get destination said attack spotted signature defined information passed back chain network affected help every unwitting player tackle problem mr pollard said arbor not charging service would pa fingerprint data every network affected want help net service firm communicate push attack back around world source said mr pollard arbor network technology work building detailed history traffic network spot computer group user regularly talk type traffic pas machine workgroups anomaly usual pattern spotted flagged network administrator take action traffic due net based attack kind type close analysis become useful net attack increasingly launched using several hundred thousand different machine anyone looking traffic machine machine basis would unlikely spot part concerted attack attack getting diffuse sophisticated said malcolm seagrave security expert energis last month started getting noticeable criminal taking seen massive growth said although informal system exist pa information attack often commercial confidentiality got way sharing enough information properly combat attack,Technology & Cyber,0.8923690215620774,"[0.04063895030977143, 0.05871633567655556, 0.008275692451595526, 0.8923690215620774]"
synthetic,actor_5,2025-01-01,facebook drone frickin internet laser ready testing century many project stratospheric ambition pneumatic train space ship come naught,facebook drone frickin internet laser ready testing century many project stratospheric ambition pneumatic train space ship come naught,Technology & Cyber,0.9384644151720237,"[0.007929295822701505, 0.030848197005370857, 0.02275809199990391, 0.9384644151720237]"
synthetic,actor_6,2025-01-01,buzz aldrin apollo moonwalker refutes auction keeping space memorabilia extraordinary piece offer two page entry apollo log book bonhams wrote effectively equal,buzz aldrin apollo moonwalker refutes auction keeping space memorabilia extraordinary piece offer two page entry apollo log book bonhams wrote effectively equal,Technology & Cyber,0.4456564276611688,"[0.13018662377686097, 0.2173422462175265, 0.2068147023444437, 0.4456564276611688]"
synthetic,actor_6,2025-01-01,no one actually sure sharing economy even exists new era work maybe possibly,no one actually sure sharing economy even exists new era work maybe possibly,Economy & Business,0.581287558503749,"[0.581287558503749, 0.17161009761310164, 0.16453749992491046, 0.0825648439582389]"
synthetic,actor_6,2025-01-01,caffeine crystal electron microscope look right willy wonka world photo no disputing last point fda say percent people world consume caffeine form,caffeine crystal electron microscope look right willy wonka world photo no disputing last point fda say percent people world consume caffeine form,Society & Health,0.5471004179744222,"[0.09156593368215096, 0.19945555344563876, 0.5471004179744222, 0.1618780948977881]"
synthetic,actor_6,2025-01-01,watch top youtube video week looking see popular youtube video week look no bringing,watch top youtube video week looking see popular youtube video week look no bringing,Technology & Cyber,0.9378268455816627,"[0.011415559830441242, 0.011129997576730137, 0.039627597011165965, 0.9378268455816627]"
synthetic,actor_6,2025-01-01,image show saturn north polar region changed color nasa want know,image show saturn north polar region changed color nasa want know,Technology & Cyber,0.67342237773881,"[0.019272359168709462, 0.18784880838177184, 0.11945645471070872, 0.67342237773881]"
synthetic,actor_6,2025-01-01,tesla ceo tout safety self driving car say way safer human driver,tesla ceo tout safety self driving car say way safer human driver,Economy & Business,0.6269182209360487,"[0.6269182209360487, 0.02811955127261937, 0.025885413295849136, 0.3190768144954828]"
synthetic,actor_6,2025-01-01,john mccain learn consequence snubbing trump pulling endorsement could give boost senate race come heavy price,john mccain learn consequence snubbing trump pulling endorsement could give boost senate race come heavy price,Politics & Governance,0.9932690626397909,"[0.002497497286180183, 0.9932690626397909, 0.0024719929846598746, 0.0017614470893693491]"
synthetic,actor_6,2025-01-01,world brightest x ray laser getting big upgrade help development new technology life saving drug future scientist say,world brightest x ray laser getting big upgrade help development new technology life saving drug future scientist say,Technology & Cyber,0.8887562366212871,"[0.04135592284878197, 0.04906809136540137, 0.020819749164529607, 0.8887562366212871]"
synthetic,actor_6,2025-01-01,eating slowly really make food taste better breathe meal new study show,eating slowly really make food taste better breathe meal new study show,Technology & Cyber,0.7249305231148527,"[0.06631279812152056, 0.025716458123210606, 0.1830402206404162, 0.7249305231148527]"
synthetic,actor_6,2025-01-01,fbi could eavesdropping toaster case already terrified cybersecurity,fbi could eavesdropping toaster case already terrified cybersecurity,Technology & Cyber,0.42645054481605954,"[0.07495624710972974, 0.3908269405387343, 0.10776626753547651, 0.42645054481605954]"
synthetic,actor_6,2025-01-01,mindfulness revolutionizing mental health care,mindfulness revolutionizing mental health care,Politics & Governance,0.7746752699767904,"[0.07818266494839994, 0.7746752699767904, 0.061691721051433786, 0.08545034402337581]"
synthetic,actor_6,2025-01-01,twist kim kardashian get people click away instagram medium saved maybe,twist kim kardashian get people click away instagram medium saved maybe,Society & Health,0.8215009052892571,"[0.04956786227443245, 0.07097758899418444, 0.8215009052892571, 0.05795364344212603]"
synthetic,actor_6,2025-01-01,multi purpose tv aid india two third world population billion people live year less might think last thing mind would getting television set computer not case many people developing world give one daily meal afford buy tv indian born computer engineer think come way give cheap access internet carnegie mellon professor raj reddy spent bulk professional career trying find way make technology accessible poor people first step figure poor people would want personal computer professor reddy think pretty good idea might come village say prof reddy know population like many illiterate many concern nobody use conventional us pc word processing powerpoint said clear people wanted use pc village usable illiterate people must primarily entertainment education telemedicine access expert advice prof reddy also think tying kind aid package wrong approach asked aid group could possibly give expensive computer million less fortunate indian let alone billion poor people around world instead prof reddy decided think million indian potential market problem becomes one making product compelling enough must compelling would give third meal order prof reddy say people today television set go india many country first go get television set worry one meal personalized entertainment become important hatched completely new idea call pctvt personal computer television telephone one run normal desktop machine literate user surf application keyboard mouse illiterate user use look like television remote control screen picture not word designate application like tv voice mail video e mail dependence graphic video audio mean computer illiterate person need time power memory one phd prassana rambathla one prof reddy graduate student say talking illiterate talking audio video demand exponentially high bandwidth choke point time withstand anything no matter pressing major part making foolproof tough never break say carnegie mellon team say project possible pc much cheaper built audio video hardware software limited trial pctvt due start month indian state andhra pradesh although andhra pradesh fairly good infrastructure work done ensure reliable connection net prof reddy teamed eric brewer university california berkeley answer say prof brewer wi fi looking thing see starbuck many hotspot say lot work long distance wireless make network work better presence intermittency power go link go computer connected get turned no reason prof reddy say hope lease pctvts month think indian rent unit television dvd capability reddy say introduce pctvt technology video mail example farmer could use pctvt webcam send picture harmful insect local official could send back proposed course action farmer prof reddy think kind communication real pay underlying problem say increase wealth reduce poverty reduce illiteracy improve health care postulating technology enable would uphill battle even technology uphill battle tool hope reach way not possible clark boyd technology correspondent world bbc world service wgbh boston co production,multi purpose tv aid india two third world population billion people live year less might think last thing mind would getting television set computer not case many people developing world give one daily meal afford buy tv indian born computer engineer think come way give cheap access internet carnegie mellon professor raj reddy spent bulk professional career trying find way make technology accessible poor people first step figure poor people would want personal computer professor reddy think pretty good idea might come village say prof reddy know population like many illiterate many concern nobody use conventional u pc word processing powerpoint said clear people wanted use pc village usable illiterate people must primarily entertainment education telemedicine access expert advice prof reddy also think tying kind aid package wrong approach asked aid group could possibly give expensive computer million less fortunate indian let alone billion poor people around world instead prof reddy decided think million indian potential market problem becomes one making product compelling enough must compelling would give third meal order prof reddy say people today television set go india many country first go get television set worry one meal personalized entertainment become important hatched completely new idea call pctvt personal computer television telephone one run normal desktop machine literate user surf application keyboard mouse illiterate user use look like television remote control screen picture not word designate application like tv voice mail video e mail dependence graphic video audio mean computer illiterate person need time power memory one phd prassana rambathla one prof reddy graduate student say talking illiterate talking audio video demand exponentially high bandwidth choke point time withstand anything no matter pressing major part making foolproof tough never break say carnegie mellon team say project possible pc much cheaper built audio video hardware software limited trial pctvt due start month indian state andhra pradesh although andhra pradesh fairly good infrastructure work done ensure reliable connection net prof reddy teamed eric brewer university california berkeley answer say prof brewer wi fi looking thing see starbuck many hotspot say lot work long distance wireless make network work better presence intermittency power go link go computer connected get turned no reason prof reddy say hope lease pctvts month think indian rent unit television dvd capability reddy say introduce pctvt technology video mail example farmer could use pctvt webcam send picture harmful insect local official could send back proposed course action farmer prof reddy think kind communication real pay underlying problem say increase wealth reduce poverty reduce illiteracy improve health care postulating technology enable would uphill battle even technology uphill battle tool hope reach way not possible clark boyd technology correspondent world bbc world service wgbh boston co production,Technology & Cyber,0.7558350527419223,"[0.18109496660178112, 0.042551066107116106, 0.020518914549180423, 0.7558350527419223]"
synthetic,actor_6,2025-01-01,iran nuclear deal pit u congress versus u ally serious challenge nuclear deal may not address human right record tehran theocracy statement challenging legitimacy israel however perspective obama administration u ally nuclear deal seen first step empowering progressive trend iran,iran nuclear deal pit u congress versus u ally serious challenge nuclear deal may not address human right record tehran theocracy statement challenging legitimacy israel however perspective obama administration u ally nuclear deal seen first step empowering progressive trend iran,Politics & Governance,0.992026800396522,"[0.002674441820580641, 0.992026800396522, 0.00136998843517971, 0.0039287693477176614]"
synthetic,actor_6,2025-01-01,uber offering ride new york city major catch,uber offering ride new york city major catch,Society & Health,0.5071932651116847,"[0.2882237180873123, 0.05072723254263862, 0.5071932651116847, 0.15385578425836438]"
synthetic,actor_6,2025-01-01,kristen stewart stuns nude photo series latest mario testino,kristen stewart stuns nude photo series latest mario testino,Society & Health,0.9910562495586035,"[0.0019299213370283944, 0.0048490011784487145, 0.9910562495586035, 0.0021648279259194564]"
synthetic,actor_6,2025-01-01,gold fall imf sale concern price gold fallen international monetary fund imf said look way using gold reserve provide debt relief revaluing holding imf may able sell billion dollar gold use cash cancel debt owed world poorest nation plan put forward g finance minister weekend price gold fell ounce asia rebounding slightly early european trading imf bos rodrigo rato asked g minister carry study feasibility revaluing selling gold reserve expected present conclusion imf meeting washington april whatever happens market going disconcerted back foot april imf meeting said john reade analyst ubs imf value gold reserve ounce price fixed tenth metal current market value imf tonne gold ounce bringing book price gold line market value would boost imf balance sheet giving money distribute idea put forward seems committed political drive address issue global poverty first time mention use gold g communiqu achieving debt relief said uk chancellor exchequer gordon brown meeting london g finance minister backed plan write debt owed world poorest country mr brown said meeting would remembered debt relief summit debt relief seems jumped top global agenda not everyone convinced selling imf gold best way forward u veto plan sell imf gold choose said looking way solving problem u not convinced necessary way said treasury secretary john taylor canada key gold producer also expressed reservation,gold fall imf sale concern price gold fallen international monetary fund imf said look way using gold reserve provide debt relief revaluing holding imf may able sell billion dollar gold use cash cancel debt owed world poorest nation plan put forward g finance minister weekend price gold fell ounce asia rebounding slightly early european trading imf bos rodrigo rato asked g minister carry study feasibility revaluing selling gold reserve expected present conclusion imf meeting washington april whatever happens market going disconcerted back foot april imf meeting said john reade analyst ubs imf value gold reserve ounce price fixed tenth metal current market value imf tonne gold ounce bringing book price gold line market value would boost imf balance sheet giving money distribute idea put forward seems committed political drive address issue global poverty first time mention use gold g communiqu achieving debt relief said uk chancellor exchequer gordon brown meeting london g finance minister backed plan write debt owed world poorest country mr brown said meeting would remembered debt relief summit debt relief seems jumped top global agenda not everyone convinced selling imf gold best way forward u veto plan sell imf gold choose said looking way solving problem u not convinced necessary way said treasury secretary john taylor canada key gold producer also expressed reservation,Economy & Business,0.9376836105260213,"[0.9376836105260213, 0.03419992778345559, 0.015771486808415613, 0.012344974882107488]"
synthetic,actor_6,2025-01-01,lyrid meteor shower peak tonight april may dulled moonlight best time seek lyrid meteor actually wee hour monday morning april moon set,lyrid meteor shower peak tonight april may dulled moonlight best time seek lyrid meteor actually wee hour monday morning april moon set,Technology & Cyber,0.5058135099752569,"[0.0969688813535941, 0.17467417750045702, 0.22254343117069206, 0.5058135099752569]"
synthetic,actor_6,2025-01-01,oh no game throne delay way worse thought oh sweet summer child,oh no game throne delay way worse thought oh sweet summer child,Society & Health,0.9547949668993768,"[0.016536523831182152, 0.019929238743582652, 0.9547949668993768, 0.008739270525858243]"
synthetic,actor_6,2025-01-01,changing terrifying nature new cyber warfare hidden battlefield history first known cyber war casualty piling read vanity fair,changing terrifying nature new cyber warfare hidden battlefield history first known cyber war casualty piling read vanity fair,Technology & Cyber,0.41669631329402534,"[0.04518739564483797, 0.24435370995278663, 0.29376258110835013, 0.41669631329402534]"
synthetic,actor_7,2025-01-01,snl take iphone problem skit pitting tech blogger chinese factory worker video show recent tech talk skit assembles mock talk show vocal tech blogger air grievance device,snl take iphone problem skit pitting tech blogger chinese factory worker video show recent tech talk skit assembles mock talk show vocal tech blogger air grievance device,Technology & Cyber,0.8361028039861816,"[0.07944236883708627, 0.01653036319715649, 0.06792446397957555, 0.8361028039861816]"
synthetic,actor_7,2025-01-01,pc photo printer challenge pro home printed picture cheaper higher quality high street developer test show survey carried pc pro magazine looked home photo printer offered better deal handing snap photo lab test found image top pc printer kept colour longer professionally produced photograph using wrong printer cartridge could mean snap fade month warned magazine group test home photo printer pc discovered much cost create image using device compared online developer well high street name jessops boot snappy snap comprehensive test also revealed quickly different printer produced image quality finished image resistant finished picture smudging water damage found although ink printer cost per millilitre still cheaper produce print photograph home send high street store really like photo definitely worth printing home instead going high street choose right printer said nick ross top tester pc pro mr ross said new generation printer produced image brighter colour less likely fade many high street developer even professional wedding photographer high street photo shop cheapest came developing print x said mr ross test revealed image x x size cheaper produce home according pc pro producing print x epson r printer using top quality paper cost jessops image would cost snappy snap x snap boot would cost considering inconvenient go high street silver halide print fade sun adamant better cheaper convenient print home said ann simpson marketing manager snappy snap belief convenience high street printing continue attract customer people want thing computer feedback u customer often print two three picture home order get good one said many people not skilled getting colour contrast cropping right want hassle added magazine test found ink consumer use determined long print lasted started fading recommended avoiding called third party ink not produced printer maker tended produce print fade quickest,pc photo printer challenge pro home printed picture cheaper higher quality high street developer test show survey carried pc pro magazine looked home photo printer offered better deal handing snap photo lab test found image top pc printer kept colour longer professionally produced photograph using wrong printer cartridge could mean snap fade month warned magazine group test home photo printer pc discovered much cost create image using device compared online developer well high street name jessops boot snappy snap comprehensive test also revealed quickly different printer produced image quality finished image resistant finished picture smudging water damage found although ink printer cost per millilitre still cheaper produce print photograph home send high street store really like photo definitely worth printing home instead going high street choose right printer said nick ross top tester pc pro mr ross said new generation printer produced image brighter colour less likely fade many high street developer even professional wedding photographer high street photo shop cheapest came developing print x said mr ross test revealed image x x size cheaper produce home according pc pro producing print x epson r printer using top quality paper cost jessops image would cost snappy snap x snap boot would cost considering inconvenient go high street silver halide print fade sun adamant better cheaper convenient print home said ann simpson marketing manager snappy snap belief convenience high street printing continue attract customer people want thing computer feedback u customer often print two three picture home order get good one said many people not skilled getting colour contrast cropping right want hassle added magazine test found ink consumer use determined long print lasted started fading recommended avoiding called third party ink not produced printer maker tended produce print fade quickest,Technology & Cyber,0.6164390320669423,"[0.13243551603681955, 0.018891113619760067, 0.2322343382764781, 0.6164390320669423]"
synthetic,actor_7,2025-01-01,victoria beckham bag size causing injury imitator say expert want avoid future pain american chiropractic association suggests limit bag weight no,victoria beckham bag size causing injury imitator say expert want avoid future pain american chiropractic association suggests limit bag weight no,Society & Health,0.7931866442327512,"[0.04241194697788225, 0.10762782927839538, 0.7931866442327512, 0.05677357951097125]"
synthetic,actor_7,2025-01-01,quickest way give raise pay debt account regain control finance like plugging hole bucket able use money see fit no siphoning away hard earned money,quickest way give raise pay debt account regain control finance like plugging hole bucket able use money see fit no siphoning away hard earned money,Economy & Business,0.8621539928296997,"[0.8621539928296997, 0.03422847274107323, 0.06803599429373154, 0.03558154013549546]"
synthetic,actor_7,2025-01-01,actual scientist found ayahuasca help think creatively psychedelic trip could give mind flexibility unlock old thought pattern,actual scientist found ayahuasca help think creatively psychedelic trip could give mind flexibility unlock old thought pattern,Technology & Cyber,0.681102124673523,"[0.04534434771552786, 0.06171257380102976, 0.21184095380991932, 0.681102124673523]"
synthetic,actor_7,2025-01-01,christmas sale amazon walmart offer last minute deal photo last minute shopper rejoice,christmas sale amazon walmart offer last minute deal photo last minute shopper rejoice,Economy & Business,0.47678550903637806,"[0.47678550903637806, 0.025711613080752586, 0.4612625503607775, 0.0362403275220919]"
synthetic,actor_7,2025-01-01,mayor schaaf response oakland fire total disaster word showed stunning lack empathy,mayor schaaf response oakland fire total disaster word showed stunning lack empathy,Politics & Governance,0.8994691398468987,"[0.024610122817354106, 0.8994691398468987, 0.04845171096142001, 0.02746902637432728]"
synthetic,actor_7,2025-01-01,gop leader unhappy flood money politics campaign event senate hopeful joni ernst de moines thursday sen lindsey graham r sc told unhappy citizen united would revisit landmark supreme court decision make balanced however graham not think action happen without movement,gop leader unhappy flood money politics campaign event senate hopeful joni ernst de moines thursday sen lindsey graham r sc told unhappy citizen united would revisit landmark supreme court decision make balanced however graham not think action happen without movement,Politics & Governance,0.9933909704351713,"[0.0039680130179148045, 0.9933909704351713, 0.0018595898142108862, 0.0007814267327028731]"
synthetic,actor_7,2025-01-01,fashion show honored grandma lucy growing grandmother one important people life self taught sewing dynamo without formal training no sewing project difficult lucy,fashion show honored grandma lucy growing grandmother one important people life self taught sewing dynamo without formal training no sewing project difficult lucy,Society & Health,0.859755040634762,"[0.04478400372828052, 0.05762860632716832, 0.859755040634762, 0.03783234930978917]"
synthetic,actor_7,2025-01-01,surprising thing insurance not cover insurance provide safety net individual worry property purchase however insurance policy come long list exclusion leave policyholder cold unforeseen happens,surprising thing insurance not cover insurance provide safety net individual worry property purchase however insurance policy come long list exclusion leave policyholder cold unforeseen happens,Economy & Business,0.5821528110184191,"[0.5821528110184191, 0.1950598734257965, 0.17426700579562043, 0.048520309760163936]"
synthetic,actor_7,2025-01-01,eddie huang say sexually assaulted teen baptist ski trip never ready never think would happen happening kept going said,eddie huang say sexually assaulted teen baptist ski trip never ready never think would happen happening kept going said,Society & Health,0.9040150538771519,"[0.009949639471405328, 0.07608636529019176, 0.9040150538771519, 0.00994894136125104]"
synthetic,actor_7,2025-01-01,conversation designer dennis basso basso talk love importance friend great haircut must whether woman man,conversation designer dennis basso basso talk love importance friend great haircut must whether woman man,Society & Health,0.9019740325828262,"[0.027959146178598467, 0.05759575020025948, 0.9019740325828262, 0.012471071038315932]"
synthetic,actor_7,2025-01-01,travel anywhere not get killed maimed checking not nice place turn light room shut door check peep hole happened one slowly get mace spray hole leaving easy way tell peeping,travel anywhere not get killed maimed checking not nice place turn light room shut door check peep hole happened one slowly get mace spray hole leaving easy way tell peeping,Society & Health,0.8977518470346595,"[0.022701925767201467, 0.0437052641090445, 0.8977518470346595, 0.03584096308909449]"
synthetic,actor_7,2025-01-01,trick company commonly use scam employee worked corporate america likely familiar scam employer use screw employee article necessarily article recent college grad anyone matter new workforce getting first real job,trick company commonly use scam employee worked corporate america likely familiar scam employer use screw employee article necessarily article recent college grad anyone matter new workforce getting first real job,Economy & Business,0.9856977886121776,"[0.9856977886121776, 0.006152108000678062, 0.0016481362651198706, 0.0065019671220245675]"
synthetic,actor_7,2025-01-01,gal gadot seemingly innocent tribute stephen hawking pissed people several disability right advocate called ableist,gal gadot seemingly innocent tribute stephen hawking pissed people several disability right advocate called ableist,Society & Health,0.4927444926962221,"[0.050082028558532214, 0.33673980240985046, 0.4927444926962221, 0.12043367633539527]"
synthetic,actor_7,2025-01-01,chanel native american headdress runway raise eyebrow photo updated update fashionista obtained statement chanel native american integral part texas rich history culture,chanel native american headdress runway raise eyebrow photo updated update fashionista obtained statement chanel native american integral part texas rich history culture,Society & Health,0.8406599668266083,"[0.03631359225032976, 0.11097925527633744, 0.8406599668266083, 0.012047185646724544]"
synthetic,actor_7,2025-01-01,wonder world photo lady man martini connoisseur british secret service agent extraordinaire bond not famous spy majesty payroll also one world celebrated jetsetters,wonder world photo lady man martini connoisseur british secret service agent extraordinaire bond not famous spy majesty payroll also one world celebrated jetsetters,Society & Health,0.8401267732060453,"[0.018405514849642497, 0.1084763799381575, 0.8401267732060453, 0.03299133200615472]"
synthetic,actor_7,2025-01-01,q reigning scrabble champion reveals favorite letter fun trick embarrassing story think people little shortsighted,q reigning scrabble champion reveals favorite letter fun trick embarrassing story think people little shortsighted,Society & Health,0.9046338236277086,"[0.023015221268188602, 0.05193536910847945, 0.9046338236277086, 0.02041558599562332]"
synthetic,actor_7,2025-01-01,world oldest rock found contain key building block life,world oldest rock found contain key building block life,Technology & Cyber,0.37513089289644885,"[0.10421336593737086, 0.1993298266873265, 0.3213259144788537, 0.37513089289644885]"
synthetic,actor_7,2025-01-01,trillion bacteria make human microbiome biologist say good thing tell exact date began think first person plural superorganism rather,trillion bacteria make human microbiome biologist say good thing tell exact date began think first person plural superorganism rather,Technology & Cyber,0.3689283528640944,"[0.14762364031666053, 0.17237161600323053, 0.3110763908160145, 0.3689283528640944]"
synthetic,actor_8,2025-01-01,new chair senate indian affair committee wanted dapl protest shut sen john hoeven odd choice job dedicated helping native american community,new chair senate indian affair committee wanted dapl protest shut sen john hoeven odd choice job dedicated helping native american community,Politics & Governance,0.9687457996461388,"[0.015059206508097382, 0.9687457996461388, 0.012348225625739813, 0.003846768220023915]"
synthetic,actor_8,2025-01-01,might cost bit get door costco investor predict fee hike,might cost bit get door costco investor predict fee hike,Economy & Business,0.7448549469103981,"[0.7448549469103981, 0.05390766214662527, 0.15756875372838344, 0.043668637214593256]"
synthetic,actor_8,2025-01-01,state next legalize marijuana,state next legalize marijuana,Politics & Governance,0.9171414128739457,"[0.03678597159586888, 0.9171414128739457, 0.03792059528168374, 0.008152020248501587]"
synthetic,actor_8,2025-01-01,phil ochs concert resurfaces phil glad see hardly week pass think man could really use new phil ochs album friday got one,phil ochs concert resurfaces phil glad see hardly week pas think man could really use new phil ochs album friday got one,Society & Health,0.9177057525547104,"[0.025979894615358667, 0.03094478631914502, 0.9177057525547104, 0.025369566510785785]"
synthetic,actor_8,2025-01-01,steve scalise move intensive care unit gop whip remains fair condition shot hip last week,steve scalise move intensive care unit gop whip remains fair condition shot hip last week,Politics & Governance,0.8704044236594204,"[0.023211528437520723, 0.8704044236594204, 0.08542166621561952, 0.02096238168743934]"
synthetic,actor_8,2025-01-01,apple submits brief opposing u government unprecedented iphone request tech giant argued government request violates company first amendment right,apple submits brief opposing u government unprecedented iphone request tech giant argued government request violates company first amendment right,Technology & Cyber,0.7695092701464068,"[0.06169065594945846, 0.159256765001693, 0.009543308902441787, 0.7695092701464068]"
synthetic,actor_8,2025-01-01,ucla basketball player arrested china shoplifting charge one liangelo ball brother lakers rookie lonzo ball son outspoken sport dad lavar ball,ucla basketball player arrested china shoplifting charge one liangelo ball brother lakers rookie lonzo ball son outspoken sport dad lavar ball,Society & Health,0.9806978813871968,"[0.005740733212631982, 0.009645631469347018, 0.9806978813871968, 0.003915753930824047]"
synthetic,actor_8,2025-01-01,nfl ready michael sam,nfl ready michael sam,Society & Health,0.9804017110667209,"[0.002868686884145362, 0.014928943814651704, 0.9804017110667209, 0.0018006582344822488]"
synthetic,actor_8,2025-01-01,foreclosure spell financial demise latino middle class crisis faced latino homeowner involves housing majority wealth tied home foreclosed latino lose equity needed future,foreclosure spell financial demise latino middle class crisis faced latino homeowner involves housing majority wealth tied home foreclosed latino lose equity needed future,Economy & Business,0.6980560931691988,"[0.6980560931691988, 0.2787269343453749, 0.015117105109838313, 0.008099867375587903]"
synthetic,actor_8,2025-01-01,kristen stewart really f king proud twilight,kristen stewart really f king proud twilight,Society & Health,0.8976352517667504,"[0.02097835610069599, 0.06991457880876001, 0.8976352517667504, 0.011471813323793661]"
synthetic,actor_8,2025-01-01,game firm hold cast audition video game firm bioware hold open audition people become cast member future game company make role playing game knight old republic neverwinter night seeking people aged canada based company say looking wide variety people use face model character everyone chosen appear video game receive performer fee use image company inviting people come along shopping mall west edmonton alberta friday saturday bringing along piece photo identification hundred hundred character typical bioware game said shauna perry bioware audio external resource producer people live city village need ordinary people people interesting face added not everyone model world want model game people chosen appear game head scanned three dimension hundred photo person head taken model head generated model look exactly like person really quite incredible detailed said m perry said chosen participant no control image used computer game not give people control image used face could used multiple game could hero one villain another merchant third,game firm hold cast audition video game firm bioware hold open audition people become cast member future game company make role playing game knight old republic neverwinter night seeking people aged canada based company say looking wide variety people use face model character everyone chosen appear video game receive performer fee use image company inviting people come along shopping mall west edmonton alberta friday saturday bringing along piece photo identification hundred hundred character typical bioware game said shauna perry bioware audio external resource producer people live city village need ordinary people people interesting face added not everyone model world want model game people chosen appear game head scanned three dimension hundred photo person head taken model head generated model look exactly like person really quite incredible detailed said perry said chosen participant no control image used computer game not give people control image used face could used multiple game could hero one villain another merchant third,Technology & Cyber,0.5053254392026267,"[0.05244030230958237, 0.0056112031692901725, 0.43662305531850076, 0.5053254392026267]"
synthetic,actor_8,2025-01-01,john boehner dhs shutdown would bad could happen,john boehner dhs shutdown would bad could happen,Politics & Governance,0.882923508731349,"[0.03157949931645389, 0.882923508731349, 0.06651092329459037, 0.01898606865760709]"
synthetic,actor_8,2025-01-01,video game could change business school forever actually fun got test new game supposed better teaching strategy professor found,video game could change business school forever actually fun got test new game supposed better teaching strategy professor found,Economy & Business,0.42770488017372016,"[0.42770488017372016, 0.05558765329846216, 0.19188466143381114, 0.32482280509400646]"
synthetic,actor_8,2025-01-01,abortion seen tv even significant post election fictional real life option woman align,abortion seen tv even significant post election fictional real life option woman align,Politics & Governance,0.6026237270978589,"[0.03723857556673064, 0.6026237270978589, 0.3194985614249044, 0.04063913591050603]"
synthetic,actor_8,2025-01-01,men care diversity boardroom many boy boy club seem ok status quo,men care diversity boardroom many boy boy club seem ok status quo,Society & Health,0.41776280378263525,"[0.13549766961130602, 0.4103003482087244, 0.41776280378263525, 0.036439178397334245]"
synthetic,actor_8,2025-01-01,incredible story america saved national treasure extinction creature world majestic bald eagle part reason animal,incredible story america saved national treasure extinction creature world majestic bald eagle part reason animal,Society & Health,0.5297620149394312,"[0.05989708970104692, 0.24069734477078403, 0.5297620149394312, 0.16964355058873778]"
synthetic,actor_8,2025-01-01,job unique state,job unique state,Economy & Business,0.725933604013464,"[0.725933604013464, 0.23020879834675423, 0.03932131415284301, 0.0045362834869387405]"
synthetic,actor_8,2025-01-01,american woman getting sleep men woman get average minute sleep nightly according study jawbone,american woman getting sleep men woman get average minute sleep nightly according study jawbone,Economy & Business,0.3289597652395534,"[0.3289597652395534, 0.09673087807957167, 0.30914335758529027, 0.26516599909558464]"
synthetic,actor_8,2025-01-01,science backed trick get annoying song head,science backed trick get annoying song head,Society & Health,0.4472052132423559,"[0.03335788042548255, 0.15664872969391838, 0.4472052132423559, 0.36278817663824314]"
synthetic,actor_8,2025-01-01,samsung unveiled thinnest phone ever hot damn thing thin,samsung unveiled thinnest phone ever hot damn thing thin,Society & Health,0.4620086908506411,"[0.04242024207732755, 0.0453368132977606, 0.4620086908506411, 0.45023425377427073]"
synthetic,actor_1,2025-01-08,uber begin testing fleet self driving car pittsburgh month vehicle see regular public use,uber begin testing fleet self driving car pittsburgh month vehicle see regular public use,Economy & Business,0.6188132654686598,"[0.6188132654686598, 0.05881875028603761, 0.053138461680374796, 0.2692295225649278]"
synthetic,actor_1,2025-01-08,supreme court almost ruled stun gun protected second amendment justice samuel alito clarence thomas would gone,supreme court almost ruled stun gun protected second amendment justice samuel alito clarence thomas would gone,Politics & Governance,0.9541460973299497,"[0.005527216741605794, 0.9541460973299497, 0.03503538571553476, 0.005291300212909577]"
synthetic,actor_1,2025-01-08,carrie lam say hong kong violence becoming serious government control hong kong chief executive spoke public first time since demonstration escalated sunday,carrie lam say hong kong violence becoming serious government control hong kong chief executive spoke public first time since demonstration escalated sunday,Politics & Governance,0.8590962672677417,"[0.05379977381586336, 0.8590962672677417, 0.06800200932566805, 0.01910194959072687]"
synthetic,actor_1,2025-01-08,sarah sander gleeful cnn guest white house christmas party christmas come early wrote white house press secretary,sarah sander gleeful cnn guest white house christmas party christmas come early wrote white house press secretary,Politics & Governance,0.9838469334084327,"[0.0033998113024114643, 0.9838469334084327, 0.011162784525954364, 0.0015904707632015385]"
synthetic,actor_1,2025-01-08,nonsensical claim donald trump latest interview badly president not,nonsensical claim donald trump latest interview badly president not,Politics & Governance,0.9094102868165058,"[0.0123973731807612, 0.9094102868165058, 0.0760799994149589, 0.0021123405877742046]"
synthetic,actor_1,2025-01-08,gop head south carolina dirty trick start run big presidential campaign moment big medium player iowa new hampshire gave voter useful,gop head south carolina dirty trick start run big presidential campaign moment big medium player iowa new hampshire gave voter useful,Politics & Governance,0.9747287522389901,"[0.004250494703802945, 0.9747287522389901, 0.01811939195096854, 0.002901361106238505]"
synthetic,actor_1,2025-01-08,republican debate show candidate stop trump lack courage criticize even encouraging assault,republican debate show candidate stop trump lack courage criticize even encouraging assault,Politics & Governance,0.9925256871694225,"[0.001043700142319002, 0.9925256871694225, 0.005452513377162473, 0.0009780993110961062]"
synthetic,actor_1,2025-01-08,reuters journalist charged myanmar reporting rohingya crisis men face year jail found guilty violating nation official secret act,reuters journalist charged myanmar reporting rohingya crisis men face year jail found guilty violating nation official secret act,Politics & Governance,0.9380967726097107,"[0.03304938599917583, 0.9380967726097107, 0.020465139410895918, 0.008388701980217518]"
synthetic,actor_1,2025-01-08,spain prime minister say sack catalonia government call regional election mariano rajoy said government taken unprecedented decision restore law,spain prime minister say sack catalonia government call regional election mariano rajoy said government taken unprecedented decision restore law,Politics & Governance,0.9938538124794614,"[0.0024176060455012977, 0.9938538124794614, 0.0020190866371634112, 0.0017094948378739876]"
synthetic,actor_1,2025-01-08,obama say trump unfit serve president asked top gop leader still endorsing real estate mogul,obama say trump unfit serve president asked top gop leader still endorsing real estate mogul,Politics & Governance,0.9853883433881578,"[0.005199722764323129, 0.9853883433881578, 0.008630405429197406, 0.0007815284183215512]"
synthetic,actor_1,2025-01-08,roy moore say gay marriage ruling even worse pro slavery decision alabama candidate u senate show contempt sex marriage,roy moore say gay marriage ruling even worse pro slavery decision alabama candidate u senate show contempt sex marriage,Politics & Governance,0.9818319210277421,"[0.0028064177254147815, 0.9818319210277421, 0.013151206662946197, 0.002210454583896731]"
synthetic,actor_1,2025-01-08,pete buttigieg reveals new plan expand right people disability proposal include ending minimum wage loophole improving education disabled student implementing social security reform,pete buttigieg reveals new plan expand right people disability proposal include ending minimum wage loophole improving education disabled student implementing social security reform,Politics & Governance,0.9325730892722238,"[0.05036138152222394, 0.9325730892722238, 0.007354320535850719, 0.00971120866970144]"
synthetic,actor_1,2025-01-08,impeachment process remains limbo senate negotiates trial house speaker nancy pelosi holding sending article impeachment senate democrat know trial look like,impeachment process remains limbo senate negotiates trial house speaker nancy pelosi holding sending article impeachment senate democrat know trial look like,Politics & Governance,0.993452792886434,"[0.0018917475828265531, 0.993452792886434, 0.00205970882220299, 0.002595750708536404]"
synthetic,actor_1,2025-01-08,goodnight trumpcare degree yesterday vega rally outside sen dean heller office good thing republican assured,goodnight trumpcare degree yesterday vega rally outside sen dean heller office good thing republican assured,Politics & Governance,0.9369109549725859,"[0.025050167997870475, 0.9369109549725859, 0.03060327541991094, 0.007435601609632747]"
synthetic,actor_1,2025-01-08,rep adam schiff gop fbi memo could lead constitutional crisis democrat blame house speaker paul ryan allowing republican carry conspiracy theory,rep adam schiff gop fbi memo could lead constitutional crisis democrat blame house speaker paul ryan allowing republican carry conspiracy theory,Politics & Governance,0.9993279321977616,"[0.00021219011901984483, 0.9993279321977616, 0.00020429189950410713, 0.00025558578371478064]"
synthetic,actor_1,2025-01-08,senate democrat call union buster,senate democrat call union buster,Politics & Governance,0.9858365820009714,"[0.0029506988313756093, 0.9858365820009714, 0.009772442943765385, 0.0014402762238876362]"
synthetic,actor_1,2025-01-08,huffpollster ted cruz probably defeat donald trump indiana trump chance securing nomination increasing,huffpollster ted cruz probably defeat donald trump indiana trump chance securing nomination increasing,Politics & Governance,0.9944553781603084,"[0.0005575777603678393, 0.9944553781603084, 0.004691506293744867, 0.0002955377855790913]"
synthetic,actor_1,2025-01-08,business order three way sequence marketing business development many business fail despite right stuff marketing business development strategy order sync organization goal objective,business order three way sequence marketing business development many business fail despite right stuff marketing business development strategy order sync organization goal objective,Economy & Business,0.9881737410442409,"[0.9881737410442409, 0.007674621263791987, 0.0024729326459818433, 0.0016787050459852158]"
synthetic,actor_1,2025-01-08,slow recovery continues recovery continues remains weak indeed bit weaker forecast april revised forecast world growth percent april percent today headline number make thing look worse really,slow recovery continues recovery continues remains weak indeed bit weaker forecast april revised forecast world growth percent april percent today headline number make thing look worse really,Economy & Business,0.6382087608813034,"[0.6382087608813034, 0.15870447689752626, 0.14916183383636314, 0.05392492838480736]"
synthetic,actor_1,2025-01-08,joe arpaio insists asked donald trump pardon disgraced sheriff say offered say no,joe arpaio insists asked donald trump pardon disgraced sheriff say offered say no,Politics & Governance,0.9458955797378379,"[0.002409205907736672, 0.9458955797378379, 0.050119942181704236, 0.0015752721727212218]"
synthetic,actor_2,2025-01-08,arizona gop trump painting reminds twitter user famous traitor benedict arnold state republican party probably never pictured response portrait generated,arizona gop trump painting reminds twitter user famous traitor benedict arnold state republican party probably never pictured response portrait generated,Politics & Governance,0.9759111559786061,"[0.0021294841134069497, 0.9759111559786061, 0.01954241686066877, 0.002416943047318191]"
synthetic,actor_2,2025-01-08,haunting halloween nightmare left right hillary clinton turn one refuse concede night election demand recount everywhere even recount however becomes apparent lost donald j trump next president,haunting halloween nightmare left right hillary clinton turn one refuse concede night election demand recount everywhere even recount however becomes apparent lost donald j trump next president,Politics & Governance,0.953066959122897,"[0.0025395042543427723, 0.953066959122897, 0.0428971753597517, 0.001496361263008534]"
synthetic,actor_2,2025-01-08,clinton aide traveling puerto rico zika meeting puerto rico confirmed case zika,clinton aide traveling puerto rico zika meeting puerto rico confirmed case zika,Politics & Governance,0.8895046727180886,"[0.003965998642014141, 0.8895046727180886, 0.09978314159804884, 0.006746187041848279]"
synthetic,actor_2,2025-01-08,donald trump true populist might look like truth living self constructed trump bubble,donald trump true populist might look like truth living self constructed trump bubble,Politics & Governance,0.7956928631290962,"[0.011945511011505911, 0.7956928631290962, 0.18412805759952824, 0.00823356825986965]"
synthetic,actor_2,2025-01-08,one year trump style stress test global alliance trump left u ally nervous america global competitor gain serious ground,one year trump style stress test global alliance trump left u ally nervous america global competitor gain serious ground,Politics & Governance,0.9797991027704399,"[0.0038887126775436383, 0.9797991027704399, 0.015024658198742366, 0.0012875263532740823]"
synthetic,actor_2,2025-01-08,indefinite shutdown kashmir internet illegal india top court india supreme court ordered government review curb kashmir saying freedom internet access fundamental right,indefinite shutdown kashmir internet illegal india top court india supreme court ordered government review curb kashmir saying freedom internet access fundamental right,Politics & Governance,0.9359523146698937,"[0.009983369901150549, 0.9359523146698937, 0.01974289094529457, 0.03432142448366138]"
synthetic,actor_2,2025-01-08,trump assault rule law previously published boston globe faced james comey testimony president trump defender beckon u,trump assault rule law previously published boston globe faced james comey testimony president trump defender beckon u,Politics & Governance,0.9894197750440817,"[0.000988555285451557, 0.9894197750440817, 0.008969523551614475, 0.0006221461188521319]"
synthetic,actor_2,2025-01-08,wounded knee moon popping tree twenty three soldier th cavalry awarded nation highest honor medal honor murder nearly innocent unarmed men woman child,wounded knee moon popping tree twenty three soldier th cavalry awarded nation highest honor medal honor murder nearly innocent unarmed men woman child,Politics & Governance,0.8457501987408892,"[0.01893067690179359, 0.8457501987408892, 0.11205736074810793, 0.023261763609209448]"
synthetic,actor_2,2025-01-08,climate change drive domestic violence fiji island nation fiji one world highest rate domestic violence climate change disaster making,climate change drive domestic violence fiji island nation fiji one world highest rate domestic violence climate change disaster making,Politics & Governance,0.8688089553215644,"[0.052511130494561825, 0.8688089553215644, 0.05811191578129578, 0.02056799840257798]"
synthetic,actor_2,2025-01-08,republican failed repeal obamacare get party never able unify behind idea new plan,republican failed repeal obamacare get party never able unify behind idea new plan,Politics & Governance,0.9600655549078998,"[0.0124597471184292, 0.9600655549078998, 0.020216922118812528, 0.007257775854858314]"
synthetic,actor_2,2025-01-08,tim kaine rip donald trump picking fight ally making ally nervous trying appease adversary,tim kaine rip donald trump picking fight ally making ally nervous trying appease adversary,Politics & Governance,0.9589613180436616,"[0.004044291952654872, 0.9589613180436616, 0.03353709734038464, 0.0034572926632988874]"
synthetic,actor_2,2025-01-08,dnc guy target james comey long joke everyone comedian,dnc guy target james comey long joke everyone comedian,Politics & Governance,0.6071303800275434,"[0.02029386959782382, 0.6071303800275434, 0.3544799942453021, 0.018095756129330596]"
synthetic,actor_2,2025-01-08,big check power jeb bush super pac unreal money haul bush got donor gave million apiece help family,big check power jeb bush super pac unreal money haul bush got donor gave million apiece help family,Politics & Governance,0.9277135082636112,"[0.02381668667648766, 0.9277135082636112, 0.042148824414708394, 0.006320980645192607]"
synthetic,actor_2,2025-01-08,meet man track digital footprint missing central american migrant,meet man track digital footprint missing central american migrant,Politics & Governance,0.7590957459962974,"[0.055213821229112545, 0.7590957459962974, 0.10966853638851923, 0.07602189638607086]"
synthetic,actor_2,2025-01-08,gop senate winner tommy tuberville blitzed sport defense trump tantrum former auburn university football team coach alabama senator elect received swift fact check declaring election result control,gop senate winner tommy tuberville blitzed sport defense trump tantrum former auburn university football team coach alabama senator elect received swift fact check declaring election result control,Politics & Governance,0.9363847728591761,"[0.0016911130902459196, 0.9363847728591761, 0.060932014961087286, 0.0009920990894905076]"
synthetic,actor_2,2025-01-08,democrat say nice republican nasty poor people,democrat say nice republican nasty poor people,Politics & Governance,0.9868128521318917,"[0.003766892689916647, 0.9868128521318917, 0.005784576966702529, 0.0036356782114891407]"
synthetic,actor_2,2025-01-08,federal reserve give donald trump first interest rate hike trump attacked federal reserve board chair janet yellen campaign trail,federal reserve give donald trump first interest rate hike trump attacked federal reserve board chair janet yellen campaign trail,Politics & Governance,0.9587239661616614,"[0.02982236558603889, 0.9587239661616614, 0.010192898112439652, 0.0012607701398601103]"
synthetic,actor_2,2025-01-08,defense christian every reason concerned fate christian community arab world stake not survival important minority future region violent extremist group like isi kin pose existential challenge not christian arab muslim,defense christian every reason concerned fate christian community arab world stake not survival important minority future region violent extremist group like isi kin pose existential challenge not christian arab muslim,Politics & Governance,0.9578677719462818,"[0.006667132216020176, 0.9578677719462818, 0.03112766567491622, 0.004337430162781487]"
synthetic,actor_2,2025-01-08,could president bill clinton changed history north korea,could president bill clinton changed history north korea,Politics & Governance,0.9923051022777049,"[0.001444037289683407, 0.9923051022777049, 0.004860194253552457, 0.001390666179059316]"
synthetic,actor_2,2025-01-08,new court filing challenge legality death penalty long shot breyer dissent inviting people challenge death penalty accepted invitation,new court filing challenge legality death penalty long shot breyer dissent inviting people challenge death penalty accepted invitation,Politics & Governance,0.9323450402629919,"[0.013712071098671565, 0.9323450402629919, 0.040441508049939956, 0.013501380588396623]"
synthetic,actor_3,2025-01-08,communication one thing writing specialized audience understands terminology include legend explain term end article written expressly target audience believe safely assume passed point diminishing return,communication one thing writing specialized audience understands terminology include legend explain term end article written expressly target audience believe safely assume passed point diminishing return,Society & Health,0.5952297311794639,"[0.18258007510394578, 0.16411306932714856, 0.5952297311794639, 0.05807712438944166]"
synthetic,actor_3,2025-01-08,top trump economic adviser larry kudlow see no recession sight head national economic council say economy pretty good shape despite growing fear coming downturn,top trump economic adviser larry kudlow see no recession sight head national economic council say economy pretty good shape despite growing fear coming downturn,Politics & Governance,0.7817211737139542,"[0.11580118407225817, 0.7817211737139542, 0.08393248427003301, 0.01854515794375463]"
synthetic,actor_3,2025-01-08,cpac special exhibit sobbing jan rioter jail instead dancing stand around watch guy cry said one journalist describing bizarre scene,cpac special exhibit sobbing jan rioter jail instead dancing stand around watch guy cry said one journalist describing bizarre scene,Politics & Governance,0.692829865896241,"[0.01633630475880698, 0.692829865896241, 0.2668174274518429, 0.024016401893109284]"
synthetic,actor_3,2025-01-08,hillary clinton symbolism specific clinton strategy winning progressive base energizing electorate people recognize video young poor minority single woman actually get excited turn vote not mid term election clinton win devil detail clinton not sustain sort aspirational politics month november without getting specific many way interesting political contest come not battle nomination even likely campaign clinton republican rival no contest watch fight campaign clinton need wage one acceptable wall street sponsor,hillary clinton symbolism specific clinton strategy winning progressive base energizing electorate people recognize video young poor minority single woman actually get excited turn vote not mid term election clinton win devil detail clinton not sustain sort aspirational politics month november without getting specific many way interesting political contest come not battle nomination even likely campaign clinton republican rival no contest watch fight campaign clinton need wage one acceptable wall street sponsor,Politics & Governance,0.9929534195645009,"[0.004149399849022738, 0.9929534195645009, 0.0014535707348919658, 0.001443609851584412]"
synthetic,actor_3,2025-01-08,former cbo director express strong objection gop attack agency call republican name letter target obvious,former cbo director express strong objection gop attack agency call republican name letter target obvious,Politics & Governance,0.9596705274748928,"[0.00844497581754994, 0.9596705274748928, 0.02742261175472247, 0.004461884952834722]"
synthetic,actor_3,2025-01-08,trump left nearly applicant central american refugee program stranded current administration criticized people coming border seek asylum shut another way could find safety u,trump left nearly applicant central american refugee program stranded current administration criticized people coming border seek asylum shut another way could find safety u,Politics & Governance,0.9650657965836167,"[0.013450684278150092, 0.9650657965836167, 0.010553327535318527, 0.01093019160291478]"
synthetic,actor_3,2025-01-08,paul krugman cyprus bailout push european stage run bank lawmaker reject deal could send cyprus bankruptcy perhaps push euro according reuters,paul krugman cyprus bailout push european stage run bank lawmaker reject deal could send cyprus bankruptcy perhaps push euro according reuters,Economy & Business,0.966474628703907,"[0.966474628703907, 0.01768210714198767, 0.008938827277612178, 0.0069044368764930725]"
synthetic,actor_3,2025-01-08,u stop taking idiotic action know provoke terrorism aborted terrorist attack manhattan make wonder united state go way inflame crazy,u stop taking idiotic action know provoke terrorism aborted terrorist attack manhattan make wonder united state go way inflame crazy,Politics & Governance,0.7283718801481125,"[0.05386077745469291, 0.7283718801481125, 0.1977518871767927, 0.020015455220401875]"
synthetic,actor_3,2025-01-08,remaking vacant lot cut crime explosion vacant property especially rust belt city spurring cleanup effort martha moore many city,remaking vacant lot cut crime explosion vacant property especially rust belt city spurring cleanup effort martha moore many city,Politics & Governance,0.6061651813397342,"[0.08734626980977714, 0.6061651813397342, 0.2686042880705126, 0.037884260779976]"
synthetic,actor_3,2025-01-08,john boehner think ted cruz lucifer miserable son bitch tell u really feel mr speaker,john boehner think ted cruz lucifer miserable son bitch tell u really feel mr speaker,Politics & Governance,0.9622928257435764,"[0.008045438783934829, 0.9622928257435764, 0.024877759033733984, 0.004783976438754695]"
synthetic,actor_3,2025-01-08,huffpollster trump supporter say back disagreement republican house speaker paul ryan get less goodwill gop base,huffpollster trump supporter say back disagreement republican house speaker paul ryan get less goodwill gop base,Politics & Governance,0.9987535794543321,"[0.0002560484399977787, 0.9987535794543321, 0.0008285848903516046, 0.0001617872153185137]"
synthetic,actor_3,2025-01-08,lbj launch medicare treat grandma way year ago sunday july,lbj launch medicare treat grandma way year ago sunday july,Politics & Governance,0.4109708766680871,"[0.09770626411917972, 0.4109708766680871, 0.3649937260294279, 0.1263291331833054]"
synthetic,actor_3,2025-01-08,flint fallout prompt philadelphia extra test lead water new round testing appears response activist pressure,flint fallout prompt philadelphia extra test lead water new round testing appears response activist pressure,Politics & Governance,0.8130757709394444,"[0.02709549087124198, 0.8130757709394444, 0.12126262196424187, 0.03856611622507179]"
synthetic,actor_3,2025-01-08,woman opening business afghanistan whether men like not shop restaurant not man world workplace,woman opening business afghanistan whether men like not shop restaurant not man world workplace,Economy & Business,0.5964347732673493,"[0.5964347732673493, 0.1879214599671657, 0.19895729486164399, 0.016686471903841073]"
synthetic,actor_3,2025-01-08,republican sheriff want make prison inmate build trump border wall think no project would positive impact said sheriff thomas hodgson,republican sheriff want make prison inmate build trump border wall think no project would positive impact said sheriff thomas hodgson,Politics & Governance,0.9675264468504314,"[0.014403671956474844, 0.9675264468504314, 0.01439332257555129, 0.00367655861754235]"
synthetic,actor_3,2025-01-08,russia say pulling back force ukraine kharkiv region russia defense ministry announced troop pulled back two area ukrainian counter offensive made significant advance,russia say pulling back force ukraine kharkiv region russia defense ministry announced troop pulled back two area ukrainian counter offensive made significant advance,Politics & Governance,0.950958167303768,"[0.007307324992939978, 0.950958167303768, 0.03605709456814535, 0.005677413135146711]"
synthetic,actor_3,2025-01-08,venezuela helicopter attack exacerbates deteriorating crisis living anarchy,venezuela helicopter attack exacerbates deteriorating crisis living anarchy,Politics & Governance,0.8636933058472834,"[0.027011365390535974, 0.8636933058472834, 0.09420472427063983, 0.015090604491540803]"
synthetic,actor_3,2025-01-08,hank johnson elected midterm election,hank johnson elected midterm election,Politics & Governance,0.9282054998356606,"[0.013787719868307438, 0.9282054998356606, 0.0533531641074096, 0.004653616188622353]"
synthetic,actor_3,2025-01-08,senate foreign relation chair say country interfere foreign election time bob corker think obvious russia butted u politics,senate foreign relation chair say country interfere foreign election time bob corker think obvious russia butted u politics,Politics & Governance,0.9839518752709314,"[0.003787361040766816, 0.9839518752709314, 0.010584578752675716, 0.0016761849356259212]"
synthetic,actor_3,2025-01-08,reason new hampshire make take donald trump seriously already thinking ahead general election,reason new hampshire make take donald trump seriously already thinking ahead general election,Politics & Governance,0.942907074878528,"[0.011811937477485358, 0.942907074878528, 0.040997391204559176, 0.004283596439427468]"
synthetic,actor_4,2025-01-08,computer next conquest crossword letter word smarty pant weekend world may find computer technology try best,computer next conquest crossword letter word smarty pant weekend world may find computer technology try best,Technology & Cyber,0.6604857775155399,"[0.045241594517926934, 0.033439781420346315, 0.2608328465461868, 0.6604857775155399]"
synthetic,actor_4,2025-01-08,woman business q kelly robert historic mission inn spa kelly robert graduated bachelor art degree university southern california additionally earned degree law entrepreneur invests real estate apartment interesting business kelly equestrian hobby include mixed martial art pilate,woman business q kelly robert historic mission inn spa kelly robert graduated bachelor art degree university southern california additionally earned degree law entrepreneur invests real estate apartment interesting business kelly equestrian hobby include mixed martial art pilate,Economy & Business,0.6358230648056007,"[0.6358230648056007, 0.0882576761299436, 0.2593552947059971, 0.016563964358458638]"
synthetic,actor_4,2025-01-08,personality say lot health,personality say lot health,Politics & Governance,0.3258725711169248,"[0.0881787823489904, 0.3258725711169248, 0.2656269795364439, 0.32032166699764086]"
synthetic,actor_4,2025-01-08,mar doughnut rock mystery solved nasa opportunity rover team researcher responsible operating rover figured mar doughnut rock flicked view rover,mar doughnut rock mystery solved nasa opportunity rover team researcher responsible operating rover figured mar doughnut rock flicked view rover,Technology & Cyber,0.874309286694723,"[0.0211995573510431, 0.029908021672386906, 0.07458313428184703, 0.874309286694723]"
synthetic,actor_4,2025-01-08,democrat warn trump administration killing barack obama retirement rule white house delayed regulation meant save consumer billion dollar retirement plan putting limbo,democrat warn trump administration killing barack obama retirement rule white house delayed regulation meant save consumer billion dollar retirement plan putting limbo,Politics & Governance,0.974616624271189,"[0.022859296241200994, 0.974616624271189, 0.0007427871347740142, 0.001781292352835862]"
synthetic,actor_4,2025-01-08,dragon ball z v street fighter ii video childhood dream come true not worthy,dragon ball z v street fighter ii video childhood dream come true not worthy,Society & Health,0.8064284155966236,"[0.05398869574236172, 0.0625567026708857, 0.8064284155966236, 0.07702618599012895]"
synthetic,actor_4,2025-01-08,sling queen degrom latest mets injury going season mets everything going,sling queen degrom latest mets injury going season mets everything going,Society & Health,0.9552466086638256,"[0.013132056051263894, 0.0258351995287805, 0.9552466086638256, 0.005786135756129984]"
synthetic,actor_4,2025-01-08,trump invite philippine duterte washington white house say two leader also reportedly addressed concern north korea,trump invite philippine duterte washington white house say two leader also reportedly addressed concern north korea,Politics & Governance,0.9880743303167407,"[0.0024404214001107257, 0.9880743303167407, 0.008592605934932605, 0.0008926423482159055]"
synthetic,actor_4,2025-01-08,summer stroll le marais surround paris whether got family tow flying solo though paris charm marred long line overwhelmingly large crowd tourist site temperate weather invite stroll quaint neighborhood lose local color,summer stroll le marais surround paris whether got family tow flying solo though paris charm marred long line overwhelmingly large crowd tourist site temperate weather invite stroll quaint neighborhood lose local color,Society & Health,0.9709475826448102,"[0.00769507313184275, 0.01645254749758591, 0.9709475826448102, 0.004904796725761184]"
synthetic,actor_4,2025-01-08,politics clothes calin brown designer renowned bold political statement tommy hilfiger use white bandana,politics clothes calin brown designer renowned bold political statement tommy hilfiger use white bandana,Society & Health,0.7594056668172037,"[0.008448252123381699, 0.21975622327274377, 0.7594056668172037, 0.012389857786670783]"
synthetic,actor_4,2025-01-08,woman business q katherine jetter katherine enjoys creative vibe city well expansive endless vista new mexico landscape creating inspiring positive influence collection one kind commission,woman business q katherine jetter katherine enjoys creative vibe city well expansive endless vista new mexico landscape creating inspiring positive influence collection one kind commission,Economy & Business,0.45476779169352693,"[0.45476779169352693, 0.1010780322171675, 0.40834045484148845, 0.035813721247816954]"
synthetic,actor_4,2025-01-08,reason charlotte weirdest buzz city bobcat everything oddly evangelical first lady michelle obama complimented city,reason charlotte weirdest buzz city bobcat everything oddly evangelical first lady michelle obama complimented city,Society & Health,0.8005061672700188,"[0.016033759727937316, 0.17489076736158693, 0.8005061672700188, 0.008569305640457043]"
synthetic,actor_4,2025-01-08,key product differentiation fun profit,key product differentiation fun profit,Economy & Business,0.4965160248244948,"[0.4965160248244948, 0.09615704495017285, 0.3083818663244182, 0.09894506390091427]"
synthetic,actor_4,2025-01-08,ukraine document alleged atrocity retreating russian authority said ukraine military discovered indication execution style slaying add case prosecuting russian official war crime,ukraine document alleged atrocity retreating russian authority said ukraine military discovered indication execution style slaying add case prosecuting russian official war crime,Politics & Governance,0.9878735393007598,"[0.00346238045786067, 0.9878735393007598, 0.005173212035941548, 0.0034908682054376966]"
synthetic,actor_4,2025-01-08,new spider man homecoming trailer give much away great trailer come great possible spoiler,new spider man homecoming trailer give much away great trailer come great possible spoiler,Society & Health,0.9691924425703756,"[0.011768627133852188, 0.009108691050035396, 0.9691924425703756, 0.00993023924573694]"
synthetic,actor_4,2025-01-08,demi lovato remains cool summer falling onstage ever think heart attack,demi lovato remains cool summer falling onstage ever think heart attack,Society & Health,0.9378949464137966,"[0.010639243331795145, 0.03374343577724557, 0.9378949464137966, 0.017722374477162763]"
synthetic,actor_4,2025-01-08,serving nation immigrant tradition immigrant heritage month give u opportunity recognize story contribution came make country great way let u not forget one way represents among highest possible patriotic calling serve nation armed force,serving nation immigrant tradition immigrant heritage month give u opportunity recognize story contribution came make country great way let u not forget one way represents among highest possible patriotic calling serve nation armed force,Politics & Governance,0.8992915423721703,"[0.03919430931839439, 0.8992915423721703, 0.052291252704310495, 0.00922289560512484]"
synthetic,actor_4,2025-01-08,power city boston plan close gender wage gap business case clear research confirmed company woman leadership role management team corporate board average outperform company,power city boston plan close gender wage gap business case clear research confirmed company woman leadership role management team corporate board average outperform company,Economy & Business,0.9894250485703735,"[0.9894250485703735, 0.0068249624412160025, 0.0005708643578847503, 0.0031791246305257885]"
synthetic,actor_4,2025-01-08,artist dazzling travel journal inspire next trip wanderlust activated,artist dazzling travel journal inspire next trip wanderlust activated,Society & Health,0.9867232573276561,"[0.0023232676468866982, 0.007436539598391366, 0.9867232573276561, 0.003516935427065879]"
synthetic,actor_4,2025-01-08,america miserable state wall st american not happier last year fact slightly miserable least,america miserable state wall st american not happier last year fact slightly miserable least,Economy & Business,0.8585520404153684,"[0.8585520404153684, 0.11097389215757218, 0.02595848654301107, 0.004515580884048356]"
synthetic,actor_5,2025-01-08,yahoo move desktop search internet giant yahoo launched software allow people search e mail file pc firm following footstep microsoft google ask jeeves offered similar service search become lucrative hotly contested area expansion net firm looking extend loyalty beyond web hard drive providing bigger storage user could need help locate important file photo desktop search technology licensed u based firm x technology designed work alongside microsoft outlook outlook express e mail program searching e mail effectively becoming increasingly important especially amount spam increase according research message analyst radicati group business critical information stored e mail attachment yahoo software also work separately desktop searching music photo file user search variety criterion including file name size date time yet incorporate web searching although yahoo promised future version allow user search web based desktop data getting file desktop real commercial opportunity lie linking web content said julian smith analyst research firm jupiter extending idea search getting closer relationship consumer organising not search internet file computer well said search engine often first port call user go onto web new foray desktop search rung alarm bell human right group concerned implication privacy not everyone impressed functionality service alexander linden vice president emerging technology analyst firm gartner downloaded google product since removed not interesting said belief rush enter desktop business way keeping rival desktop search one many feature people would like suspicious usefulness said useful would tool combine internet intranet desktop search alongside improvement key word searching said,yahoo move desktop search internet giant yahoo launched software allow people search e mail file pc firm following footstep microsoft google ask jeeves offered similar service search become lucrative hotly contested area expansion net firm looking extend loyalty beyond web hard drive providing bigger storage user could need help locate important file photo desktop search technology licensed u based firm x technology designed work alongside microsoft outlook outlook express e mail program searching e mail effectively becoming increasingly important especially amount spam increase according research message analyst radicati group business critical information stored e mail attachment yahoo software also work separately desktop searching music photo file user search variety criterion including file name size date time yet incorporate web searching although yahoo promised future version allow user search web based desktop data getting file desktop real commercial opportunity lie linking web content said julian smith analyst research firm jupiter extending idea search getting closer relationship consumer organising not search internet file computer well said search engine often first port call user go onto web new foray desktop search rung alarm bell human right group concerned implication privacy not everyone impressed functionality service alexander linden vice president emerging technology analyst firm gartner downloaded google product since removed not interesting said belief rush enter desktop business way keeping rival desktop search one many feature people would like suspicious usefulness said useful would tool combine internet intranet desktop search alongside improvement key word searching said,Technology & Cyber,0.9855863777290833,"[0.011858753291109417, 0.0012658582386574583, 0.0012890107411498806, 0.9855863777290833]"
synthetic,actor_5,2025-01-08,particle real common conception exists among today theoretical physicist symbol appear mathematical equation represent true reality observation always look like localized particle way reality manifest,particle real common conception exists among today theoretical physicist symbol appear mathematical equation represent true reality observation always look like localized particle way reality manifest,Technology & Cyber,0.5386425330768152,"[0.11245299089971979, 0.1301706326034384, 0.21873384342002655, 0.5386425330768152]"
synthetic,actor_5,2025-01-08,mobile lorm glove help deaf blind people text message follow innovationnewsdaily twitter news innovation facebook innovative design year new app let,mobile lorm glove help deaf blind people text message follow innovationnewsdaily twitter news innovation facebook innovative design year new app let,Technology & Cyber,0.8995760738212959,"[0.056453931179784575, 0.02801681688870145, 0.015953178110218177, 0.8995760738212959]"
synthetic,actor_5,2025-01-08,eliot spitzer obama wall street side since day one come actually putting place reform based structure would actually changed way banking,eliot spitzer obama wall street side since day one come actually putting place reform based structure would actually changed way banking,Economy & Business,0.4031161121273909,"[0.4031161121273909, 0.4022316728207709, 0.16415499048385704, 0.03049722456798127]"
synthetic,actor_5,2025-01-08,newest wonder world summer unesco convenes announce new pick world heritage list chosen cultural historical environmental importance check year new crop wonder see one speak tajikistan anyone,newest wonder world summer unesco convenes announce new pick world heritage list chosen cultural historical environmental importance check year new crop wonder see one speak tajikistan anyone,Society & Health,0.9090130154735658,"[0.01710359764564637, 0.05506259731045043, 0.9090130154735658, 0.01882078957033721]"
synthetic,actor_5,2025-01-08,video heineken tap tubemogul programmatic campaign,video heineken tap tubemogul programmatic campaign,Politics & Governance,0.3956110782262271,"[0.16919975350932207, 0.3956110782262271, 0.3183616853436104, 0.11682748292084044]"
synthetic,actor_5,2025-01-08,night gripping reminder lgbtq issue beyond caitlyn spoiler night pov documentary airing june nd pb reminds u countless others lgbtq gender non conforming community still face discrimination daily,night gripping reminder lgbtq issue beyond caitlyn spoiler night pov documentary airing june nd pb reminds u countless others lgbtq gender non conforming community still face discrimination daily,Society & Health,0.7573949593337287,"[0.02488649482344439, 0.19590359605204094, 0.7573949593337287, 0.021814949790786024]"
synthetic,actor_5,2025-01-08,kristen aiken huffpost taste editor steal beauty tip called life want huffpost style beauty content check u twitter facebook tumblr pinterest instagram huffpostbeauty,kristen aiken huffpost taste editor steal beauty tip called life want huffpost style beauty content check u twitter facebook tumblr pinterest instagram huffpostbeauty,Society & Health,0.9762770354145934,"[0.0057538596894244065, 0.004666781443803428, 0.9762770354145934, 0.013302323452178876]"
synthetic,actor_5,2025-01-08,creative lone wolf growing creative economy democratization production fostering large generation lone wolf professional competing fiercely place sun fifteen minute fame,creative lone wolf growing creative economy democratization production fostering large generation lone wolf professional competing fiercely place sun fifteen minute fame,Society & Health,0.47735388943649854,"[0.37554226707074223, 0.10834998680104767, 0.47735388943649854, 0.038753856691711545]"
synthetic,actor_5,2025-01-08,report suggests scott pruitt may signed epa staff raise source tell atlantic email one pruitt aide contradicts claim,report suggests scott pruitt may signed epa staff raise source tell atlantic email one pruitt aide contradicts claim,Politics & Governance,0.9636468713210287,"[0.0118579438619073, 0.9636468713210287, 0.009431582654980689, 0.01506360216208344]"
synthetic,actor_5,2025-01-08,fertility clinic let select baby sex one five couple come hrc fertility network fertility clinic southern california need,fertility clinic let select baby sex one five couple come hrc fertility network fertility clinic southern california need,Society & Health,0.4632355211386837,"[0.08764135729781912, 0.39217643887822945, 0.4632355211386837, 0.05694668268526766]"
synthetic,actor_5,2025-01-08,piece advice president elect trump presidential election country treated past year amounted nothing,piece advice president elect trump presidential election country treated past year amounted nothing,Politics & Governance,0.9665338377177104,"[0.009051713890274619, 0.9665338377177104, 0.02234118589045858, 0.00207326250155632]"
synthetic,actor_5,2025-01-08,fed punish united dragging doctor flight david dao injured forcibly removed make room airline employee,fed punish united dragging doctor flight david dao injured forcibly removed make room airline employee,Society & Health,0.684624720931102,"[0.1355789413775385, 0.16358357598842985, 0.684624720931102, 0.0162127617029296]"
synthetic,actor_5,2025-01-08,no humanity paulo violent crackdown cracol ndia dawn sunday neighborhood center paulo brazil awoke violent unanticipated onslaught nearly,no humanity paulo violent crackdown cracol ndia dawn sunday neighborhood center paulo brazil awoke violent unanticipated onslaught nearly,Politics & Governance,0.6477604242199881,"[0.038652444689145755, 0.6477604242199881, 0.28870806546809086, 0.024879065622775157]"
synthetic,actor_5,2025-01-08,sankalp q unitus seek launch seed fund around world thousand investor entrepreneur descending new delhi week sankalp global summit looking beat competitor dave richards poole managing director unitus seed fund looking create competition seeding additional fund like,sankalp q unitus seek launch seed fund around world thousand investor entrepreneur descending new delhi week sankalp global summit looking beat competitor dave richards poole managing director unitus seed fund looking create competition seeding additional fund like,Economy & Business,0.476362431566844,"[0.476362431566844, 0.19706326163557034, 0.23658646198642563, 0.08998784481116012]"
synthetic,actor_5,2025-01-08,woman paleontology celebration female field scientist little girl blue eye wide step microphone five year old front room,woman paleontology celebration female field scientist little girl blue eye wide step microphone five year old front room,Society & Health,0.606179231386567,"[0.04110617150098265, 0.05606859044609349, 0.606179231386567, 0.2966460066663569]"
synthetic,actor_5,2025-01-08,company best reputation marketwatch th annual reputation quotient survey harris interactive rated large american company based,company best reputation marketwatch th annual reputation quotient survey harris interactive rated large american company based,Economy & Business,0.7898223832374791,"[0.7898223832374791, 0.06456096314991001, 0.09357045086198794, 0.05204620275062303]"
synthetic,actor_5,2025-01-08,buy blackberry spent last two week playing z definite pro con need consider shelling buy one,buy blackberry spent last two week playing z definite pro con need consider shelling buy one,Society & Health,0.4607788200062997,"[0.2495416828696254, 0.19516128356487508, 0.4607788200062997, 0.09451821355919982]"
synthetic,actor_5,2025-01-08,man offer hug trump sander rally asks america want want world filled love world pre judgment hate speech,man offer hug trump sander rally asks america want want world filled love world pre judgment hate speech,Politics & Governance,0.9237330927510569,"[0.009343161379312332, 0.9237330927510569, 0.05973859466709404, 0.007185151202536864]"
synthetic,actor_5,2025-01-08,know good consumer lawyer sign diana winkler suspected found great lawyer consumer case telltale sign genuine concern,know good consumer lawyer sign diana winkler suspected found great lawyer consumer case telltale sign genuine concern,Economy & Business,0.5021810880967278,"[0.5021810880967278, 0.3315143682184666, 0.10385619455366933, 0.06244834913113638]"
synthetic,actor_6,2025-01-08,dog imitate human canine study show man best friend capable copycat behavior video dog could imitate behavior twice row waiting second ready testing phase,dog imitate human canine study show man best friend capable copycat behavior video dog could imitate behavior twice row waiting second ready testing phase,Technology & Cyber,0.7209003217811105,"[0.04974636395555172, 0.04936657332873382, 0.17998674093460387, 0.7209003217811105]"
synthetic,actor_6,2025-01-08,genetic marker concussion researcher found link certain gene football player susceptibility getting concussion scientific detective story sort,genetic marker concussion researcher found link certain gene football player susceptibility getting concussion scientific detective story sort,Society & Health,0.5950753556669878,"[0.012289489457156114, 0.015000095030305327, 0.5950753556669878, 0.37763505984555074]"
synthetic,actor_6,2025-01-08,cheat iron triangle tony schwartz believe iron triangle applies almost every human endeavor throwing party keeping marriage alive year no plan survives first encounter reality real question corner iron triangle going compromise,cheat iron triangle tony schwartz believe iron triangle applies almost every human endeavor throwing party keeping marriage alive year no plan survives first encounter reality real question corner iron triangle going compromise,Society & Health,0.558498797435508,"[0.058821176731936965, 0.2488519346861101, 0.558498797435508, 0.13382809114644492]"
synthetic,actor_6,2025-01-08,space photo week nasa best astronomy spaceflight picture video nasa launched another communication satellite orbit last week releasing incredible shot atlas v rocket,space photo week nasa best astronomy spaceflight picture video nasa launched another communication satellite orbit last week releasing incredible shot atlas v rocket,Technology & Cyber,0.9583862845500148,"[0.009301093848227584, 0.00858043440721647, 0.023732187194541128, 0.9583862845500148]"
synthetic,actor_6,2025-01-08,think real danger not happens data cross net argues analyst bill thompson happens arrives end financial service authority warned bank financial institution member criminal gang may applying job give access confidential customer data fear not steal money bank account instead steal something far valuable digital society identity armed personal detail bank hold plus fake letter two apparently easy get loan open bank account overdraft get credit card someone else name simple matter move money another account leave unwitting victim sort mess statement demand payment start arriving identity theft increasingly significant economic crime becoming aware danger leaving bill receipt bank statement unshredded rubbish however careful may organisation trust personal data bank account credit card not able look database properly trouble surprising taken gang long realise well placed insider far simplest way break security computer system fact suspect fsa probably late particular party sort thing going rather long time anyone checked bob cratchit family link criminal underworld wonder hardly likely bank targeted health authority government agency course big e commerce site like amazon must also offer rich picking fraudsters good news better auditing likely catch access account detail not supposed become aware danger identity theft look carefully unexpected transaction statement bank good enough record log trace people might accessed account detail fortunately way keep bank system secure sort data theft involves taking portable hard drive flash memory card office plugging usb slot sucking customer file company like securewave example restrict use usb port authorised device even individual personal memory card solution not perfect not feel like wave fraud wash away entire financial system however warning highlight one major issue e commerce online trading security otherwise server system make back office clear year real danger paying good online credit card not number intercepted transit shop dealing hacked fact not know single case e mail containing payment detail led card fraud simply many e mail passing net interception sensible tool anyone commit fraud cd universe powergen many company left database open suffered consequence last week online bank cahoot admitted customer account detail could read anyone could guess login name whether external hacker breaking poor system security internal staff abusing access get part job issue make sure personal data not abused organisation process personal data course bound data protection act must take proper care unauthorised disclosure not allowed penalty small process prosecuting act convoluted worthless practice not something leave market consequence one identity stolen serious market respond slowly bank cahoot would much hassle move account not even consider heard security problem doubt many others closed account especially little guarantee bank not going make sort mistake future two option would seem stringent data protection law company really feel pressure improve internal process wave civil lawsuit financial institution sloppy practice whose customer suffer identity theft never felt comfortable u practice suing everything move partly seems make lawyer richer client know prefer bill thompson regular commentator bbc world service programme go digital,think real danger not happens data cross net argues analyst bill thompson happens arrives end financial service authority warned bank financial institution member criminal gang may applying job give access confidential customer data fear not steal money bank account instead steal something far valuable digital society identity armed personal detail bank hold plus fake letter two apparently easy get loan open bank account overdraft get credit card someone else name simple matter move money another account leave unwitting victim sort mess statement demand payment start arriving identity theft increasingly significant economic crime becoming aware danger leaving bill receipt bank statement unshredded rubbish however careful may organisation trust personal data bank account credit card not able look database properly trouble surprising taken gang long realise well placed insider far simplest way break security computer system fact suspect fsa probably late particular party sort thing going rather long time anyone checked bob cratchit family link criminal underworld wonder hardly likely bank targeted health authority government agency course big e commerce site like amazon must also offer rich picking fraudsters good news better auditing likely catch access account detail not supposed become aware danger identity theft look carefully unexpected transaction statement bank good enough record log trace people might accessed account detail fortunately way keep bank system secure sort data theft involves taking portable hard drive flash memory card office plugging usb slot sucking customer file company like securewave example restrict use usb port authorised device even individual personal memory card solution not perfect not feel like wave fraud wash away entire financial system however warning highlight one major issue e commerce online trading security otherwise server system make back office clear year real danger paying good online credit card not number intercepted transit shop dealing hacked fact not know single case e mail containing payment detail led card fraud simply many e mail passing net interception sensible tool anyone commit fraud cd universe powergen many company left database open suffered consequence last week online bank cahoot admitted customer account detail could read anyone could guess login name whether external hacker breaking poor system security internal staff abusing access get part job issue make sure personal data not abused organisation process personal data course bound data protection act must take proper care unauthorised disclosure not allowed penalty small process prosecuting act convoluted worthless practice not something leave market consequence one identity stolen serious market respond slowly bank cahoot would much hassle move account not even consider heard security problem doubt many others closed account especially little guarantee bank not going make sort mistake future two option would seem stringent data protection law company really feel pressure improve internal process wave civil lawsuit financial institution sloppy practice whose customer suffer identity theft never felt comfortable u practice suing everything move partly seems make lawyer richer client know prefer bill thompson regular commentator bbc world service programme go digital,Economy & Business,0.9578234528160425,"[0.9578234528160425, 0.0006724208890805437, 4.481435794634535e-05, 0.04145931193693052]"
synthetic,actor_6,2025-01-08,spectacular nature photo evoke sense time origin prepare filled awe,spectacular nature photo evoke sense time origin prepare filled awe,Society & Health,0.7296459170409927,"[0.027416344050355083, 0.06438105814816518, 0.7296459170409927, 0.17855668076048703]"
synthetic,actor_6,2025-01-08,much gold oscar statuette tonight oscar no doubt see familiar face winning coveted gold statuette no secret sparkling little men gold coated carat gold make harder figure much gold actually contain luckily math come rescue,much gold oscar statuette tonight oscar no doubt see familiar face winning coveted gold statuette no secret sparkling little men gold coated carat gold make harder figure much gold actually contain luckily math come rescue,Society & Health,0.9094180137639423,"[0.05444971627861554, 0.016291407390642915, 0.9094180137639423, 0.01984086256679939]"
synthetic,actor_6,2025-01-08,time take look female astronomer treated hidden figure premiered theater past december drew attention less discussed issue discrimination,time take look female astronomer treated hidden figure premiered theater past december drew attention less discussed issue discrimination,Society & Health,0.4170238101230728,"[0.10669536051701621, 0.14132878809429672, 0.4170238101230728, 0.33495204126561423]"
synthetic,actor_6,2025-01-08,hopper aereo threat traditional tv stopped court aero hopper get popular case wind way court said intellectual property,hopper aereo threat traditional tv stopped court aero hopper get popular case wind way court said intellectual property,Politics & Governance,0.4167010054024296,"[0.0846092118719664, 0.4167010054024296, 0.3309736573741998, 0.16771612535140412]"
synthetic,actor_6,2025-01-08,one small step remembering neil armstrong neil armstrong represented ideal time never forget watching grainy image night armstrong jumped ladder lander onto surface moon,one small step remembering neil armstrong neil armstrong represented ideal time never forget watching grainy image night armstrong jumped ladder lander onto surface moon,Technology & Cyber,0.6050205231227648,"[0.04600871898021544, 0.07602150194297554, 0.27294925595404423, 0.6050205231227648]"
synthetic,actor_6,2025-01-08,avoid baggage fee next time fly passenger cramming carry luggage fighting overhead space avoid checking bag result airline fee avoid mess,avoid baggage fee next time fly passenger cramming carry luggage fighting overhead space avoid checking bag result airline fee avoid mess,Society & Health,0.8764197951299456,"[0.08018918512037383, 0.021743926556913935, 0.8764197951299456, 0.02164709319276647]"
synthetic,actor_6,2025-01-08,two fatal technical flaw dsm definition autism dsm turn current confusion complete babel impossibly vague confusing dsm definition autism spectrum disorder essentially useless clinical research purpose not trustworthy guide determining school service,two fatal technical flaw dsm definition autism dsm turn current confusion complete babel impossibly vague confusing dsm definition autism spectrum disorder essentially useless clinical research purpose not trustworthy guide determining school service,Technology & Cyber,0.5395719567215336,"[0.08416653725548197, 0.17313855408698875, 0.20312295193599575, 0.5395719567215336]"
synthetic,actor_6,2025-01-08,scientist hit breakthrough quest transplant pig organ human little piggy could soon save million life,scientist hit breakthrough quest transplant pig organ human little piggy could soon save million life,Technology & Cyber,0.8223933213876952,"[0.03761835627704256, 0.09303754666381228, 0.046950775671450076, 0.8223933213876952]"
synthetic,actor_6,2025-01-08,trump triumphant hawaii republican caucus aloha state one bluest state country,trump triumphant hawaii republican caucus aloha state one bluest state country,Politics & Governance,0.9935594230127154,"[0.0017649787156806202, 0.9935594230127154, 0.004303710847596568, 0.00037188742400734697]"
synthetic,actor_6,2025-01-08,flexible spending account use lose march deciding whether open flexible spending account much money set aside important review,flexible spending account use lose march deciding whether open flexible spending account much money set aside important review,Economy & Business,0.6402729604395121,"[0.6402729604395121, 0.13629509228962158, 0.1825607575129547, 0.04087118975791167]"
synthetic,actor_6,2025-01-08,deadly cost north dakota gas boom,deadly cost north dakota gas boom,Politics & Governance,0.4856448299603964,"[0.37437527495373885, 0.4856448299603964, 0.10244493291949666, 0.03753496216636825]"
synthetic,actor_6,2025-01-08,psychologist push smartphone warning label technology addiction may next big public health issue,psychologist push smartphone warning label technology addiction may next big public health issue,Technology & Cyber,0.57415964107345,"[0.06203286845378305, 0.3142643825418146, 0.04954310793095238, 0.57415964107345]"
synthetic,actor_6,2025-01-08,underwater fairy ring baltic sea caused poison biologist say biologist concluded ring formed radiating pattern eelgrass grows dy,underwater fairy ring baltic sea caused poison biologist say biologist concluded ring formed radiating pattern eelgrass grows dy,Society & Health,0.40554346837329375,"[0.05103690055416736, 0.23201383675908394, 0.40554346837329375, 0.311405794313455]"
synthetic,actor_6,2025-01-08,info overload loaded quality dashlane two thing memorizes password not cloud device single master password,info overload loaded quality dashlane two thing memorizes password not cloud device single master password,Technology & Cyber,0.5221813814929759,"[0.10610051697003416, 0.1430083693879878, 0.22870973214900214, 0.5221813814929759]"
synthetic,actor_6,2025-01-08,curiosity night photo mar rover first image martian surface darkness ultraviolet white light image snapped rover mar hand lens imager mahli jan spotlight martian,curiosity night photo mar rover first image martian surface darkness ultraviolet white light image snapped rover mar hand lens imager mahli jan spotlight martian,Technology & Cyber,0.8050820007780077,"[0.00811305231783663, 0.04309852572820883, 0.14370642117594687, 0.8050820007780077]"
synthetic,actor_7,2025-01-08,microsoft going marijuana business weed never looked corporate,microsoft going marijuana business weed never looked corporate,Economy & Business,0.6825461310681424,"[0.6825461310681424, 0.18559330499484256, 0.05979291825521302, 0.0720676456818021]"
synthetic,actor_7,2025-01-08,jesse james support nra seen dead body count argues enacting stricter law nationwide keep honest people honest people not,jesse james support nra seen dead body count argues enacting stricter law nationwide keep honest people honest people not,Politics & Governance,0.6153637398131835,"[0.07091821523726682, 0.6153637398131835, 0.2803781977566742, 0.03333984719287528]"
synthetic,actor_7,2025-01-08,clinton inevitable debate question email move beyond past need make bold accountable commitment future,clinton inevitable debate question email move beyond past need make bold accountable commitment future,Politics & Governance,0.8664775814553646,"[0.04928736704648819, 0.8664775814553646, 0.05129404737186187, 0.03294100412628551]"
synthetic,actor_7,2025-01-08,twitter help confirm x shaped bulge center milky way tweeting astronomer step closer understanding origin home galaxy,twitter help confirm x shaped bulge center milky way tweeting astronomer step closer understanding origin home galaxy,Technology & Cyber,0.8516663851948584,"[0.033283253424973215, 0.060174000621365895, 0.05487636075880255, 0.8516663851948584]"
synthetic,actor_7,2025-01-08,spring wardrobe redhead style spring officially sprung past weekend spring gave early welcome sunburn nose shoulder,spring wardrobe redhead style spring officially sprung past weekend spring gave early welcome sunburn nose shoulder,Society & Health,0.9866214371824723,"[0.0034491582257287177, 0.006596036506426469, 0.9866214371824723, 0.003333368085372624]"
synthetic,actor_7,2025-01-08,u judge dismisses trump attempt block subpoena tax record trump defied decade precedent presidential candidate refusing release tax return,u judge dismisses trump attempt block subpoena tax record trump defied decade precedent presidential candidate refusing release tax return,Politics & Governance,0.9930625732614053,"[0.004291564699088208, 0.9930625732614053, 0.0022129273100680116, 0.00043293472943839716]"
synthetic,actor_7,2025-01-08,nanette lepore hosted fun show new york fashion week champagne tea fashion ftw,nanette lepore hosted fun show new york fashion week champagne tea fashion ftw,Society & Health,0.9940357879582705,"[0.0016272762356579992, 0.0023907085138090063, 0.9940357879582705, 0.0019462272922622938]"
synthetic,actor_7,2025-01-08,wynonna judd style evolution crazy stage costume flaming red hair photo wynonna celebrates th birthday may th taking look back outrageous style year vote,wynonna judd style evolution crazy stage costume flaming red hair photo wynonna celebrates th birthday may th taking look back outrageous style year vote,Society & Health,0.9910133413669238,"[0.002916802779474144, 0.0031479316540384476, 0.9910133413669238, 0.002921924199563691]"
synthetic,actor_7,2025-01-08,home storage gold ira irs regulation global financial situation continues deteriorate slowdown china loan default greece disarray european union weak energy price people becoming increasingly concerned protect money event another financial meltdown,home storage gold ira irs regulation global financial situation continues deteriorate slowdown china loan default greece disarray european union weak energy price people becoming increasingly concerned protect money event another financial meltdown,Economy & Business,0.8859132229708417,"[0.8859132229708417, 0.10265072818357361, 0.0038708952330366755, 0.0075651536125479575]"
synthetic,actor_7,2025-01-08,delta air line bringing back free meal finally perk return air travel,delta air line bringing back free meal finally perk return air travel,Society & Health,0.9376340284660604,"[0.01496163473587872, 0.0339050760222332, 0.9376340284660604, 0.01349926077582759]"
synthetic,actor_7,2025-01-08,no one knew first black trans model secret tracey africa norman always knew question found long could go undetected,no one knew first black trans model secret tracey africa norman always knew question found long could go undetected,Society & Health,0.7362705475408656,"[0.04350092192603089, 0.15623372803873553, 0.7362705475408656, 0.06399480249436791]"
synthetic,actor_7,2025-01-08,ruby rose joke compared justin bieber conan must frustrating,ruby rose joke compared justin bieber conan must frustrating,Society & Health,0.9530661980264967,"[0.015414828479094362, 0.02367493208182778, 0.9530661980264967, 0.007844041412581043]"
synthetic,actor_7,2025-01-08,zendaya masterfully shut twitter troll rape joke boy bye,zendaya masterfully shut twitter troll rape joke boy bye,Society & Health,0.7782302216860995,"[0.011052375478983311, 0.17418011293135688, 0.7782302216860995, 0.036537289903560206]"
synthetic,actor_7,2025-01-08,defamation suit bill cosby dismissed judge rule comedian right proclaim innocence rape claim,defamation suit bill cosby dismissed judge rule comedian right proclaim innocence rape claim,Society & Health,0.8163393204956799,"[0.015347826281095746, 0.16232706517722556, 0.8163393204956799, 0.005985788045998784]"
synthetic,actor_7,2025-01-08,michael moore think trump win hint complacency,michael moore think trump win hint complacency,Politics & Governance,0.6091256415355151,"[0.006453567885272163, 0.6091256415355151, 0.3808985141114792, 0.003522276467733486]"
synthetic,actor_7,2025-01-08,stunning photo show cherry blossom around world warrant last minute trip,stunning photo show cherry blossom around world warrant last minute trip,Society & Health,0.8984873444577499,"[0.007518215518981567, 0.07517572426218375, 0.8984873444577499, 0.01881871576108464]"
synthetic,actor_7,2025-01-08,lena dunham match red carpet,lena dunham match red carpet,Society & Health,0.9811966911647122,"[0.005558623280637163, 0.010033679516084387, 0.9811966911647122, 0.0032110060385661587]"
synthetic,actor_7,2025-01-08,weekly travel zen scotland week moment travel zen come u danielle petrie mile mile breathtaking scenery rolling,weekly travel zen scotland week moment travel zen come u danielle petrie mile mile breathtaking scenery rolling,Society & Health,0.9872973906643484,"[0.001668416465417894, 0.007924164359694051, 0.9872973906643484, 0.003110028510539703]"
synthetic,actor_7,2025-01-08,eva longoria dramatic reading spice girl wannabe need see today wan na really really really wan na zig zig ah,eva longoria dramatic reading spice girl wannabe need see today wan na really really really wan na zig zig ah,Society & Health,0.8468692536111854,"[0.02888846146412184, 0.10495075392357597, 0.8468692536111854, 0.019291531001116854]"
synthetic,actor_7,2025-01-08,benghazi investigation benghazi,benghazi investigation benghazi,Politics & Governance,0.8922104798961975,"[0.03428518796582013, 0.8922104798961975, 0.05993927896308635, 0.013565053174896041]"
synthetic,actor_8,2025-01-08,many american think twitter effective form presidential communication donald trump probably keep tweeting anyway,many american think twitter effective form presidential communication donald trump probably keep tweeting anyway,Politics & Governance,0.9362939178189927,"[0.025165916331515988, 0.9362939178189927, 0.029438820743462806, 0.009101345106028485]"
synthetic,actor_8,2025-01-08,delta needle airline food get plane cnn rule must turkey sandwich follow order board airplane six needle found sandwich,delta needle airline food get plane cnn rule must turkey sandwich follow order board airplane six needle found sandwich,Society & Health,0.8039205508294271,"[0.08375529624163104, 0.08631117778123393, 0.8039205508294271, 0.02601297514770793]"
synthetic,actor_8,2025-01-08,lady gaga got nothing hair went pink never going back photo color turn head even city used unconventional,lady gaga got nothing hair went pink never going back photo color turn head even city used unconventional,Society & Health,0.9920723788815844,"[0.0016565978349751204, 0.004249999254947226, 0.9920723788815844, 0.0020210240284932466]"
synthetic,actor_8,2025-01-08,never guess beyonc love shop,never guess beyonc love shop,Society & Health,0.9588322563869984,"[0.006495073032745495, 0.029748247652608063, 0.9588322563869984, 0.004924422927648085]"
synthetic,actor_8,2025-01-08,average height men europe grew centimeter century video conclude shorter men somehow unhealthier like lot research paper prompt question,average height men europe grew centimeter century video conclude shorter men somehow unhealthier like lot research paper prompt question,Society & Health,0.5083461771218867,"[0.11643455061635169, 0.16331727389808076, 0.5083461771218867, 0.21190199836368076]"
synthetic,actor_8,2025-01-08,cyndi lauper trump bum like thug politics,cyndi lauper trump bum like thug politics,Politics & Governance,0.7796288448728531,"[0.009748399559061973, 0.7796288448728531, 0.20087214851872054, 0.009750607049364469]"
synthetic,actor_8,2025-01-08,ben carson defends trump flip flop abortion make trump look worse campaign surrogate leaf lot desired,ben carson defends trump flip flop abortion make trump look worse campaign surrogate leaf lot desired,Politics & Governance,0.9872357909898692,"[0.0010179620358417598, 0.9872357909898692, 0.0106104714839128, 0.0011357754903762853]"
synthetic,actor_8,2025-01-08,gonzaga north carolina face ncaa basketball final dream get championship north carolina coach roy williams told reporter,gonzaga north carolina face ncaa basketball final dream get championship north carolina coach roy williams told reporter,Society & Health,0.9647437623815383,"[0.007216460561889588, 0.02446121217735352, 0.9647437623815383, 0.003578564879218725]"
synthetic,actor_8,2025-01-08,walmart black friday sale start thanksgiving night bought deep deep bought deep item matter customer said walmart u chief merchandising,walmart black friday sale start thanksgiving night bought deep deep bought deep item matter customer said walmart u chief merchandising,Economy & Business,0.9361074287646842,"[0.9361074287646842, 0.010838105764632577, 0.03806740116661663, 0.014987064304066428]"
synthetic,actor_8,2025-01-08,cyber attack canadian firm could coming china case canadian government declined comment report suggested chinese connection calgary based,cyber attack canadian firm could coming china case canadian government declined comment report suggested chinese connection calgary based,Politics & Governance,0.4186910609187428,"[0.18777550951162097, 0.4186910609187428, 0.05289506635993275, 0.3406383632097035]"
synthetic,actor_8,2025-01-08,new idea evolution sex attraction idea epi mark gene affect sexual orientation get passed father daughter trait end masculinized likewise mother son transmission epi mark result feminization trait,new idea evolution sex attraction idea epi mark gene affect sexual orientation get passed father daughter trait end masculinized likewise mother son transmission epi mark result feminization trait,Society & Health,0.4124426310075032,"[0.06124956850708027, 0.17262511028912236, 0.4124426310075032, 0.3536826901962941]"
synthetic,actor_8,2025-01-08,nepal call part three,nepal call part three,Politics & Governance,0.6387687002003021,"[0.04942509417769761, 0.6387687002003021, 0.278043142724824, 0.03376306289717638]"
synthetic,actor_8,2025-01-08,blake griffin actually not awful baseball pretty pretty good,blake griffin actually not awful baseball pretty pretty good,Society & Health,0.8752531053004835,"[0.039417406044121674, 0.06565431228961086, 0.8752531053004835, 0.019675176365783795]"
synthetic,actor_8,2025-01-08,blog take mainstream web log blog everywhere least estimated five million web number set grow online diary come many shape style ranging people willing sharing view picture link company interested another way reaching customer year focus blog cast critical eye news event often writing issue ignored big medium offering eye witness account event blog may small readership communication expert say provided avenue people say world politics well known example include iraqi salam pax account u led war former iranian vice president mohammad ali abtahi exclusive insight islamic republic government high low recent u election campaign already website pulling together first hand reporting account heralded blog like wikinews com launched last november blogging movement building many year andrew nachison director medium center u based think tank study medium technology society highlight u presidential race possible turning point blog could look moment audience exercised new form power choose among many source information never say blog key part transformation among blog carrying picture message saying sorry george w bush victory response supporter mr nachison argues blog become independent source image idea circumvent traditional source news information newspaper tv radio acknowledge case mainstream medium actually play role discussion distribution idea told bbc news website followed story lead part called traditional medium expressed concern emerging competitor raising question journalistic value blog others like french newspaper le monde applied different strategy offering blog part content think mission role journalism threatened transition society transition say mr nachison however agrees expert like linguist political analyst noam chomsky mainstream medium lost traditional role news gatekeeper one many road traditional journalism yes threatened professional journalist need acclimate environment many contributor discourse say mr nachison notion gatekeeper filter decides acceptable public consumption gone forever people walking around information device pocket like camera video phone going see instance ordinary citizen breaking story seems unlikely end living planet every human blogger current number blog likely keep growing web already overloaded information blog analysis firm technorati estimate number blog existence called blogosphere already exceeded five million growing exponential level tool google blogger movabletype recently launched beta version msn space making easier run blog u research think tank pew internet american life say blog created every second although less total updated least every two month expert agree phenomenon allowing individual publish share idea exchange information comment current issue post image video web easily stay entering one era technological infrastructure creating different context tell story communicate said mr nachison going bad come good,blog take mainstream web log blog everywhere least estimated five million web number set grow online diary come many shape style ranging people willing sharing view picture link company interested another way reaching customer year focus blog cast critical eye news event often writing issue ignored big medium offering eye witness account event blog may small readership communication expert say provided avenue people say world politics well known example include iraqi salam pax account u led war former iranian vice president mohammad ali abtahi exclusive insight islamic republic government high low recent u election campaign already website pulling together first hand reporting account heralded blog like wikinews com launched last november blogging movement building many year andrew nachison director medium center u based think tank study medium technology society highlight u presidential race possible turning point blog could look moment audience exercised new form power choose among many source information never say blog key part transformation among blog carrying picture message saying sorry george w bush victory response supporter mr nachison argues blog become independent source image idea circumvent traditional source news information newspaper tv radio acknowledge case mainstream medium actually play role discussion distribution idea told bbc news website followed story lead part called traditional medium expressed concern emerging competitor raising question journalistic value blog others like french newspaper le monde applied different strategy offering blog part content think mission role journalism threatened transition society transition say mr nachison however agrees expert like linguist political analyst noam chomsky mainstream medium lost traditional role news gatekeeper one many road traditional journalism yes threatened professional journalist need acclimate environment many contributor discourse say mr nachison notion gatekeeper filter decides acceptable public consumption gone forever people walking around information device pocket like camera video phone going see instance ordinary citizen breaking story seems unlikely end living planet every human blogger current number blog likely keep growing web already overloaded information blog analysis firm technorati estimate number blog existence called blogosphere already exceeded five million growing exponential level tool google blogger movabletype recently launched beta version msn space making easier run blog u research think tank pew internet american life say blog created every second although less total updated least every two month expert agree phenomenon allowing individual publish share idea exchange information comment current issue post image video web easily stay entering one era technological infrastructure creating different context tell story communicate said mr nachison going bad come good,Technology & Cyber,0.8652399455155114,"[0.09318246203015752, 0.0382666940850338, 0.003310898369297377, 0.8652399455155114]"
synthetic,actor_8,2025-01-08,bo oglesbee tory burch fashion designer unusual sunburn remedy pressed detail oglesbee revealed simple beauty trick really peel raw brown potato,bo oglesbee tory burch fashion designer unusual sunburn remedy pressed detail oglesbee revealed simple beauty trick really peel raw brown potato,Society & Health,0.9838491066538052,"[0.004080184224759626, 0.008014545568903249, 0.9838491066538052, 0.004056163552531904]"
synthetic,actor_8,2025-01-08,simple step making last minute tax filing breeze like not april going know started working tax yet might,simple step making last minute tax filing breeze like not april going know started working tax yet might,Economy & Business,0.7701216301062063,"[0.7701216301062063, 0.11152794003547067, 0.09316348556603525, 0.02518694429228775]"
synthetic,actor_8,2025-01-08,verizon stealth plan shutting copper new york city location new jersey massachusetts pennsylvania started verizon say no information supplied filing many customer would impacted even many line service based copper,verizon stealth plan shutting copper new york city location new jersey massachusetts pennsylvania started verizon say no information supplied filing many customer would impacted even many line service based copper,Economy & Business,0.7870857148959609,"[0.7870857148959609, 0.07182567790938896, 0.08199532373729679, 0.05909328345735338]"
synthetic,actor_8,2025-01-08,secret budget destination europe visit asap time set flight alert,secret budget destination europe visit asap time set flight alert,Society & Health,0.936727741771753,"[0.023079186753524574, 0.02624839333191853, 0.936727741771753, 0.013944678142803955]"
synthetic,actor_8,2025-01-08,biggest money misconception help position help someone else,biggest money misconception help position help someone else,Economy & Business,0.5518416520911736,"[0.5518416520911736, 0.17970810179539856, 0.19578071575379596, 0.07266953035963182]"
synthetic,actor_8,2025-01-08,danger relying iran war isi no victory achieved allying shia militia iran revolutionary guard corp no victory achieved sunni terrorism without sunni arab,danger relying iran war isi no victory achieved allying shia militia iran revolutionary guard corp no victory achieved sunni terrorism without sunni arab,Politics & Governance,0.9845270514036725,"[0.003269872016158007, 0.9845270514036725, 0.009126989219611612, 0.0030760873605579684]"
synthetic,actor_1,2025-01-15,huffpost hill hard say good bayh president obama want public option though little late game might settle egging,huffpost hill hard say good bayh president obama want public option though little late game might settle egging,Politics & Governance,0.7969792594233703,"[0.0531966156038854, 0.7969792594233703, 0.1259667264669591, 0.023857398505785065]"
synthetic,actor_1,2025-01-15,activist ready hillary say something keystone xl clinton say opinion keystone come soon not soon enough looking stop controversial pipeline,activist ready hillary say something keystone xl clinton say opinion keystone come soon not soon enough looking stop controversial pipeline,Politics & Governance,0.931482167982937,"[0.011839083082826022, 0.931482167982937, 0.046707096771162075, 0.009971652163074673]"
synthetic,actor_1,2025-01-15,testosterone fueled presidency trump always masculinity problem much discourse consumed insisting maleness,testosterone fueled presidency trump always masculinity problem much discourse consumed insisting maleness,Politics & Governance,0.9152156208364771,"[0.01569767014790624, 0.9152156208364771, 0.0591787279270096, 0.009907981088607272]"
synthetic,actor_1,2025-01-15,man slap protester trump rally north carolina trump rally attendee caught video taking swipe several protester,man slap protester trump rally north carolina trump rally attendee caught video taking swipe several protester,Politics & Governance,0.9803528444795829,"[0.005409231228027248, 0.9803528444795829, 0.010649588960959177, 0.003588335331430876]"
synthetic,actor_1,2025-01-15,caitlyn jenner must use men bathroom north carolina transphobic governor say oh yes gov pat mccrory also think donald trump role model,caitlyn jenner must use men bathroom north carolina transphobic governor say oh yes gov pat mccrory also think donald trump role model,Politics & Governance,0.6712818412393067,"[0.009537411097927672, 0.6712818412393067, 0.3140790356175985, 0.0051017120451673035]"
synthetic,actor_1,2025-01-15,sixty second art sitting caf bratislava final cup coffee picking email boarding train budapest hurry paying much attention one guy came table,sixty second art sitting caf bratislava final cup coffee picking email boarding train budapest hurry paying much attention one guy came table,Society & Health,0.6776107747328817,"[0.10259239808749583, 0.19347927179484506, 0.6776107747328817, 0.02631755538477747]"
synthetic,actor_1,2025-01-15,third american want donald trump swap role arnold schwarzenegger poll time make celebrity apprentice great,third american want donald trump swap role arnold schwarzenegger poll time make celebrity apprentice great,Society & Health,0.6535157908435799,"[0.015780414666465882, 0.3250228273790816, 0.6535157908435799, 0.005680967110872473]"
synthetic,actor_1,2025-01-15,bernie sander end imf economic violence greece africa many people want know democratic presidential candidate bernie sander foreign policy agenda yes say like sander saying reducing extreme inequality reducing political power billionaire class u foreign policy,bernie sander end imf economic violence greece africa many people want know democratic presidential candidate bernie sander foreign policy agenda yes say like sander saying reducing extreme inequality reducing political power billionaire class u foreign policy,Politics & Governance,0.9981046288401898,"[0.0014267183648767462, 0.9981046288401898, 0.00014578670563003478, 0.0003228660893033519]"
synthetic,actor_1,2025-01-15,stock market really bad start pretty,stock market really bad start pretty,Economy & Business,0.7151249302385819,"[0.7151249302385819, 0.10381097063769747, 0.14256956279882949, 0.038494536324891054]"
synthetic,actor_1,2025-01-15,congressional candidate pranked marco rubio hitting college student hired actress florida state university passed amorous lawmaker fake secret admirer note,congressional candidate pranked marco rubio hitting college student hired actress florida state university passed amorous lawmaker fake secret admirer note,Politics & Governance,0.9527120672596098,"[0.01672151622770357, 0.9527120672596098, 0.02700810874786001, 0.0035583077648266392]"
synthetic,actor_1,2025-01-15,tuesday night massacre trump brazen act corruption yet administration circling wagon insulate storm ahead must not allowed,tuesday night massacre trump brazen act corruption yet administration circling wagon insulate storm ahead must not allowed,Politics & Governance,0.950325023154549,"[0.0057809435490413195, 0.950325023154549, 0.03837851494040963, 0.005515518356000153]"
synthetic,actor_1,2025-01-15,boehner victim unrealistic expectation speaker john boehner resignation congress symptom chronic condition pervades not right,boehner victim unrealistic expectation speaker john boehner resignation congress symptom chronic condition pervades not right,Politics & Governance,0.9826814048618808,"[0.004081786224880517, 0.9826814048618808, 0.009326448592935624, 0.003910360320303123]"
synthetic,actor_1,2025-01-15,major kyrsten sinema supporter say abolish filibuster get senate former arizona attorney general grant wood prominently backed sinema say need support getting rid filibuster,major kyrsten sinema supporter say abolish filibuster get senate former arizona attorney general grant wood prominently backed sinema say need support getting rid filibuster,Politics & Governance,0.9075439377338756,"[0.016508063174597094, 0.9075439377338756, 0.06529120882514533, 0.010656790266382062]"
synthetic,actor_1,2025-01-15,trump budget death sentence al community read news perfect silence heart winding chest though practicing death would come,trump budget death sentence al community read news perfect silence heart winding chest though practicing death would come,Politics & Governance,0.8943509277784566,"[0.0077990843231720815, 0.8943509277784566, 0.09153774356386116, 0.006312244334510184]"
synthetic,actor_1,2025-01-15,texas voter id law led fear failure election sign polling place state controversial voter id law contained outdated rule poll worker gave voter incorrect information line long,texas voter id law led fear failure election sign polling place state controversial voter id law contained outdated rule poll worker gave voter incorrect information line long,Politics & Governance,0.9925945037948326,"[0.004900264025516242, 0.9925945037948326, 0.001569554468430262, 0.0009356777112209185]"
synthetic,actor_1,2025-01-15,huffpollster margin remain tight biggest senate battleground,huffpollster margin remain tight biggest senate battleground,Politics & Governance,0.9556745528309275,"[0.01307566875952949, 0.9556745528309275, 0.022826607946303177, 0.00842317046323982]"
synthetic,actor_1,2025-01-15,sarah palin poke fun hypothetical run snl,sarah palin poke fun hypothetical run snl,Society & Health,0.6929876383197711,"[0.0216946491778058, 0.2682186732179506, 0.6929876383197711, 0.01709903928447244]"
synthetic,actor_1,2025-01-15,boehner endorses paul ryan president former house speaker john boehner wednesday endorsed current house speaker paul ryan republican presidential nominee,boehner endorses paul ryan president former house speaker john boehner wednesday endorsed current house speaker paul ryan republican presidential nominee,Politics & Governance,0.9986674067134577,"[0.00038848034706085853, 0.9986674067134577, 0.0007726958541051895, 0.00017141708537622233]"
synthetic,actor_1,2025-01-15,richard fisher say big fail bank need broken institution operate privileged status exacts unfair tax upon american people said,richard fisher say big fail bank need broken institution operate privileged status exacts unfair tax upon american people said,Economy & Business,0.6556779220992538,"[0.6556779220992538, 0.2659095611421724, 0.059389894857232395, 0.019022621901341342]"
synthetic,actor_1,2025-01-15,obama last state union gop miss republican dig deep say something nice president,obama last state union gop miss republican dig deep say something nice president,Politics & Governance,0.9971988770624145,"[0.0009829201864101616, 0.9971988770624145, 0.0015412987338140286, 0.00027690401736131287]"
synthetic,actor_2,2025-01-15,need know life pittsburgh steelers chairman dan rooney democrat get steeler country voter back could start learning rooney value,need know life pittsburgh steelers chairman dan rooney democrat get steeler country voter back could start learning rooney value,Politics & Governance,0.7629855891575373,"[0.07483024363817273, 0.7629855891575373, 0.14049946900866597, 0.021684698195624123]"
synthetic,actor_2,2025-01-15,friday morning email obamacare repeal fails gop controlled senate three republican senator made possible,friday morning email obamacare repeal fails gop controlled senate three republican senator made possible,Politics & Governance,0.9992750823925262,"[0.00038759274441425325, 0.9992750823925262, 0.00011112279952056943, 0.0002262020635391094]"
synthetic,actor_2,2025-01-15,another charlie brown election middle class shrinking good paying job scarcer providing family ever challenging expanding number real opportunity something expect leader something without screwing,another charlie brown election middle class shrinking good paying job scarcer providing family ever challenging expanding number real opportunity something expect leader something without screwing,Politics & Governance,0.5641267667915171,"[0.36992730984837174, 0.5641267667915171, 0.05441678249857605, 0.011529140861535083]"
synthetic,actor_2,2025-01-15,linkedin thing without question linkedin forever altered business landscape digitally physical world nowadays much call business career development carried regularly site,linkedin thing without question linkedin forever altered business landscape digitally physical world nowadays much call business career development carried regularly site,Economy & Business,0.8766000379100324,"[0.8766000379100324, 0.03929331069435424, 0.054317691058782966, 0.029788960336830574]"
synthetic,actor_2,2025-01-15,ex lawmaker pile unused campaign cash former member congress sit million perfectly legal,ex lawmaker pile unused campaign cash former member congress sit million perfectly legal,Politics & Governance,0.946273915080655,"[0.018496545322846995, 0.946273915080655, 0.02611534403380486, 0.009114195562693122]"
synthetic,actor_2,2025-01-15,mcauliffe aide suggested job senator daughter remained seat,mcauliffe aide suggested job senator daughter remained seat,Politics & Governance,0.8322593117996514,"[0.05198317225196434, 0.8322593117996514, 0.10475202555028482, 0.011005490398099237]"
synthetic,actor_2,2025-01-15,trans pacific partnership warning nafta provision agreement overrule measure passed national state local legislative body effect stripping democratically elected official much authority since text still secret speculate final agreement include,trans pacific partnership warning nafta provision agreement overrule measure passed national state local legislative body effect stripping democratically elected official much authority since text still secret speculate final agreement include,Politics & Governance,0.9117840902649598,"[0.04678142327833772, 0.9117840902649598, 0.02967153511226451, 0.011762951344438012]"
synthetic,actor_2,2025-01-15,uber driver arrested allegedly raping female passenger,uber driver arrested allegedly raping female passenger,Economy & Business,0.5226307232061824,"[0.5226307232061824, 0.1273843543699793, 0.24911883722470715, 0.10086608519913111]"
synthetic,actor_2,2025-01-15,private prison problem turn detention dollar recidivism gift keep giving,private prison problem turn detention dollar recidivism gift keep giving,Politics & Governance,0.5881757664111081,"[0.21952822171397932, 0.5881757664111081, 0.1417108929263626, 0.050585118948549966]"
synthetic,actor_2,2025-01-15,texas judge say no kid icu bed wait another child die mean child car wreck need icu bed one said dallas county judge clay jenkins,texas judge say no kid icu bed wait another child die mean child car wreck need icu bed one said dallas county judge clay jenkins,Politics & Governance,0.7700706770427004,"[0.041612507501619, 0.7700706770427004, 0.15238237714991476, 0.0359344383057659]"
synthetic,actor_2,2025-01-15,fox news host say lindsey vonn un american ripping donald trump fox friend piled olympic ski champ,fox news host say lindsey vonn un american ripping donald trump fox friend piled olympic ski champ,Politics & Governance,0.5428174515632942,"[0.00410665999490561, 0.5428174515632942, 0.4502215573882159, 0.002854331053584334]"
synthetic,actor_2,2025-01-15,everything need know u midterm election guide stake president trump opponent,everything need know u midterm election guide stake president trump opponent,Politics & Governance,0.9908262172398116,"[0.0018949326779001533, 0.9908262172398116, 0.006671948061060621, 0.0006069020212277643]"
synthetic,actor_2,2025-01-15,tax bill victory republican loss country victory important value democracy suffers early morning hour december nd senate republican,tax bill victory republican loss country victory important value democracy suffers early morning hour december nd senate republican,Politics & Governance,0.9950300453973773,"[0.003831625918969508, 0.9950300453973773, 0.0008473672203144279, 0.0002909614633387629]"
synthetic,actor_2,2025-01-15,gop launch new assault obamacare planned parenthood house republican plan get bill past senate,gop launch new assault obamacare planned parenthood house republican plan get bill past senate,Politics & Governance,0.9990122393108487,"[0.000415218579259408, 0.9990122393108487, 0.0002838731690836781, 0.00028866894080821183]"
synthetic,actor_2,2025-01-15,fbi raid nypd union office home right wing leader agency said raid part ongoing investigation,fbi raid nypd union office home right wing leader agency said raid part ongoing investigation,Politics & Governance,0.9514938176664097,"[0.033038527166187937, 0.9514938176664097, 0.010911051765013075, 0.004556603402389129]"
synthetic,actor_2,2025-01-15,climate activist call greater diversity voice table paris time get negotiation rhetoric focus solution otherwise hundred year dead,climate activist call greater diversity voice table paris time get negotiation rhetoric focus solution otherwise hundred year dead,Politics & Governance,0.7903302627817735,"[0.05320659021991799, 0.7903302627817735, 0.1221890274373982, 0.03427411956091023]"
synthetic,actor_2,2025-01-15,al gore return florida campaign hillary clinton going bittersweet,al gore return florida campaign hillary clinton going bittersweet,Politics & Governance,0.9560937900508671,"[0.007590013957006961, 0.9560937900508671, 0.03398788690665294, 0.002328309085472914]"
synthetic,actor_2,2025-01-15,twitter forgotten lindsey graham dire prediction trump shutdown senator previously warned president caved without wall money probably end presidency,twitter forgotten lindsey graham dire prediction trump shutdown senator previously warned president caved without wall money probably end presidency,Politics & Governance,0.9927740659143783,"[0.004510382982949154, 0.9927740659143783, 0.0015616917122495114, 0.0011538593904229428]"
synthetic,actor_2,2025-01-15,paul ryan speaker everyone get behind always way republican democrat see ryan someone actually chance slim may repair divide congress,paul ryan speaker everyone get behind always way republican democrat see ryan someone actually chance slim may repair divide congress,Politics & Governance,0.9539922649407736,"[0.009329421425015886, 0.9539922649407736, 0.02435480269491655, 0.012323510939293732]"
synthetic,actor_2,2025-01-15,knife attack paris leaf dead several injured islamic state claimed responsibility,knife attack paris leaf dead several injured islamic state claimed responsibility,Politics & Governance,0.9488439393247378,"[0.008162343157646633, 0.9488439393247378, 0.03543945947139476, 0.007554258046220787]"
synthetic,actor_3,2025-01-15,epa defends scott pruitt multiple email address standard practice since clinton email,epa defends scott pruitt multiple email address standard practice since clinton email,Politics & Governance,0.9891095005944132,"[0.003562372475576856, 0.9891095005944132, 0.005726503960482044, 0.0016016229695277545]"
synthetic,actor_3,2025-01-15,gop rep thomas massie try criticize free health care stumble good idea instead long someone run platform foodstampsforall massie tweeted,gop rep thomas massie try criticize free health care stumble good idea instead long someone run platform foodstampsforall massie tweeted,Politics & Governance,0.9516263690425231,"[0.024199471060293205, 0.9516263690425231, 0.01689582429937729, 0.0072783355978063135]"
synthetic,actor_3,2025-01-15,stop al qaeda must change way react attack journalist covered extremism across world since attack fear reaction al qaeda attack attack attack aimed making young impressionable muslim believe al qaeada word true reality attack accomplish reaction,stop al qaeda must change way react attack journalist covered extremism across world since attack fear reaction al qaeda attack attack attack aimed making young impressionable muslim believe al qaeada word true reality attack accomplish reaction,Politics & Governance,0.9537103040390061,"[0.010328569044031292, 0.9537103040390061, 0.02548921780829785, 0.010471909108664657]"
synthetic,actor_3,2025-01-15,thomas piketty feel bern economist say sander candidate willing tax rich,thomas piketty feel bern economist say sander candidate willing tax rich,Politics & Governance,0.6070580378966256,"[0.34663259226363485, 0.6070580378966256, 0.03757537527720341, 0.008733994562536167]"
synthetic,actor_3,2025-01-15,tesla ceo elon musk billion coming battery business tesla musk claimed demand new energy storage system overwhelming,tesla ceo elon musk billion coming battery business tesla musk claimed demand new energy storage system overwhelming,Economy & Business,0.8392652965305462,"[0.8392652965305462, 0.028298095776516617, 0.006120206022476171, 0.12631640167046113]"
synthetic,actor_3,2025-01-15,call communist read failed pfizer deal merge allergen move headquarters ireland allowing evade paying u tax think may discussing possible future u market large corporation not interested common good human being,call communist read failed pfizer deal merge allergen move headquarters ireland allowing evade paying u tax think may discussing possible future u market large corporation not interested common good human,Economy & Business,0.430990809386173,"[0.430990809386173, 0.4099168293150917, 0.06293613957290996, 0.09615622172582546]"
synthetic,actor_3,2025-01-15,texas gop chair lament inclusion gay conversion therapy party platform,texas gop chair lament inclusion gay conversion therapy party platform,Politics & Governance,0.932193776105946,"[0.012797855303324788, 0.932193776105946, 0.048066527627684014, 0.006941840963045161]"
synthetic,actor_3,2025-01-15,tpp panic playing china card stung sudden derailment house representative rush pas trans pacific partnership washington establishment wasted no time warning u menace rising china trade deal not put back track next week,tpp panic playing china card stung sudden derailment house representative rush pa trans pacific partnership washington establishment wasted no time warning u menace rising china trade deal not put back track next week,Politics & Governance,0.8429344049139936,"[0.07228849489812607, 0.8429344049139936, 0.06715506751440409, 0.01762203267347633]"
synthetic,actor_3,2025-01-15,problem john kasich compassion hug not solve problem facing american family,problem john kasich compassion hug not solve problem facing american family,Politics & Governance,0.8079255864602767,"[0.08122601523696493, 0.8079255864602767, 0.0942067832838202, 0.016641615018938245]"
synthetic,actor_3,2025-01-15,black voter may carry kay hagan victory november,black voter may carry kay hagan victory november,Politics & Governance,0.8834746476048614,"[0.028944438407812197, 0.8834746476048614, 0.05879659435251403, 0.028784319634812306]"
synthetic,actor_3,2025-01-15,country multimillionaires according recent study united state home one every three ultra high net worth individual,country multimillionaires according recent study united state home one every three ultra high net worth individual,Economy & Business,0.6290585518285615,"[0.6290585518285615, 0.12161474298595311, 0.18580319179460297, 0.06352351339088246]"
synthetic,actor_3,2025-01-15,london breed elected mayor san francisco first black woman serve city mayor,london breed elected mayor san francisco first black woman serve city mayor,Politics & Governance,0.8852315496611466,"[0.018374977159540614, 0.8852315496611466, 0.0845797244933723, 0.011813748685940316]"
synthetic,actor_3,2025-01-15,stand woman rnc spokeswoman say ok,stand woman rnc spokeswoman say ok,Politics & Governance,0.7857084281355995,"[0.03023419538769892, 0.7857084281355995, 0.17113555892286775, 0.012921817553833793]"
synthetic,actor_3,2025-01-15,lululemon partner dalai lama enrages critic,lululemon partner dalai lama enrages critic,Politics & Governance,0.49042149986658734,"[0.17470594260054564, 0.49042149986658734, 0.2961135744825823, 0.038758983050284704]"
synthetic,actor_3,2025-01-15,fired u attorney preet bharara said investigating hhs secretary tom price trump head department health human service traded stock health related company working legislation affecting firm,fired u attorney preet bharara said investigating hhs secretary tom price trump head department health human service traded stock health related company working legislation affecting firm,Politics & Governance,0.9174006222899493,"[0.05867731493744401, 0.9174006222899493, 0.008955997778793572, 0.014966064993813009]"
synthetic,actor_3,2025-01-15,elizabeth warren scorch former equifax ceo profiting data breach breach system actually created business opportunity,elizabeth warren scorch former equifax ceo profiting data breach breach system actually created business opportunity,Economy & Business,0.525693571299585,"[0.525693571299585, 0.40016214074789513, 0.03668525630646587, 0.037459031646053936]"
synthetic,actor_3,2025-01-15,clinton family foundation may pose campaign risk,clinton family foundation may pose campaign risk,Politics & Governance,0.9206130310422432,"[0.026825622801526366, 0.9206130310422432, 0.03515407575295338, 0.01740727040327701]"
synthetic,actor_3,2025-01-15,truth hurt arizona republican ag tell heckler shut hell trump attacked arizona attorney general mark brnovich not support effort overturn election,truth hurt arizona republican ag tell heckler shut hell trump attacked arizona attorney general mark brnovich not support effort overturn election,Politics & Governance,0.9923959620404981,"[0.0023617725615325993, 0.9923959620404981, 0.004698526565965321, 0.000543738832004176]"
synthetic,actor_3,2025-01-15,new aumf obama administration afraid either president need new face office legal counsel team need many ally capitol hill calling ask congress grant new statutory authority military campaign isil iraq syria administration afraid,new aumf obama administration afraid either president need new face office legal counsel team need many ally capitol hill calling ask congress grant new statutory authority military campaign isil iraq syria administration afraid,Politics & Governance,0.9970843310402876,"[0.0017117141990024474, 0.9970843310402876, 0.0006537549667865359, 0.0005501997939234496]"
synthetic,actor_3,2025-01-15,coronavirus infects half incarcerated people san quentin prison people incarcerated california prison gotten covid died advocate call governor release inmate,coronavirus infects half incarcerated people san quentin prison people incarcerated california prison gotten covid died advocate call governor release inmate,Politics & Governance,0.9771125125215812,"[0.00411505839530299, 0.9771125125215812, 0.014507141593657319, 0.00426528748945867]"
synthetic,actor_4,2025-01-15,maryland court overhaul bail system jail defendant poor another state take step reform controversial money bail practice,maryland court overhaul bail system jail defendant poor another state take step reform controversial money bail practice,Politics & Governance,0.890225915507555,"[0.07185313977307467, 0.890225915507555, 0.021822520922473807, 0.016098423796896574]"
synthetic,actor_4,2025-01-15,felix baumgartner jump red bull stratos daredevil try edge space skydive live update go well felix baumgartner take half hour get back earth afternoon foot,felix baumgartner jump red bull stratos daredevil try edge space skydive live update go well felix baumgartner take half hour get back earth afternoon foot,Society & Health,0.5108832060803713,"[0.03823047914253482, 0.06708819866455416, 0.5108832060803713, 0.3837981161125397]"
synthetic,actor_4,2025-01-15,neil gorsuch show hand money politics court turn big case look like gorsuch side justice clarence thomas noted opponent restriction big donor,neil gorsuch show hand money politics court turn big case look like gorsuch side justice clarence thomas noted opponent restriction big donor,Politics & Governance,0.8715899067201327,"[0.02161992005489198, 0.8715899067201327, 0.07700040422590748, 0.029789768999067778]"
synthetic,actor_4,2025-01-15,view heathrow control tower photo stood whispering not interfere nearby traffic controller looking terminal boeings airbus windsor castle,view heathrow control tower photo stood whispering not interfere nearby traffic controller looking terminal boeings airbus windsor castle,Society & Health,0.9003323659037258,"[0.02060281836549033, 0.05701649294826175, 0.9003323659037258, 0.022048322782522195]"
synthetic,actor_4,2025-01-15,drunk settler blame aussie accent lecturer say highly controversial theory among academic,drunk settler blame aussie accent lecturer say highly controversial theory among academic,Society & Health,0.44315823451581177,"[0.05062386633760023, 0.30298101441738623, 0.44315823451581177, 0.2032368847292017]"
synthetic,actor_4,2025-01-15,business incubator help hatch startup accelerator generally accept startup slightly later stage attempt compress timeline commercialization month instead year,business incubator help hatch startup accelerator generally accept startup slightly later stage attempt compress timeline commercialization month instead year,Economy & Business,0.8033522269902817,"[0.8033522269902817, 0.09126867616355851, 0.06588453211222361, 0.03949456473393613]"
synthetic,actor_4,2025-01-15,scientist scan galaxy find no evidence alien life,scientist scan galaxy find no evidence alien life,Technology & Cyber,0.8705725255154911,"[0.02152997620394236, 0.07500436555260266, 0.03289313272796392, 0.8705725255154911]"
synthetic,actor_4,2025-01-15,joan river would think world live today would absolutely thrilled scope material fingertip daughter melissa river said,joan river would think world live today would absolutely thrilled scope material fingertip daughter melissa river said,Society & Health,0.9406597262275453,"[0.017499291038864957, 0.0280237469455035, 0.9406597262275453, 0.013817235788086205]"
synthetic,actor_4,2025-01-15,threat dakota access pipeline real thought pipeline accident rare turn happen time,threat dakota access pipeline real thought pipeline accident rare turn happen time,Politics & Governance,0.7672291045100597,"[0.047013061571918445, 0.7672291045100597, 0.1399328396868774, 0.045824994231144556]"
synthetic,actor_4,2025-01-15,anti tremor mouse stop pc shake special adaptor help people hand tremor control computer mouse easily developed device us similar steady cam technology found camcorder filter shaking hand movement people hand tremor find hard use conventional mouse simple computer task erratic movement cursor screen three million briton sort hand tremor condition said uk national tremor foundation using computer mouse well known extremely hard people tremor delighted hear technology developed address problem said karen walsh uk national tremor foundation commonly associated tremor parkinson disease also caused condition like essential tremor et tremor often affect older people hit age et example genetic afflict people throughout life assistive mouse adapter ama brainchild ibm researcher jim levine developed prototype seeing uncle parkinson disease struggle mouse control knew must way improve situation million tremor sufferer around world including elderly number elderly computer user increase population age time need computer access grows said computer user plug device pc adjusted depending severe tremor also able recognise multiple clicking mouse button caused shaky digit ibm said would partner small uk based electronics firm montrose secam produce device cost james cosgrave one company director said would make big difference tremor pilot tremor condition not limited ability fly plane said using pc proven almost impossible simply everything revolves around using mouse accurately manipulate tiny cursor screen said prototype gadget transformed life device could help open computing million people found shaking barrier last year office national statistic reported first time half household britain home computer price getting cheaper get online computer ownership increasing although british people tried internet briton aged online six million uk household broadband net middle estimated uk net user broadband still million using net dial connection,anti tremor mouse stop pc shake special adaptor help people hand tremor control computer mouse easily developed device u similar steady cam technology found camcorder filter shaking hand movement people hand tremor find hard use conventional mouse simple computer task erratic movement cursor screen three million briton sort hand tremor condition said uk national tremor foundation using computer mouse well known extremely hard people tremor delighted hear technology developed address problem said karen walsh uk national tremor foundation commonly associated tremor parkinson disease also caused condition like essential tremor et tremor often affect older people hit age et example genetic afflict people throughout life assistive mouse adapter ama brainchild ibm researcher jim levine developed prototype seeing uncle parkinson disease struggle mouse control knew must way improve situation million tremor sufferer around world including elderly number elderly computer user increase population age time need computer access grows said computer user plug device pc adjusted depending severe tremor also able recognise multiple clicking mouse button caused shaky digit ibm said would partner small uk based electronics firm montrose secam produce device cost james cosgrave one company director said would make big difference tremor pilot tremor condition not limited ability fly plane said using pc proven almost impossible simply everything revolves around using mouse accurately manipulate tiny cursor screen said prototype gadget transformed life device could help open computing million people found shaking barrier last year office national statistic reported first time half household britain home computer price getting cheaper get online computer ownership increasing although british people tried internet briton aged online six million uk household broadband net middle estimated uk net user broadband still million using net dial connection,Technology & Cyber,0.9373797939482834,"[0.027343989249506956, 0.02574058836421901, 0.009535628437990513, 0.9373797939482834]"
synthetic,actor_4,2025-01-15,fifth estate bomb friday night gravity hold no full weekend number available sunday assange slammed film based two book including inside,fifth estate bomb friday night gravity hold no full weekend number available sunday assange slammed film based two book including inside,Society & Health,0.824844885371191,"[0.026716247366840383, 0.09811075584515358, 0.824844885371191, 0.05032811141681493]"
synthetic,actor_4,2025-01-15,netanyahu intensifies criticism obama administration thanks trump kind animosity toward u president certainly unprecedented israeli analyst say,netanyahu intensifies criticism obama administration thanks trump kind animosity toward u president certainly unprecedented israeli analyst say,Politics & Governance,0.9963306009294562,"[0.0010260254529699208, 0.9963306009294562, 0.0020918312742704824, 0.0005515423433036304]"
synthetic,actor_4,2025-01-15,patient teeth could fix common cause blindness,patient teeth could fix common cause blindness,Technology & Cyber,0.33465900271599375,"[0.16456756876750758, 0.32379605725620675, 0.17697737126029192, 0.33465900271599375]"
synthetic,actor_4,2025-01-15,type people never friend facebook type facebook user think people avoid friending share thought u comment friending,type people never friend facebook type facebook user think people avoid friending share thought u comment friending,Technology & Cyber,0.6399726843437622,"[0.10823055750518895, 0.059121331435886555, 0.19267542671516233, 0.6399726843437622]"
synthetic,actor_4,2025-01-15,old school new school live age next big thing latest greatest smartphones released every twelve month rendering,old school new school live age next big thing latest greatest smartphones released every twelve month rendering,Society & Health,0.46913245043262175,"[0.19542682963200259, 0.27125021582391845, 0.46913245043262175, 0.0641905041114572]"
synthetic,actor_4,2025-01-15,big takeaway star war force awakens trailer,big takeaway star war force awakens trailer,Society & Health,0.968537693663492,"[0.005649854920470013, 0.018196841463663207, 0.968537693663492, 0.007615609952374844]"
synthetic,actor_4,2025-01-15,dog smell reflection want know concept self make little sense confront mirror,dog smell reflection want know concept self make little sense confront mirror,Society & Health,0.5986382623633554,"[0.12407903297944477, 0.2075571517512755, 0.5986382623633554, 0.06972555290592428]"
synthetic,actor_4,2025-01-15,time hillary start busting ball make hillary ball buster say bill clinton bill repeatedly praised getting thing done tenure hillary maligned pushy,time hillary start busting ball make hillary ball buster say bill clinton bill repeatedly praised getting thing done tenure hillary maligned pushy,Politics & Governance,0.831679061434718,"[0.022963802333606866, 0.831679061434718, 0.13475195825797148, 0.010605177973703542]"
synthetic,actor_4,2025-01-15,amazon launch secret cloud service intelligence agency amazon web service secret region expands troubling cloud security screwup,amazon launch secret cloud service intelligence agency amazon web service secret region expands troubling cloud security screwup,Technology & Cyber,0.6818148389756582,"[0.11180482777741296, 0.16772835393007823, 0.0386519793168506, 0.6818148389756582]"
synthetic,actor_4,2025-01-15,roberto eva cavalli discus new roberto cavalli fragrance offer relationship advice roberto sweet part not strong vulgar sophisticated made fragrance asked,roberto eva cavalli discus new roberto cavalli fragrance offer relationship advice roberto sweet part not strong vulgar sophisticated made fragrance asked,Society & Health,0.7916958834075503,"[0.06681233132680028, 0.10379694437943156, 0.7916958834075503, 0.0376948408862179]"
synthetic,actor_5,2025-01-15,say twitter agog ben carson hippocampus drilling tale wrong wrong wrong say scientist,say twitter agog ben carson hippocampus drilling tale wrong wrong wrong say scientist,Politics & Governance,0.8032222893220066,"[0.01235386475937668, 0.8032222893220066, 0.0342115725586493, 0.1502122733599675]"
synthetic,actor_5,2025-01-15,spotify may reserve new music paying subscriber free subscription looking less less appealing,spotify may reserve new music paying subscriber free subscription looking less less appealing,Society & Health,0.5125023293204932,"[0.12774756352233832, 0.07231789762406866, 0.5125023293204932, 0.2874322095330998]"
synthetic,actor_5,2025-01-15,college financial aid letter deceive prospective student education department attempting make process clearer aim release model financial aid letter september,college financial aid letter deceive prospective student education department attempting make process clearer aim release model financial aid letter september,Economy & Business,0.5529133159465107,"[0.5529133159465107, 0.3620334781003352, 0.06723758748746785, 0.017815618465686238]"
synthetic,actor_5,2025-01-15,donald trump tends cheat golf oscar de la hoya say little marco lyin ted cheating donald,donald trump tends cheat golf oscar de la hoya say little marco lyin ted cheating donald,Society & Health,0.7328731893762488,"[0.0047950109520970155, 0.2593700317704171, 0.7328731893762488, 0.002961767901236961]"
synthetic,actor_5,2025-01-15,ice hotel probably book winter break temperature drop ice hotel construction worker world prepping build another season worth awesome,ice hotel probably book winter break temperature drop ice hotel construction worker world prepping build another season worth awesome,Society & Health,0.9498715583937655,"[0.021009626810906682, 0.021266011681036485, 0.9498715583937655, 0.00785280311429125]"
synthetic,actor_5,2025-01-15,spot twitter propaganda study twitter propagandist according new study georgia tech college computing got,spot twitter propaganda study twitter propagandist according new study georgia tech college computing got,Technology & Cyber,0.963905418098486,"[0.014304745434568479, 0.00596339483912108, 0.01582644162782442, 0.963905418098486]"
synthetic,actor_5,2025-01-15,tuscan sun reflection broad abroad tuscany well first stunning countryside characterized vineyard grove olive tree hillside punctuated tall narrow cypress tree art course food wine,tuscan sun reflection broad abroad tuscany well first stunning countryside characterized vineyard grove olive tree hillside punctuated tall narrow cypress tree art course food wine,Society & Health,0.9271344347950952,"[0.01620526170146213, 0.03210646061381284, 0.9271344347950952, 0.02455384288962979]"
synthetic,actor_5,2025-01-15,hollywood want know last month sundance film festival park city utah film financier met nacho wasatch brew pub,hollywood want know last month sundance film festival park city utah film financier met nacho wasatch brew pub,Society & Health,0.9826491104622779,"[0.0063075024099207245, 0.008109277520673057, 0.9826491104622779, 0.0029341096071284103]"
synthetic,actor_5,2025-01-15,company imported illegally logged timber pleads guilty environmental crime lumber liquidator race profit resulted plundering forest wildlife habitat continued could spell end siberian tiger,company imported illegally logged timber pleads guilty environmental crime lumber liquidator race profit resulted plundering forest wildlife habitat continued could spell end siberian tiger,Politics & Governance,0.37822563376634805,"[0.3186802338417326, 0.37822563376634805, 0.19415205760152066, 0.10894207479039883]"
synthetic,actor_5,2025-01-15,australia giving u major wanderlust right,australia giving u major wanderlust right,Society & Health,0.6807762127458048,"[0.05112205780060628, 0.24274908731449898, 0.6807762127458048, 0.025352642139089943]"
synthetic,actor_5,2025-01-15,singapore growth singapore economy grew best performance since figure trade ministry show advance second fastest asia china led growth key manufacturing sector however slower expected fourth quarter point modest growth trade driven economy global technology demand fall back slowdown u china could hit electronics export tsunami disaster may effect service sector economic growth set halve singapore year fourth quarter city state gross domestic product gdp rose annual rate third quarter fell well analyst forecast surprised weak fourth quarter number main drag came electronics said lian chia liang economist jp morgan chase singapore economy contracted summer weighed soaring oil price economy poor performance july september period followed four consecutive quarter double digit growth singapore bounced back strongly effect deadly sars virus,singapore growth singapore economy grew best performance since figure trade ministry show advance second fastest asia china led growth key manufacturing sector however slower expected fourth quarter point modest growth trade driven economy global technology demand fall back slowdown u china could hit electronics export tsunami disaster may effect service sector economic growth set halve singapore year fourth quarter city state gross domestic product gdp rose annual rate third quarter fell well analyst forecast surprised weak fourth quarter number main drag came electronics said lian chia liang economist jp morgan chase singapore economy contracted summer weighed soaring oil price economy poor performance july september period followed four consecutive quarter double digit growth singapore bounced back strongly effect deadly sars virus,Economy & Business,0.9435269010655429,"[0.9435269010655429, 0.029479566207436716, 0.010001550381561048, 0.01699198234545933]"
synthetic,actor_5,2025-01-15,thing rent instead buy renting home heard renting casket not much,thing rent instead buy renting home heard renting casket not much,Economy & Business,0.780948187694863,"[0.780948187694863, 0.05494507741445714, 0.13708895195908827, 0.027017782931591777]"
synthetic,actor_5,2025-01-15,smartphones suffer skull attack owner nokia smartphones warned watch malicious wallpaper downloading software could find icon phone swapped image skull installed malicious program also lock many function making hard use harder repair program latest series virus produced attack mobile phone file nicknamed skull thought surfaced shareware site people pick free add ons wallpaper game ringtones phone symbian said not sure damage skull intentional simply result bad programming soon discovered file thought removed site unwittingly harbouring program masquerading software creates new background image theme main screen phone skull program labelled file called extended theme manager zip installed program replaces icon main page skull replaces working application contact calendar notebook etc non working version phone becomes almost useless thing phone make take call statement symbian played significance malicious program said people would fall victim user go several step install one includes ignoring security warning symbian said spread skull program likely limited program not travel one phone another despite finnish anti virus lab f secure said sporadic report owner caught firm produced guidance user caught help remove program get phone working skull program thought written malicious hacker using alias tee symbian phone produced sony ericsson motorola benq arima fujitsu unaffected skull program,smartphones suffer skull attack owner nokia smartphones warned watch malicious wallpaper downloading software could find icon phone swapped image skull installed malicious program also lock many function making hard use harder repair program latest series virus produced attack mobile phone file nicknamed skull thought surfaced shareware site people pick free add ons wallpaper game ringtones phone symbian said not sure damage skull intentional simply result bad programming soon discovered file thought removed site unwittingly harbouring program masquerading software creates new background image theme main screen phone skull program labelled file called extended theme manager zip installed program replaces icon main page skull replaces working application contact calendar notebook etc non working version phone becomes almost useless thing phone make take call statement symbian played significance malicious program said people would fall victim user go several step install one includes ignoring security warning symbian said spread skull program likely limited program not travel one phone another despite finnish anti virus lab f secure said sporadic report owner caught firm produced guidance user caught help remove program get phone working skull program thought written malicious hacker using alias tee symbian phone produced sony ericsson motorola benq arima fujitsu unaffected skull program,Technology & Cyber,0.9398718394204848,"[0.017918598555622774, 0.028823166640870514, 0.013386395383021851, 0.9398718394204848]"
synthetic,actor_5,2025-01-15,u warns united nation act syria international community consistently fails act time state compelled take action,u warns united nation act syria international community consistently fails act time state compelled take action,Politics & Governance,0.9699292200082439,"[0.012393421675725396, 0.9699292200082439, 0.013329254425261478, 0.0043481038907691736]"
synthetic,actor_5,2025-01-15,bangladesh agrees plan improve worker condition factory collapse bangladesh government employer worker agreed plan international labour organization would,bangladesh agrees plan improve worker condition factory collapse bangladesh government employer worker agreed plan international labour organization would,Economy & Business,0.512883583906375,"[0.512883583906375, 0.4740031689456537, 0.006978748118231586, 0.006134499029739635]"
synthetic,actor_5,2025-01-15,ivy league economist ethnically profiled interrogated math american airline flight thursday evening year old man dark curly hair olive skin exotic foreign accent boarded plane,ivy league economist ethnically profiled interrogated math american airline flight thursday evening year old man dark curly hair olive skin exotic foreign accent boarded plane,Society & Health,0.8207370679917291,"[0.056015487859251575, 0.09971129073426205, 0.8207370679917291, 0.023536153414757417]"
synthetic,actor_5,2025-01-15,armand duplantis break pole vault world record reignites comparison timothee chalamet swedish pole vaulter known mondo famous lookalike,armand duplantis break pole vault world record reignites comparison timothee chalamet swedish pole vaulter known mondo famous lookalike,Society & Health,0.8353480122187232,"[0.027577878053790736, 0.10702423652249254, 0.8353480122187232, 0.030049873204993513]"
synthetic,actor_5,2025-01-15,gta sequel criminally good grand theft auto series game set highest standard recent year newest addition able live increasingly grand tradition certificate gta san andreas playstation could got away merely revisiting best selling formula approach instead build expands almost immeasurably upon last two game stomp carefree driv r true crime shaped opposition even year see sequel halo half life hard envisage anything topping barnstorming instant classic basic gameplay remains familiar control character occasion youth named cj set series self contained mission within massive environment cj commandeer vehicle stumble across push bike city bus plane come handy seek establish presence tough urban environment avenge dreadful deed waged upon family make thing worse framed murder moment arrives town blackmailed crooked cop played samuel l jackson chris penn setting rampant criminality fictional u state san andreas comprising three major city los santos thinly disguised los angeles san fierro aka san francisco la venturas carbon copy la vega san andreas suck sprawling range cast character incredibly sharp writing ability capture ambience real world version city something behold assisted no end monumental graphical advance since vice city street vast swathe countryside turn gloriously menacing grungy preppy flaunting awesome level graphical detail game overall look particularly many unusual weather condition dramatic sunset stupendous outstanding bread butter gameplay mechanic provide solid grounding elaborate plot hang car handle convincingly ever superb motion blur kick hit high speed traffic navigate park vehicle across lane freeway within second huge pile pedestrian also force loquacious bunch cj interact using simple system control pad pas comment appearance credibility aspect player control clothes tattoo haircut purchased funding habit achieved criminal mean indulging mini game like betting horse challenging bar patron game pool character put lose weight according long spends foot gym pause regularly restaurant keep energy level swell result eating last gta hero swim time game fire supposed potential corrupt young san andreas violence specifically freedom give player commit violence sure inflame pro censorship brigade developer rockstar not shied away brutality respect ramp past outing hijacking car example cj gratuitously shove driver head steering wheel rather fleeing vehicle indeed tone darker jokey vice city grim subject matter hardly lends gag quite way cheesy setting last game title incidentally set really neither nor apart influence radio playlist wit still present restrained previous outing reason incredible range vehicle radio station available mean spend less time happening upon hilarious talk radio option gta game trademark humour anchored quality voice acting motion capture simply chart game rather odious gangland lowlife swagger mouth way ring true indeed testament san andreas magnificence number prominent flaw plus point numerous niggles detract screen map instance needlessly fiddly unwelcome change past edition also jarring slowdown action packed moment game suffers age old problem relied upon blight game genre setting back vast distance fail right end long mission gameplay experience entirety overwhelmingly positive simply not bothered minor failing san andreas among unmissable game,gta sequel criminally good grand theft auto series game set highest standard recent year newest addition able live increasingly grand tradition certificate gta san andreas playstation could got away merely revisiting best selling formula approach instead build expands almost immeasurably upon last two game stomp carefree driv r true crime shaped opposition even year see sequel halo half life hard envisage anything topping barnstorming instant classic basic gameplay remains familiar control character occasion youth named cj set series self contained mission within massive environment cj commandeer vehicle stumble across push bike city bus plane come handy seek establish presence tough urban environment avenge dreadful deed waged upon family make thing worse framed murder moment arrives town blackmailed crooked cop played samuel l jackson chris penn setting rampant criminality fictional u state san andreas comprising three major city los santos thinly disguised los angeles san fierro aka san francisco la venturas carbon copy la vega san andreas suck sprawling range cast character incredibly sharp writing ability capture ambience real world version city something behold assisted no end monumental graphical advance since vice city street vast swathe countryside turn gloriously menacing grungy preppy flaunting awesome level graphical detail game overall look particularly many unusual weather condition dramatic sunset stupendous outstanding bread butter gameplay mechanic provide solid grounding elaborate plot hang car handle convincingly ever superb motion blur kick hit high speed traffic navigate park vehicle across lane freeway within second huge pile pedestrian also force loquacious bunch cj interact using simple system control pad pa comment appearance credibility aspect player control clothes tattoo haircut purchased funding habit achieved criminal mean indulging mini game like betting horse challenging bar patron game pool character put lose weight according long spends foot gym pause regularly restaurant keep energy level swell result eating last gta hero swim time game fire supposed potential corrupt young san andreas violence specifically freedom give player commit violence sure inflame pro censorship brigade developer rockstar not shied away brutality respect ramp past outing hijacking car example cj gratuitously shove driver head steering wheel rather fleeing vehicle indeed tone darker jokey vice city grim subject matter hardly lends gag quite way cheesy setting last game title incidentally set really neither nor apart influence radio playlist wit still present restrained previous outing reason incredible range vehicle radio station available mean spend less time happening upon hilarious talk radio option gta game trademark humour anchored quality voice acting motion capture simply chart game rather odious gangland lowlife swagger mouth way ring true indeed testament san andreas magnificence number prominent flaw plus point numerous niggles detract screen map instance needlessly fiddly unwelcome change past edition also jarring slowdown action packed moment game suffers age old problem relied upon blight game genre setting back vast distance fail right end long mission gameplay experience entirety overwhelmingly positive simply not bothered minor failing san andreas among unmissable game,Society & Health,0.44001064097421727,"[0.10098278784791703, 0.024803213462533925, 0.44001064097421727, 0.4342033577153317]"
synthetic,actor_5,2025-01-15,yet another sign apple making car get ready idrive,yet another sign apple making car get ready idrive,Technology & Cyber,0.3599614408244955,"[0.34270694010166197, 0.10927978019800928, 0.1880518388758333, 0.3599614408244955]"
synthetic,actor_5,2025-01-15,nigel farage join donald trump assail hillary clinton architect brexit drew parallel trump anti establishment character immigration position,nigel farage join donald trump assail hillary clinton architect brexit drew parallel trump anti establishment character immigration position,Politics & Governance,0.9923784658672901,"[0.0006950838707236555, 0.9923784658672901, 0.006760431309572316, 0.00016601895241406258]"
synthetic,actor_6,2025-01-15,antikythera mechanism new light shed world oldest computer video new bbc four special follows international team scientist trying unlock mystery antikythera mechanism,antikythera mechanism new light shed world oldest computer video new bbc four special follows international team scientist trying unlock mystery antikythera mechanism,Technology & Cyber,0.8452414424172181,"[0.016654648793977066, 0.03349371946583145, 0.10461018932297343, 0.8452414424172181]"
synthetic,actor_6,2025-01-15,facebook temporarily killed lot user worry fine,facebook temporarily killed lot user worry fine,Technology & Cyber,0.6933008344014512,"[0.026195569219047404, 0.24759349617440674, 0.0329101002050947, 0.6933008344014512]"
synthetic,actor_6,2025-01-15,first look playstation chip detail chip inside sony playstation revealed sony ibm toshiba released limited data called cell chip able carry trillion calculation per second chip made several different processing core work task together playstation expected developer expecting get prototype early next year tune game appear launch three firm working chip since detail released might function joint statement three firm gave hint chip work fuller detail released february next year international solid state circuit conference san francisco three firm claim cell chip time powerful existing processor put inside powerful computer server cell consortium expects capable handling trillion floating point operation calculation every second chip also refined able handle detailed graphic common game data demand film broadband medium ibm said would start producing chip early manufacturing plant u first machine line using cell processor computer workstation server working version p due shown may full launch next generation console not expected start well inside playstation chip also used inside high definition tv powerful computer future form digital content converged fused onto broadband network said ken kutaragi chief operating officer sony current pc architecture nearing limit,first look playstation chip detail chip inside sony playstation revealed sony ibm toshiba released limited data called cell chip able carry trillion calculation per second chip made several different processing core work task together playstation expected developer expecting get prototype early next year tune game appear launch three firm working chip since detail released might function joint statement three firm gave hint chip work fuller detail released february next year international solid state circuit conference san francisco three firm claim cell chip time powerful existing processor put inside powerful computer server cell consortium expects capable handling trillion floating point operation calculation every second chip also refined able handle detailed graphic common game data demand film broadband medium ibm said would start producing chip early manufacturing plant u first machine line using cell processor computer workstation server working version p due shown may full launch next generation console not expected start well inside playstation chip also used inside high definition tv powerful computer future form digital content converged fused onto broadband network said ken kutaragi chief operating officer sony current pc architecture nearing limit,Technology & Cyber,0.9267107920712263,"[0.03740642328254393, 0.018464146185857733, 0.017418638460371998, 0.9267107920712263]"
synthetic,actor_6,2025-01-15,idea help keep new year resolution luck random get hard work surely help increase odds getting lucky know,idea help keep new year resolution luck random get hard work surely help increase odds getting lucky know,Society & Health,0.4059704960792915,"[0.3103056845879019, 0.15613813666464574, 0.4059704960792915, 0.12758568266816087]"
synthetic,actor_6,2025-01-15,spilled orange juice way math conference spain carri n et al used permission way math conference granada spain lot friend,spilled orange juice way math conference spain carri n et al used permission way math conference granada spain lot friend,Society & Health,0.40983961507633326,"[0.09025208095884703, 0.1908315995714173, 0.40983961507633326, 0.3090767043934024]"
synthetic,actor_6,2025-01-15,thing entrepreneur differently mere mortal entrepreneurship path people ability pursue stick challenge entrepreneurship go beyond simple day day task even skill required achieve success,thing entrepreneur differently mere mortal entrepreneurship path people ability pursue stick challenge entrepreneurship go beyond simple day day task even skill required achieve success,Economy & Business,0.8450346137475596,"[0.8450346137475596, 0.057577743400542516, 0.06372530603820489, 0.033662336813692954]"
synthetic,actor_6,2025-01-15,magic mushroom alter mind like dream,magic mushroom alter mind like dream,Society & Health,0.5976730979426575,"[0.08461145472509377, 0.07392111275683069, 0.5976730979426575, 0.24379433457541805]"
synthetic,actor_6,2025-01-15,europe back digital tv lifestyle people receive digital entertainment future could change following launch ambitious european project nice last week european commission announced networked electronic medium nem initiative broad scope stretch way medium created stage distribution playback commission want people able locate content desire delivered seamlessly move home work no matter supply device network content content protection scheme expert nice share vision interconnected future hear pledge support company nokia intel philip alcatel france telecom thomson telefonica might initially appear surprising company direct competition keen work together speaker stated could not see incompatible stand alone solution working long term strategy evolution convergence technology service would required european commission pragmatic approach identified many group defined form digital medium area nem encompasses nem approach take serious look available pipeline pick best bring together identify gap find hole develop standard fill significant large powerful organisation stated desire digital format open work gadget bound please not surprise many individual user organisation feel wish holder right content normally considered consumer many feel difficult challenging area commission identify solution different digital right management drm scheme currently drm solution incompatible locking certain type purchased content making unplayable platform potential percentage every medium transaction take place globally prize supplier world dominant drm scheme huge although entertainment obvious first step encompass remote provision healthcare energy efficiency control smart home year plan brings together work many currently running research project ec funding number year simon perry editor digital lifestyle website cover impact technology medium,europe back digital tv lifestyle people receive digital entertainment future could change following launch ambitious european project nice last week european commission announced networked electronic medium nem initiative broad scope stretch way medium created stage distribution playback commission want people able locate content desire delivered seamlessly move home work no matter supply device network content content protection scheme expert nice share vision interconnected future hear pledge support company nokia intel philip alcatel france telecom thomson telefonica might initially appear surprising company direct competition keen work together speaker stated could not see incompatible stand alone solution working long term strategy evolution convergence technology service would required european commission pragmatic approach identified many group defined form digital medium area nem encompasses nem approach take serious look available pipeline pick best bring together identify gap find hole develop standard fill significant large powerful organisation stated desire digital format open work gadget bound please not surprise many individual user organisation feel wish holder right content normally considered consumer many feel difficult challenging area commission identify solution different digital right management drm scheme currently drm solution incompatible locking certain type purchased content making unplayable platform potential percentage every medium transaction take place globally prize supplier world dominant drm scheme huge although entertainment obvious first step encompass remote provision healthcare energy efficiency control smart home year plan brings together work many currently running research project ec funding number year simon perry editor digital lifestyle website cover impact technology medium,Technology & Cyber,0.7163726909067148,"[0.27116102961910576, 0.007478003841652827, 0.00498827563252658, 0.7163726909067148]"
synthetic,actor_6,2025-01-15,dragon ball z v street fighter ii video childhood dream come true not worthy,dragon ball z v street fighter ii video childhood dream come true not worthy,Society & Health,0.8064284155966236,"[0.05398869574236172, 0.0625567026708857, 0.8064284155966236, 0.07702618599012895]"
synthetic,actor_6,2025-01-15,netflix mystery science theater revival release date cast photo patton oswalt felicia day also joined cast,netflix mystery science theater revival release date cast photo patton oswalt felicia day also joined cast,Society & Health,0.9799788123931304,"[0.001571721685091575, 0.002414390060914799, 0.9799788123931304, 0.01603507586086319]"
synthetic,actor_6,2025-01-15,look like star explodes kaboom,look like star explodes kaboom,Society & Health,0.7903279705607195,"[0.028151702621084643, 0.03924189671213855, 0.7903279705607195, 0.14227843010605737]"
synthetic,actor_6,2025-01-15,netflix getting rid easy way watch blocked content could bad news traveling another country,netflix getting rid easy way watch blocked content could bad news traveling another country,Society & Health,0.49563056148706686,"[0.14725344029709958, 0.10513412234219642, 0.49563056148706686, 0.25198187587363713]"
synthetic,actor_6,2025-01-15,dismal future interstellar travel avid science fiction reader life astronomer half life essential paradox fantasy world no longer maintained basically science tell u traveling fast enough make interstellar travel possible requires money society ever able invest attempt,dismal future interstellar travel avid science fiction reader life astronomer half life essential paradox fantasy world no longer maintained basically science tell u traveling fast enough make interstellar travel possible requires money society ever able invest attempt,Technology & Cyber,0.45129640090631623,"[0.05303140232010886, 0.05420748832151746, 0.4414647084520574, 0.45129640090631623]"
synthetic,actor_6,2025-01-15,mar one candidate think take go red planet,mar one candidate think take go red planet,Technology & Cyber,0.5003410779959498,"[0.046158231055690904, 0.2443070594021162, 0.20919363154624304, 0.5003410779959498]"
synthetic,actor_6,2025-01-15,apple remove green epeat electronics certification product apple pulled product u government backed registration environmentally friendly electronics read,apple remove green epeat electronics certification product apple pulled product u government backed registration environmentally friendly electronics read,Technology & Cyber,0.731186606232375,"[0.061264672536031795, 0.09104065113495914, 0.11650807009663412, 0.731186606232375]"
synthetic,actor_6,2025-01-15,attorney patrick kane accuser say rape kit tampered thomas eoannou said wednesday rape kit anonymously dropped client mother house,attorney patrick kane accuser say rape kit tampered thomas eoannou said wednesday rape kit anonymously dropped client mother house,Society & Health,0.5932639144127438,"[0.02689743533490924, 0.36661954292601223, 0.5932639144127438, 0.013219107326334655]"
synthetic,actor_6,2025-01-15,facebook changing news feed subtle important way could even affect see article,facebook changing news feed subtle important way could even affect see article,Technology & Cyber,0.7378635735731692,"[0.14612579266047945, 0.06563296055650134, 0.050377673209849934, 0.7378635735731692]"
synthetic,actor_6,2025-01-15,robot submarine europa could find aquatic life jupiter icy moon europa submarine mission make decadal survey list not feasible moment scientist want,robot submarine europa could find aquatic life jupiter icy moon europa submarine mission make decadal survey list not feasible moment scientist want,Technology & Cyber,0.8287380185066221,"[0.031960136954315356, 0.10537326566967198, 0.033928578869390574, 0.8287380185066221]"
synthetic,actor_6,2025-01-15,right way care contact according chemistry believe say store beer,right way care contact according chemistry believe say store beer,Society & Health,0.4090000263749421,"[0.24655038504549368, 0.12681264764990657, 0.4090000263749421, 0.2176369409296576]"
synthetic,actor_6,2025-01-15,fighting new stupidity vaccine great triumph human intellect ancient evil triumph must not dimmed ignorance paranoia demagoguery,fighting new stupidity vaccine great triumph human intellect ancient evil triumph must not dimmed ignorance paranoia demagoguery,Politics & Governance,0.3975422166007232,"[0.040313102024083586, 0.3975422166007232, 0.19730582564019555, 0.36483885573499775]"
synthetic,actor_7,2025-01-15,movie review grudge match unfortunately script film never sharp savvy enough counteract ick factor two grandfather beating boxing trunk simple lackluster quality,movie review grudge match unfortunately script film never sharp savvy enough counteract ick factor two grandfather beating boxing trunk simple lackluster quality,Society & Health,0.9508615899076467,"[0.02306906656502119, 0.015047638836098415, 0.9508615899076467, 0.011021704691233805]"
synthetic,actor_7,2025-01-15,around world traveler not tourist result trip lifetime began took u canada argentina australia,around world traveler not tourist result trip lifetime began took u canada argentina australia,Society & Health,0.9781965723343712,"[0.003457913807679854, 0.016096924185929645, 0.9781965723343712, 0.002248589672019508]"
synthetic,actor_7,2025-01-15,surprise china dragon man skull indicates specie could closest kin large skull big enough hold modern sized brain,surprise china dragon man skull indicates specie could closest kin large skull big enough hold modern sized brain,Technology & Cyber,0.6228093149227424,"[0.06116685063178088, 0.1662275477091987, 0.149796286736278, 0.6228093149227424]"
synthetic,actor_7,2025-01-15,tragic end sex gecko space experiment,tragic end sex gecko space experiment,Technology & Cyber,0.7040084818116761,"[0.030620568120649096, 0.12006071480483473, 0.14531023526284015, 0.7040084818116761]"
synthetic,actor_7,2025-01-15,eight undiscovered caribbean beach countless mile sandy shoreline caribbean beach lover paradise everyone know,eight undiscovered caribbean beach countless mile sandy shoreline caribbean beach lover paradise everyone know,Society & Health,0.9577143856706503,"[0.007053425519474894, 0.02635449248421944, 0.9577143856706503, 0.008877696325655323]"
synthetic,actor_7,2025-01-15,two wonderful madrid restaurant old fashioned food wine snob eaten spain year today going highlight two madrid restaurant find going day least week,two wonderful madrid restaurant old fashioned food wine snob eaten spain year today going highlight two madrid restaurant find going day least week,Society & Health,0.8127221173511119,"[0.1252135247491268, 0.041906576376907645, 0.8127221173511119, 0.02015778152285377]"
synthetic,actor_7,2025-01-15,weekly travel zen hawaii check stunning photo hawaii slideshow traveled moment zen email travel,weekly travel zen hawaii check stunning photo hawaii slideshow traveled moment zen email travel,Society & Health,0.9911692355938723,"[0.0009496064542575638, 0.005514083397042647, 0.9911692355938723, 0.0023670745548275145]"
synthetic,actor_7,2025-01-15,music sale changed year second,music sale changed year second,Society & Health,0.8954146058552985,"[0.0375145614416291, 0.04268021774727345, 0.8954146058552985, 0.024390614955798997]"
synthetic,actor_7,2025-01-15,vail early day famous ski resort used look like honor vail th anniversary asked morrie shepard original director vail ski school recall destination beginning,vail early day famous ski resort used look like honor vail th anniversary asked morrie shepard original director vail ski school recall destination beginning,Society & Health,0.9306583208756555,"[0.018475877899762655, 0.039936221149205274, 0.9306583208756555, 0.010929580075376685]"
synthetic,actor_7,2025-01-15,breathtaking short film show awaits humanity outside earth,breathtaking short film show awaits humanity outside earth,Society & Health,0.8481454872140587,"[0.010770508367401921, 0.05628454540225572, 0.8481454872140587, 0.08479945901628384]"
synthetic,actor_7,2025-01-15,backstreet boy spice girl might reunite epic tour oh god back,backstreet boy spice girl might reunite epic tour oh god back,Society & Health,0.9756781406926499,"[0.003624456502842452, 0.015609551526157268, 0.9756781406926499, 0.005087851278350397]"
synthetic,actor_7,2025-01-15,nypd union call boycott quentin tarantino film no surprise someone make living glorifying crime violence cop hater,nypd union call boycott quentin tarantino film no surprise someone make living glorifying crime violence cop hater,Society & Health,0.676105700812189,"[0.018608293464959298, 0.29426078194684885, 0.676105700812189, 0.011025223776002983]"
synthetic,actor_7,2025-01-15,bengal curse woody harrelson heard infamous curse bambino growing admit sexier one plague cincinnati real bengal also traced one man woody harrelson,bengal curse woody harrelson heard infamous curse bambino growing admit sexier one plague cincinnati real bengal also traced one man woody harrelson,Society & Health,0.7756898791275951,"[0.0349518237353975, 0.16482711286123083, 0.7756898791275951, 0.024531184275776607]"
synthetic,actor_7,2025-01-15,marco rubio want anti isi propaganda videotape operation publicize group heavily us propaganda attract fighter donor,marco rubio want anti isi propaganda videotape operation publicize group heavily u propaganda attract fighter donor,Politics & Governance,0.9809821598653533,"[0.005215636267818547, 0.9809821598653533, 0.008330972718101246, 0.0054712311487270454]"
synthetic,actor_7,2025-01-15,yolo jumping tourist photo forever tiananmen square near reichstag berlin beach nice nice see outside,yolo jumping tourist photo forever tiananmen square near reichstag berlin beach nice nice see outside,Society & Health,0.9771105650118644,"[0.00410840424953648, 0.013063212598826155, 0.9771105650118644, 0.005717818139772908]"
synthetic,actor_7,2025-01-15,respect talent respect almost unfashionable word young designer emerge talented interrogative immediately raised long last give time need grow,respect talent respect almost unfashionable word young designer emerge talented interrogative immediately raised long last give time need grow,Society & Health,0.6855511905664684,"[0.09473673698227399, 0.14814105376998998, 0.6855511905664684, 0.07157101868126775]"
synthetic,actor_7,2025-01-15,spa loved decompressing viva mayr spa big draw cure,spa loved decompressing viva mayr spa big draw cure,Society & Health,0.7378549735987283,"[0.06228034517486398, 0.1625042346428869, 0.7378549735987283, 0.03736044658352076]"
synthetic,actor_7,2025-01-15,amplifying voice central american farmer drink coffee think coffee come harvest bean consider much pay morning fix impact salary farmer make,amplifying voice central american farmer drink coffee think coffee come harvest bean consider much pay morning fix impact salary farmer make,Economy & Business,0.578970846448857,"[0.578970846448857, 0.19078303796196786, 0.19781863968251698, 0.03242747590665822]"
synthetic,actor_7,2025-01-15,man high castle cast responds post election comparison not alone,man high castle cast responds post election comparison not alone,Society & Health,0.7904932481117962,"[0.034834113447738936, 0.16046270506880445, 0.7904932481117962, 0.014209933371660453]"
synthetic,actor_7,2025-01-15,chainz release luv dem stripper video featuring nicki minaj chainz previously penned guest verse kanye west mercy minaj beez trap case wondering,chainz release luv dem stripper video featuring nicki minaj chainz previously penned guest verse kanye west mercy minaj beez trap case wondering,Society & Health,0.9029574270513671,"[0.019315268957932452, 0.06514169951756328, 0.9029574270513671, 0.012585604473137097]"
synthetic,actor_8,2025-01-15,psychiatrist jared fogle case link weight loss mild pedophilia not best endorsement subway diet,psychiatrist jared fogle case link weight loss mild pedophilia not best endorsement subway diet,Economy & Business,0.3945401389653926,"[0.3945401389653926, 0.19208542718571409, 0.3349813509581242, 0.07839308289076914]"
synthetic,actor_8,2025-01-15,schlub effect usually start day waking sort complaint life grab yesterday clothing maybe brush,schlub effect usually start day waking sort complaint life grab yesterday clothing maybe brush,Society & Health,0.8201332610010985,"[0.06681357149104106, 0.08652512584258193, 0.8201332610010985, 0.026528041665278623]"
synthetic,actor_8,2025-01-15,jeb comeback watch bush ups billboard game huge scoop super effective way jeb super pac spending donor money,jeb comeback watch bush ups billboard game huge scoop super effective way jeb super pac spending donor money,Politics & Governance,0.880837757279464,"[0.028198335513667544, 0.880837757279464, 0.06863910186050584, 0.02232480534636252]"
synthetic,actor_8,2025-01-15,wednesday morning email nyc defiant terror attack claim life not afraid,wednesday morning email nyc defiant terror attack claim life not afraid,Politics & Governance,0.964345030975166,"[0.00779885495537171, 0.964345030975166, 0.022874272454136778, 0.004981841615325521]"
synthetic,actor_8,2025-01-15,blackout wake current wellbeing paradigm stuck measuring cost various degree illness rather calculating value higher level wellness proactively enabling u thrive,blackout wake current wellbeing paradigm stuck measuring cost various degree illness rather calculating value higher level wellness proactively enabling u thrive,Economy & Business,0.5762858380738163,"[0.5762858380738163, 0.21106018556299805, 0.14409216916743742, 0.06856180719574821]"
synthetic,actor_8,2025-01-15,trump absurd defense wiretap claim reading thing see,trump absurd defense wiretap claim reading thing see,Politics & Governance,0.82523930654464,"[0.018103195726383782, 0.82523930654464, 0.14487216607706774, 0.011785331651908593]"
synthetic,actor_8,2025-01-15,getting divorce saved finance marriage lifeline financial stability yet many woman still primary economic building block,getting divorce saved finance marriage lifeline financial stability yet many woman still primary economic building block,Economy & Business,0.7028765970852143,"[0.7028765970852143, 0.225685694489401, 0.04651289455599812, 0.024924813869386667]"
synthetic,actor_8,2025-01-15,wisdom madness crowd madness march ever upon u harvard yet busting bracket many mercer possibly spoiling many others billion dollar dream,wisdom madness crowd madness march ever upon u harvard yet busting bracket many mercer possibly spoiling many others billion dollar dream,Economy & Business,0.31036931757395597,"[0.31036931757395597, 0.2336194362285668, 0.3080472770686773, 0.14796396912879992]"
synthetic,actor_8,2025-01-15,best new property africa photo every year go brings luxurious camp african savannah safari site not created equal,best new property africa photo every year go brings luxurious camp african savannah safari site not created equal,Society & Health,0.928782930044223,"[0.02035941555193025, 0.03072939484907279, 0.928782930044223, 0.02012825955477405]"
synthetic,actor_8,2025-01-15,oldest company logo america wall st prudential logo based review fortune company wall st identified oldest corporate,oldest company logo america wall st prudential logo based review fortune company wall st identified oldest corporate,Economy & Business,0.9909488594738597,"[0.9909488594738597, 0.00257526350846593, 0.0021345985426463373, 0.004341278475027908]"
synthetic,actor_8,2025-01-15,watch top youtube video week looking see popular youtube video week look no bringing,watch top youtube video week looking see popular youtube video week look no bringing,Technology & Cyber,0.9378268455816627,"[0.011415559830441242, 0.011129997576730137, 0.039627597011165965, 0.9378268455816627]"
synthetic,actor_8,2025-01-15,samantha bee john oliver show public support onion inc union writer tv biggest show signed name solidarity,samantha bee john oliver show public support onion inc union writer tv biggest show signed name solidarity,Society & Health,0.8462973185212984,"[0.0342315323606469, 0.08997515788319706, 0.8462973185212984, 0.02949599123485752]"
synthetic,actor_8,2025-01-15,odd scarface creature roamed earth million year ago prehistoric carnivore may venom delivering chompers,odd scarface creature roamed earth million year ago prehistoric carnivore may venom delivering chompers,Technology & Cyber,0.8290151638224891,"[0.03819020064966731, 0.06413563498998821, 0.06865900053785542, 0.8290151638224891]"
synthetic,actor_8,2025-01-15,peculiar story animal pigmentation,peculiar story animal pigmentation,Society & Health,0.3890202957640201,"[0.09425186392965312, 0.3476827823522131, 0.3890202957640201, 0.1690450579541138]"
synthetic,actor_8,2025-01-15,tourist killed caribbean airport blast jet engine knock ground tragedy occurred outside princess juliana international airport st martin police said,tourist killed caribbean airport blast jet engine knock ground tragedy occurred outside princess juliana international airport st martin police said,Society & Health,0.7420963712469949,"[0.0070075243400032445, 0.24420085358531787, 0.7420963712469949, 0.006695250827684043]"
synthetic,actor_8,2025-01-15,even conservative think u failing day care support low income worker odd hour get enough help childcare,even conservative think u failing day care support low income worker odd hour get enough help childcare,Politics & Governance,0.4421302551530919,"[0.38961688712647236, 0.4421302551530919, 0.12968017686254776, 0.03857268085788795]"
synthetic,actor_8,2025-01-15,thank goodness elizabeth warren go without ballers wga not strike allowing senator enjoy dwayne johnson show,thank goodness elizabeth warren go without ballers wga not strike allowing senator enjoy dwayne johnson show,Politics & Governance,0.5282694533671256,"[0.037818078193177354, 0.5282694533671256, 0.416796510675068, 0.01711595776462892]"
synthetic,actor_8,2025-01-15,veteran day look military tax benefit no noble contribution society participation service defense perpetuation safety country tax benefit law earned least country thank service,veteran day look military tax benefit no noble contribution society participation service defense perpetuation safety country tax benefit law earned least country thank service,Politics & Governance,0.8642131382431131,"[0.11206705820619894, 0.8642131382431131, 0.013907731975987754, 0.009812071574700314]"
synthetic,actor_8,2025-01-15,olympic skier ted ligety son could give daddy sucked work bright spot day,olympic skier ted ligety son could give daddy sucked work bright spot day,Society & Health,0.7608915742070941,"[0.04470744659327918, 0.13861754685495217, 0.7608915742070941, 0.05578343234467448]"
synthetic,actor_8,2025-01-15,legal mistake every business avoid order reduce potential contributing penalty based revenue business generate u government following legal mistake avoid cost,legal mistake every business avoid order reduce potential contributing penalty based revenue business generate u government following legal mistake avoid cost,Economy & Business,0.8722034532113003,"[0.8722034532113003, 0.11102201645473192, 0.007154971102422399, 0.009619559231545477]"
synthetic,actor_1,2025-01-22,thursday morning email cruz refuse endorse trump rnc booed stage,thursday morning email cruz refuse endorse trump rnc booed stage,Politics & Governance,0.9965024922905528,"[0.0007544435213600651, 0.9965024922905528, 0.0022082763243625185, 0.0005347878637247645]"
synthetic,actor_1,2025-01-22,settlement free tomi lahren glenn beck network agreement give lahren right facebook page minus video made blaze,settlement free tomi lahren glenn beck network agreement give lahren right facebook page minus video made blaze,Politics & Governance,0.6122659435614771,"[0.0683735611283797, 0.6122659435614771, 0.17146201168214928, 0.14789848362799396]"
synthetic,actor_1,2025-01-22,cia torture immeasurable damage u global leadership cia never among world trusted global brand even among u ally torture revelation diminished u claim moral leadership reduced soft power,cia torture immeasurable damage u global leadership cia never among world trusted global brand even among u ally torture revelation diminished u claim moral leadership reduced soft power,Politics & Governance,0.9298982702144265,"[0.04438970970342622, 0.9298982702144265, 0.011205519550869996, 0.014506500531277337]"
synthetic,actor_1,2025-01-22,trump confederate fallacy people admire similarly shameful thing including washington jefferson monument washington,trump confederate fallacy people admire similarly shameful thing including washington jefferson monument washington,Politics & Governance,0.9351507768833216,"[0.013099094789680918, 0.9351507768833216, 0.04578899144636616, 0.0059611368806313245]"
synthetic,actor_1,2025-01-22,scott pruitt epa taking time fixing regulation poisoned flint water one regulation pruitt said stronger,scott pruitt epa taking time fixing regulation poisoned flint water one regulation pruitt said stronger,Politics & Governance,0.9646704163202109,"[0.007710033352949287, 0.9646704163202109, 0.02257232392145331, 0.005047226405386425]"
synthetic,actor_1,2025-01-22,boris johnson shock withdrawal tory leadership race happened shock room like bomb went,boris johnson shock withdrawal tory leadership race happened shock room like bomb went,Politics & Governance,0.8232176154537278,"[0.04383826163644548, 0.8232176154537278, 0.12286488682200068, 0.010079236087826201]"
synthetic,actor_1,2025-01-22,deadliest form tuberculosis snowballing country already hard hit world largest infectious killer airborne,deadliest form tuberculosis snowballing country already hard hit world largest infectious killer airborne,Politics & Governance,0.6765826538961774,"[0.11757797599424234, 0.6765826538961774, 0.1586897988749084, 0.047149571234671776]"
synthetic,actor_1,2025-01-22,massive blast rock central baghdad,massive blast rock central baghdad,Politics & Governance,0.5434262729004298,"[0.04530323908650843, 0.5434262729004298, 0.3460009518430818, 0.06526953616998013]"
synthetic,actor_1,2025-01-22,woman dy forcibly removed hospital florida state chapter naacp said strongly believe death due negligence police department hospital,woman dy forcibly removed hospital florida state chapter naacp said strongly believe death due negligence police department hospital,Politics & Governance,0.9038608756778722,"[0.014858952304282426, 0.9038608756778722, 0.07090576107376999, 0.010374410944075407]"
synthetic,actor_1,2025-01-22,video make visible california unseen natural gas disaster huge methane leak near los angeles spewing ten thousand pound greenhouse gas atmosphere every,video make visible california unseen natural gas disaster huge methane leak near los angeles spewing ten thousand pound greenhouse gas atmosphere every,Politics & Governance,0.5313548984285127,"[0.212504291474736, 0.5313548984285127, 0.1406991765673454, 0.1154416335294059]"
synthetic,actor_1,2025-01-22,aaron rodgers still complaining cancel culture good look packer quarterback made thought clear via wardrobe made questionable statement covid radio show appearance,aaron rodgers still complaining cancel culture good look packer quarterback made thought clear via wardrobe made questionable statement covid radio show appearance,Society & Health,0.9479360216301026,"[0.013452904345257727, 0.022338842795094505, 0.9479360216301026, 0.016272231229545072]"
synthetic,actor_1,2025-01-22,martin malley accuses rival worn politics immigration hell democratic presidential candidate said,martin malley accuses rival worn politics immigration hell democratic presidential candidate said,Politics & Governance,0.9766972458460055,"[0.005665729119853568, 0.9766972458460055, 0.015005890907325478, 0.002631134126815525]"
synthetic,actor_1,2025-01-22,unloose spring organization snow barely memory wearing short drinking iced coffee using vaguely soggy grass nap study toss frisbee,unloose spring organization snow barely memory wearing short drinking iced coffee using vaguely soggy grass nap study toss frisbee,Society & Health,0.537990171591449,"[0.24836933717912643, 0.08733105597921029, 0.537990171591449, 0.12630943525021426]"
synthetic,actor_1,2025-01-22,white house no donald trump vet ptsd not weak veteran torching gop nominee implying not strong struggle trauma,white house no donald trump vet ptsd not weak veteran torching gop nominee implying not strong struggle trauma,Politics & Governance,0.9895159134148882,"[0.001503415987704844, 0.9895159134148882, 0.008215002766841504, 0.0007656678305654082]"
synthetic,actor_1,2025-01-22,maverick financial advisor warning business danger k plan mission not expose true nature industry operates also share message capitalism truth central economic planning belief root cause many people retirement planning challenge,maverick financial advisor warning business danger k plan mission not expose true nature industry operates also share message capitalism truth central economic planning belief root cause many people retirement planning challenge,Economy & Business,0.9540815970532135,"[0.9540815970532135, 0.023510859489326245, 0.00821478051355037, 0.014192762943909885]"
synthetic,actor_1,2025-01-22,trumpismo american fascism serious people using f word fascist describe donald trump phenomenon,trumpismo american fascism serious people using f word fascist describe donald trump phenomenon,Politics & Governance,0.9144508997299273,"[0.010975697402351934, 0.9144508997299273, 0.07020665708775276, 0.004366745779968051]"
synthetic,actor_1,2025-01-22,inner nerd love photo old school america historical gem new york public library recently released collection,inner nerd love photo old school america historical gem new york public library recently released collection,Society & Health,0.721591750202868,"[0.05872931300113317, 0.19625310198831067, 0.721591750202868, 0.023425834807688176]"
synthetic,actor_1,2025-01-22,donald trump second meeting vladimir putin g summit encounter previously undisclosed,donald trump second meeting vladimir putin g summit encounter previously undisclosed,Politics & Governance,0.9403606166646344,"[0.008055835563245748, 0.9403606166646344, 0.04817679461242407, 0.003406753159695925]"
synthetic,actor_1,2025-01-22,house price suffer festive fall uk house price fell december according figure office deputy prime minister nationally house price rose annual rate december less rise previous month average uk house price fell november reflecting recent land registry figure confirming slowdown late major uk region apart northern ireland experienced fall annual growth december december traditionally quiet month housing market christmas celebration however recent figure land registry showing big drop sale last quarter previous year suggested slowdown could seasonal blip volume sale october december dropped nearly quarter period land registry said although office deputy prime minister odpm land registry figure point slowdown market recent survey nationwide halifax indicated market may undergoing revival registering fall back end halifax said house price rose january nationwide reported rise first month year,house price suffer festive fall uk house price fell december according figure office deputy prime minister nationally house price rose annual rate december less rise previous month average uk house price fell november reflecting recent land registry figure confirming slowdown late major uk region apart northern ireland experienced fall annual growth december december traditionally quiet month housing market christmas celebration however recent figure land registry showing big drop sale last quarter previous year suggested slowdown could seasonal blip volume sale october december dropped nearly quarter period land registry said although office deputy prime minister odpm land registry figure point slowdown market recent survey nationwide halifax indicated market may undergoing revival registering fall back end halifax said house price rose january nationwide reported rise first month year,Economy & Business,0.7662175937542732,"[0.7662175937542732, 0.15335982649294683, 0.05799585254821235, 0.02242672720456758]"
synthetic,actor_1,2025-01-22,california marijuana legalization could usher new gold rush legalization recreational weed would generate estimated billion additional tax per year,california marijuana legalization could usher new gold rush legalization recreational weed would generate estimated billion additional tax per year,Politics & Governance,0.6934789501754912,"[0.22067885626969952, 0.6934789501754912, 0.03842009611515132, 0.047422097439658056]"
synthetic,actor_2,2025-01-22,nevada speaker elect step racist writing emerge,nevada speaker elect step racist writing emerge,Politics & Governance,0.8485877662917738,"[0.042769774654422894, 0.8485877662917738, 0.08146634700103585, 0.02717611205276769]"
synthetic,actor_2,2025-01-22,roll royce pay million bribery scandal others used unaoil middleman engine maker could first line corporate domino,roll royce pay million bribery scandal others used unaoil middleman engine maker could first line corporate domino,Politics & Governance,0.43679637885143296,"[0.3373720661784082, 0.43679637885143296, 0.13906826546695947, 0.0867632895031995]"
synthetic,actor_2,2025-01-22,may judgement day american tortured uae monday two american held emirati jail almost two year find court whether sentenced year prison successful businessmen kamal ahmed eldarat age son mohamed tortured making false confession given sham trial,may judgement day american tortured uae monday two american held emirati jail almost two year find court whether sentenced year prison successful businessmen kamal ahmed eldarat age son mohamed tortured making false confession given sham trial,Politics & Governance,0.8465307537181324,"[0.06856533898471226, 0.8465307537181324, 0.05171460609522128, 0.03318930120193419]"
synthetic,actor_2,2025-01-22,cia torture immeasurable damage u global leadership cia never among world trusted global brand even among u ally torture revelation diminished u claim moral leadership reduced soft power,cia torture immeasurable damage u global leadership cia never among world trusted global brand even among u ally torture revelation diminished u claim moral leadership reduced soft power,Politics & Governance,0.9298982702144265,"[0.04438970970342622, 0.9298982702144265, 0.011205519550869996, 0.014506500531277337]"
synthetic,actor_2,2025-01-22,juli n castro reject blaming obama administration declining life expectancy former housing urban development secretary speaking saturday heartland forum iowa,juli n castro reject blaming obama administration declining life expectancy former housing urban development secretary speaking saturday heartland forum iowa,Politics & Governance,0.965611159686083,"[0.01638726298275207, 0.965611159686083, 0.014565899625886166, 0.0034356777052788174]"
synthetic,actor_2,2025-01-22,deutsche boerse set woo lse boss deutsche boerse london stock exchange meet amid talk takeover bid lse raised bn bn last month german exchange tabled penny per share offer lse valuing bn paris based euronext owner liffe london also said interested bidding lse euronext due hold talk lse week reported ready raise bn fund bid euronext chief jean francois theodore scheduled meet lse counterpart clara furse friday deutsche boerse chief werner seifert meeting m furse thursday third meeting two exchange since bid approach december lse rejected deutsche boerse proposed bn offer december saying undervalued business agreed leave door open talk find whether significantly improved proposal would interest lse shareholder customer meantime euronext combine paris amsterdam lisbon stock exchange also began talk lse statement thursday euronext said offer likely solely cash added no assurance stage offer made deal either bidder would create biggest stock market operator europe second biggest world new york stock exchange according ft latest meeting deutsche boerse adopt charm offensive woo london exchange newspaper said german suitor offer manage combined cash equity market london let m furse take helm report week said deutsche boerse might even consider selling luxembourg based clearstream unit clearing house process security transaction ownership clearstream seen main stumbling block london frankfurt merger lse shareholder feared deutsche boerse takeover would force use clearstream making difficult negotiate lower transaction fee,deutsche boerse set woo lse bos deutsche boerse london stock exchange meet amid talk takeover bid lse raised bn bn last month german exchange tabled penny per share offer lse valuing bn paris based euronext owner liffe london also said interested bidding lse euronext due hold talk lse week reported ready raise bn fund bid euronext chief jean francois theodore scheduled meet lse counterpart clara furse friday deutsche boerse chief werner seifert meeting furse thursday third meeting two exchange since bid approach december lse rejected deutsche boerse proposed bn offer december saying undervalued business agreed leave door open talk find whether significantly improved proposal would interest lse shareholder customer meantime euronext combine paris amsterdam lisbon stock exchange also began talk lse statement thursday euronext said offer likely solely cash added no assurance stage offer made deal either bidder would create biggest stock market operator europe second biggest world new york stock exchange according ft latest meeting deutsche boerse adopt charm offensive woo london exchange newspaper said german suitor offer manage combined cash equity market london let furse take helm report week said deutsche boerse might even consider selling luxembourg based clearstream unit clearing house process security transaction ownership clearstream seen main stumbling block london frankfurt merger lse shareholder feared deutsche boerse takeover would force use clearstream making difficult negotiate lower transaction fee,Economy & Business,0.8961087643354453,"[0.8961087643354453, 0.043288637326606545, 0.04197801628545707, 0.01862458205249122]"
synthetic,actor_2,2025-01-22,south dakota senate repeal voter backed anti corruption law vote occurred protester shouted shame respect vote,south dakota senate repeal voter backed anti corruption law vote occurred protester shouted shame respect vote,Politics & Governance,0.9980073628924061,"[0.0006390708403414755, 0.9980073628924061, 0.000983184711348539, 0.00037038155590391516]"
synthetic,actor_2,2025-01-22,even liberal enclave susceptible hate place like portland much learn tragedy,even liberal enclave susceptible hate place like portland much learn tragedy,Politics & Governance,0.6763140251982893,"[0.06330404172547008, 0.6763140251982893, 0.23211291597591743, 0.028269017100323136]"
synthetic,actor_2,2025-01-22,get corporation politics ciara torres spelliscy,get corporation politics ciara torres spelliscy,Politics & Governance,0.6868283640727668,"[0.044145370551676374, 0.6868283640727668, 0.24406334525602436, 0.024962920119532404]"
synthetic,actor_2,2025-01-22,driver license office florida parking problem started turning away legal immigrant along taking step like opening office hour earlier,driver license office florida parking problem started turning away legal immigrant along taking step like opening office hour earlier,Politics & Governance,0.4700613603746994,"[0.3311971346456129, 0.4700613603746994, 0.17161088009751246, 0.02713062488217506]"
synthetic,actor_2,2025-01-22,gop tax plan first middle class ax medicare though house passed version tax reform republican voting overwhelming amount,gop tax plan first middle class ax medicare though house passed version tax reform republican voting overwhelming amount,Politics & Governance,0.9782130724583736,"[0.01698975867504101, 0.9782130724583736, 0.003519148582058338, 0.0012780202845270395]"
synthetic,actor_2,2025-01-22,democrat struggle win skeptical american obamacare,democrat struggle win skeptical american obamacare,Politics & Governance,0.9883071646288671,"[0.0066551441234199765, 0.9883071646288671, 0.004132956721524603, 0.0009047345261881046]"
synthetic,actor_2,2025-01-22,vladimir putin popularity skyrocketing among republican guy accused manipulating u politics enabling killing aleppo favorability rating go seriously,vladimir putin popularity skyrocketing among republican guy accused manipulating u politics enabling killing aleppo favorability rating go seriously,Politics & Governance,0.9657903406982199,"[0.006889694419630526, 0.9657903406982199, 0.021414038080533965, 0.005905926801615551]"
synthetic,actor_2,2025-01-22,russia offered afghan militant bounty kill u troop report russian military intelligence unit linked assassination attempt europe reportedly offered reward successful attack u troop last year,russia offered afghan militant bounty kill u troop report russian military intelligence unit linked assassination attempt europe reportedly offered reward successful attack u troop last year,Politics & Governance,0.9822369483857168,"[0.00786553583943577, 0.9822369483857168, 0.006127567825674874, 0.003769947949172517]"
synthetic,actor_2,2025-01-22,senate republican looking play let make deal tax cut holdout actually hold,senate republican looking play let make deal tax cut holdout actually hold,Politics & Governance,0.9547167985404774,"[0.021429358956343188, 0.9547167985404774, 0.016919257042862304, 0.006934585460317115]"
synthetic,actor_2,2025-01-22,wednesday morning email obama may known clemency president president commuted sentence president history,wednesday morning email obama may known clemency president president commuted sentence president history,Politics & Governance,0.997714733044648,"[0.0009685233956244839, 0.997714733044648, 0.0007046555289367516, 0.0006120880307906347]"
synthetic,actor_2,2025-01-22,charter school future school desegregation charter school could play key role dismantling nation highly segregated school,charter school future school desegregation charter school could play key role dismantling nation highly segregated school,Politics & Governance,0.8847167424768738,"[0.04321040127969443, 0.8847167424768738, 0.05295654870787402, 0.01911630753555769]"
synthetic,actor_2,2025-01-22,al franken say regaining public trust start going back work today minnesota senator told reporter monday ashamed groping allegation would not resign,al franken say regaining public trust start going back work today minnesota senator told reporter monday ashamed groping allegation would not resign,Politics & Governance,0.8962241226721022,"[0.030126732649585167, 0.8962241226721022, 0.0653168069933294, 0.008332337684983142]"
synthetic,actor_2,2025-01-22,steve king said something nice least not mean hillary clinton not support course,steve king said something nice least not mean hillary clinton not support course,Politics & Governance,0.8279867016115064,"[0.011765581753464696, 0.8279867016115064, 0.14879754560832556, 0.01145017102670327]"
synthetic,actor_2,2025-01-22,republican think trump gave wanted think gop lawmaker might soon realize president boxed impossible promise,republican think trump gave wanted think gop lawmaker might soon realize president boxed impossible promise,Politics & Governance,0.9937227555672393,"[0.0012710777264527341, 0.9937227555672393, 0.004287727847880888, 0.0007184388584269791]"
synthetic,actor_3,2025-01-22,governor trump administration stay away marijuana law ask trump administration engage u embarking change regulatory enforcement system,governor trump administration stay away marijuana law ask trump administration engage u embarking change regulatory enforcement system,Politics & Governance,0.9982080195601475,"[0.0007512196907011404, 0.9982080195601475, 0.0006595315430574437, 0.0003812292060939792]"
synthetic,actor_3,2025-01-22,alfa romeo get gm engine fiat stop making six cylinder petrol engine sporty alfa romeo subsidiary union italian carmaker said union claim fiat close fiat powertrain plant arese near milan instead source six cylinder engine general motor fiat yet comment matter union say new engine made gm australia news come week gm pulled agreement buy fiat gm pay former partner fiat bn euro bn bn get deal could forced buy italian carmaker outright fiat gm also ended five year alliance two joint venture engine purchasing agree continue buying engine powertrain told u today alfa romeo engine no longer made arese said union leader vincenzo lilliu reported reuters news agency assembly line dismantled six cylinder alfa romeo motor replaced engine gm produce australia reuters also said mr lilliu union boss shouted insult fiat chairman luca di montezemolo following meeting tuesday regarding future arese plant union said end engine production facility would mean loss job alfa romeo model bought six cylinder engine sportwagon gtv gt spider,alfa romeo get gm engine fiat stop making six cylinder petrol engine sporty alfa romeo subsidiary union italian carmaker said union claim fiat close fiat powertrain plant arese near milan instead source six cylinder engine general motor fiat yet comment matter union say new engine made gm australia news come week gm pulled agreement buy fiat gm pay former partner fiat bn euro bn bn get deal could forced buy italian carmaker outright fiat gm also ended five year alliance two joint venture engine purchasing agree continue buying engine powertrain told u today alfa romeo engine no longer made arese said union leader vincenzo lilliu reported reuters news agency assembly line dismantled six cylinder alfa romeo motor replaced engine gm produce australia reuters also said mr lilliu union bos shouted insult fiat chairman luca di montezemolo following meeting tuesday regarding future arese plant union said end engine production facility would mean loss job alfa romeo model bought six cylinder engine sportwagon gtv gt spider,Economy & Business,0.7468190511397099,"[0.7468190511397099, 0.10082354314286236, 0.1094105618123154, 0.04294684390511255]"
synthetic,actor_3,2025-01-22,buying gun become new post thanksgiving tradition america walmart nation largest gun seller featuring black friday manager special sale promise percent,buying gun become new post thanksgiving tradition america walmart nation largest gun seller featuring black friday manager special sale promise percent,Economy & Business,0.7475724481499453,"[0.7475724481499453, 0.220726369878453, 0.020670840525385384, 0.011030341446216192]"
synthetic,actor_3,2025-01-22,donald trump september fundraising show not hillary clinton league also failing promise self fund million,donald trump september fundraising show not hillary clinton league also failing promise self fund million,Politics & Governance,0.950854538402485,"[0.005131102393626988, 0.950854538402485, 0.04173786058821986, 0.0022764986156681164]"
synthetic,actor_3,2025-01-22,slap obama gop led house move block steep cut greenhouse gas emission measure go white house face almost certain veto,slap obama gop led house move block steep cut greenhouse gas emission measure go white house face almost certain veto,Politics & Governance,0.9795182863659088,"[0.009516713847194937, 0.9795182863659088, 0.0074561301999412615, 0.003508869586955019]"
synthetic,actor_3,2025-01-22,entrepreneur let get better balance one struggle running business need make decision around time made bad decision day although know could turned differently,entrepreneur let get better balance one struggle running business need make decision around time made bad decision day although know could turned differently,Economy & Business,0.7212692181787339,"[0.7212692181787339, 0.11563259778403538, 0.11257424328357332, 0.05052394075365749]"
synthetic,actor_3,2025-01-22,brighter day lie ahead paris agreement cost inaction higher cost action everyone see,brighter day lie ahead paris agreement cost inaction higher cost action everyone see,Politics & Governance,0.5125161917819767,"[0.24603440341079588, 0.5125161917819767, 0.19673680845742195, 0.04471259634980551]"
synthetic,actor_3,2025-01-22,budget cut disarming environmental fight massachusetts bacterial testing lake river surface water cut two third last decade,budget cut disarming environmental fight massachusetts bacterial testing lake river surface water cut two third last decade,Politics & Governance,0.38780688968135424,"[0.19861964310430913, 0.38780688968135424, 0.31364708919120987, 0.09992637802312672]"
synthetic,actor_3,2025-01-22,target credit card business sold td bank not ton thing deposit much keeping kind strategy,target credit card business sold td bank not ton thing deposit much keeping kind strategy,Economy & Business,0.9708959820720102,"[0.9708959820720102, 0.013240909905191644, 0.009908625275273222, 0.0059544827475249635]"
synthetic,actor_3,2025-01-22,paul ryan think donald trump tuesday mark four week since donald trump indiana republican primary forcing fellow presidential candidate ted,paul ryan think donald trump tuesday mark four week since donald trump indiana republican primary forcing fellow presidential candidate ted,Politics & Governance,0.9940104942737499,"[0.000521722307998408, 0.9940104942737499, 0.005320145163450966, 0.00014763825480075651]"
synthetic,actor_3,2025-01-22,gop hopeful think tom cotton iran bombing claim,gop hopeful think tom cotton iran bombing claim,Politics & Governance,0.9904920715142873,"[0.001095092589507462, 0.9904920715142873, 0.007580567028535888, 0.0008322688676694269]"
synthetic,actor_3,2025-01-22,tea party congressman loses primary rep tim huelskamp chairman tea party caucus beaten gop moderate,tea party congressman loses primary rep tim huelskamp chairman tea party caucus beaten gop moderate,Politics & Governance,0.9911113830557974,"[0.0015946804192254196, 0.9911113830557974, 0.005457093148074644, 0.0018368433769025997]"
synthetic,actor_3,2025-01-22,democrat asked judge gorsuch one question senator charles schumer said republican slow proceeding given f b confirmed,democrat asked judge gorsuch one question senator charles schumer said republican slow proceeding given f b confirmed,Politics & Governance,0.983262296701523,"[0.003885842948096053, 0.983262296701523, 0.009885895328863017, 0.002965965021517912]"
synthetic,actor_3,2025-01-22,uk discriminated rom government immigration rule racially discriminated rom gypsy seeking entry uk law lord ruled follows home office move cut asylum claim stopping people mostly rom boarding flight britain czech capital prague civil right group liberty said exposed racism heart government asylum policy home office said not meant discriminate anyone said would look implication ruling pointed control no longer place czech entitled free movement across europe screening took place airport july time concern number asylum seeker entering britain refused pre clearance effectively prevented travelling uk no airline would carry lady hale sitting lord bingham steyn hope carswell said many rom good reason want leave czech republic persecution said treated sceptically non rom passenger immigration officer acting racial ground lady hale said immigration officer treated would passenger way using intrusive questioning specific reason liberty said statistic suggested rom czech time likely stopped british immigration official prague airport non rom czech took case six unnamed rom czech refused entry britain european rom right centre said measure unfairly penalised rom people lost high court action october judge said system no less objectionable visa control system ruled no obligation britain not take step prevent potential refugee approaching border claim asylum court appeal decided practice almost inevitably discriminated rom justified likely seek asylum immigration law allows official discriminate citizen named country not allow officer go responding ruling home office spokesman said scheme operated two year ago short term response high level passenger travelling prague subsequently found ineligible entry uk welcoming ruling maeve sherlock chief executive refugee council said human right abuse rom eastern europe well documented hugely troubling government sought deny entry vulnerable group amnesty international jan shaw said government asylum policy operated discriminatorily bleakly ironic given discrimination often lie heart serious human right abuse not least czech republic chairman migration watch uk sir andrew green said house lord decision step wrong direction basic point government duty control border decision appears extend race relation legislation beyond sensible limit,uk discriminated rom government immigration rule racially discriminated rom gypsy seeking entry uk law lord ruled follows home office move cut asylum claim stopping people mostly rom boarding flight britain czech capital prague civil right group liberty said exposed racism heart government asylum policy home office said not meant discriminate anyone said would look implication ruling pointed control no longer place czech entitled free movement across europe screening took place airport july time concern number asylum seeker entering britain refused pre clearance effectively prevented travelling uk no airline would carry lady hale sitting lord bingham steyn hope carswell said many rom good reason want leave czech republic persecution said treated sceptically non rom passenger immigration officer acting racial ground lady hale said immigration officer treated would passenger way using intrusive questioning specific reason liberty said statistic suggested rom czech time likely stopped british immigration official prague airport non rom czech took case six unnamed rom czech refused entry britain european rom right centre said measure unfairly penalised rom people lost high court action october judge said system no less objectionable visa control system ruled no obligation britain not take step prevent potential refugee approaching border claim asylum court appeal decided practice almost inevitably discriminated rom justified likely seek asylum immigration law allows official discriminate citizen named country not allow officer go responding ruling home office spokesman said scheme operated two year ago short term response high level passenger travelling prague subsequently found ineligible entry uk welcoming ruling maeve sherlock chief executive refugee council said human right abuse rom eastern europe well documented hugely troubling government sought deny entry vulnerable group amnesty international jan shaw said government asylum policy operated discriminatorily bleakly ironic given discrimination often lie heart serious human right abuse not least czech republic chairman migration watch uk sir andrew green said house lord decision step wrong direction basic point government duty control border decision appears extend race relation legislation beyond sensible limit,Politics & Governance,0.9758663208964524,"[0.01314172087736668, 0.9758663208964524, 0.004995716254770502, 0.00599624197141027]"
synthetic,actor_3,2025-01-22,volkswagen car one releasing pollutant diesel car made renault nissan hyundai citroen fiat volvo among others emitted far nox rigorous test research show,volkswagen car one releasing pollutant diesel car made renault nissan hyundai citroen fiat volvo among others emitted far nox rigorous test research show,Economy & Business,0.49963078419018747,"[0.49963078419018747, 0.15994817492235425, 0.1681866597771257, 0.17223438111033249]"
synthetic,actor_3,2025-01-22,huffpollster need know louisiana gubernatorial election voter head poll tomorrow louisiana elect bobby jindal successor american allowing syrian refugee country sentiment nothing new u paris attack likely big effect election could bring foreign policy forefront race huffpollster friday november,huffpollster need know louisiana gubernatorial election voter head poll tomorrow louisiana elect bobby jindal successor american allowing syrian refugee country sentiment nothing new u paris attack likely big effect election could bring foreign policy forefront race huffpollster friday november,Politics & Governance,0.9968913838183738,"[0.0014013808647833207, 0.9968913838183738, 0.0011092701644710168, 0.0005979651523717558]"
synthetic,actor_3,2025-01-22,photo show japan incredible transformation world war ii,photo show japan incredible transformation world war ii,Politics & Governance,0.7746268449262607,"[0.01672952373407875, 0.7746268449262607, 0.16531346478230632, 0.04333016655735424]"
synthetic,actor_3,2025-01-22,elizabeth warren pushed run president major progressive gathering,elizabeth warren pushed run president major progressive gathering,Politics & Governance,0.9865948544321842,"[0.004040144331782753, 0.9865948544321842, 0.007761038811209058, 0.0016039624248241186]"
synthetic,actor_3,2025-01-22,lawyer ranted spanish speaker face office eviction disciplinary complaint hounded reporter may get surprise serenade mariachi band,lawyer ranted spanish speaker face office eviction disciplinary complaint hounded reporter may get surprise serenade mariachi band,Politics & Governance,0.48459484557453186,"[0.06249502032912705, 0.48459484557453186, 0.3952219431787206, 0.05768819091762067]"
synthetic,actor_3,2025-01-22,gop contender prep loud ugly holiday season republican national committee pushed iowa caucus month feb seemed like good people,gop contender prep loud ugly holiday season republican national committee pushed iowa caucus month feb seemed like good people,Politics & Governance,0.8641003131300374,"[0.02911467656900412, 0.8641003131300374, 0.09357718309226287, 0.013207827208695547]"
synthetic,actor_4,2025-01-22,metro station put commute shame,metro station put commute shame,Society & Health,0.6701658190319841,"[0.055893226745876864, 0.21937358278947505, 0.6701658190319841, 0.05456737143266403]"
synthetic,actor_4,2025-01-22,hedge fund launch proxy fight remove yahoo entire board report board management continually failed live promise trusted decision whether yahoo remain independent company,hedge fund launch proxy fight remove yahoo entire board report board management continually failed live promise trusted decision whether yahoo remain independent company,Economy & Business,0.5563255512381841,"[0.5563255512381841, 0.19636599928199908, 0.04057186804492241, 0.20673658143489448]"
synthetic,actor_4,2025-01-22,bloomberg new york city virtually no racial problem year height stop frisk new york nearly people half black stopped police,bloomberg new york city virtually no racial problem year height stop frisk new york nearly people half black stopped police,Politics & Governance,0.6986285097113278,"[0.11579696747651552, 0.6986285097113278, 0.1499616424500247, 0.035612880362131866]"
synthetic,actor_4,2025-01-22,indy buy india paper irish publishing group independent news medium buying stake indian newspaper company jagran deal worth euro jagran publishes india top selling daily newspaper hindi language dainik jagran circulation year news deal came group announced result would meet market forecast company reported strong revenue growth across major market group advertising revenue year year group said overall circulation revenue expected increase almost year year helped positive impact compact newspaper edition ireland uk said proven important year independent news medium said chief executive sir anthony reilly simple aim independent low cost producer every region operate confident show meaningful increase earnings meanwhile group made no comment future independent newspaper despite recent speculation sir anthony held talk potential buyer stake daily publication consistently denied suggestion independent independent sunday sale buy understood recent success smaller edition independent pushed circulation prompted interest industry rival daily mail general trust tipped likely suitor loss making newspaper not expected reach break even,indy buy india paper irish publishing group independent news medium buying stake indian newspaper company jagran deal worth euro jagran publishes india top selling daily newspaper hindi language dainik jagran circulation year news deal came group announced result would meet market forecast company reported strong revenue growth across major market group advertising revenue year year group said overall circulation revenue expected increase almost year year helped positive impact compact newspaper edition ireland uk said proven important year independent news medium said chief executive sir anthony reilly simple aim independent low cost producer every region operate confident show meaningful increase earnings meanwhile group made no comment future independent newspaper despite recent speculation sir anthony held talk potential buyer stake daily publication consistently denied suggestion independent independent sunday sale buy understood recent success smaller edition independent pushed circulation prompted interest industry rival daily mail general trust tipped likely suitor loss making newspaper not expected reach break even,Economy & Business,0.8723837102866078,"[0.8723837102866078, 0.08536256115712368, 0.008695051185260733, 0.03355867737100776]"
synthetic,actor_4,2025-01-22,nikki haley pay respect people bos want ban u diplomatic arm trump administration sudden playing nice syrian refugee,nikki haley pay respect people bos want ban u diplomatic arm trump administration sudden playing nice syrian refugee,Politics & Governance,0.9842857359696919,"[0.004162014637969712, 0.9842857359696919, 0.010000979727567772, 0.001551269664770707]"
synthetic,actor_4,2025-01-22,chelsea handler last minute reminder vote trump tell em girl,chelsea handler last minute reminder vote trump tell em girl,Society & Health,0.5872048850953651,"[0.01137746849805022, 0.39472743625390994, 0.5872048850953651, 0.006690210152674721]"
synthetic,actor_4,2025-01-22,clare ceri morgan newlywed couple spend honeymoon saving sick dog surgery nearly pet owner percent said would cancel spa treatment massage order pay,clare ceri morgan newlywed couple spend honeymoon saving sick dog surgery nearly pet owner percent said would cancel spa treatment massage order pay,Economy & Business,0.45780339984708235,"[0.45780339984708235, 0.1217639690724832, 0.3908878142738062, 0.0295448168066283]"
synthetic,actor_4,2025-01-22,fast moving phone bug appear security firm warning several mobile phone virus spread much faster similar bug new strain cabir mobile phone virus use short range radio technology leap vulnerable phone soon range cabir virus affect high end handset running symbian series phone operating system despite warning far no report phone infected new variant cabir original cabir worm came light mid june sent anti virus firm proof concept program mistake way original cabir written meant even escaped laboratory bug would able infect one phone time however new cabir strain mistake corrected spread via short range bluetooth technology vulnerable phone range bluetooth effective range ten metre risk infected cabir low user must give malicious program permission download handset must manually install user protect altering setting symbian phone conceals handset bluetooth using device finnish security firm f secure issued warning new strain cabir said virus not damage phone block normal bluetooth activity drain phone battery anti virus firm sophos said source code cabir posted net brazilian programmer might lead even variant program created far seven version cabir know exist one inside malicious skull program found late november symbian series software licenced nokia lg electronics lenovo panasonic samsung sendo siemens,fast moving phone bug appear security firm warning several mobile phone virus spread much faster similar bug new strain cabir mobile phone virus use short range radio technology leap vulnerable phone soon range cabir virus affect high end handset running symbian series phone operating system despite warning far no report phone infected new variant cabir original cabir worm came light mid june sent anti virus firm proof concept program mistake way original cabir written meant even escaped laboratory bug would able infect one phone time however new cabir strain mistake corrected spread via short range bluetooth technology vulnerable phone range bluetooth effective range ten metre risk infected cabir low user must give malicious program permission download handset must manually install user protect altering setting symbian phone conceals handset bluetooth using device finnish security firm f secure issued warning new strain cabir said virus not damage phone block normal bluetooth activity drain phone battery anti virus firm sophos said source code cabir posted net brazilian programmer might lead even variant program created far seven version cabir know exist one inside malicious skull program found late november symbian series software licenced nokia lg electronics lenovo panasonic samsung sendo siemens,Technology & Cyber,0.9387875932081702,"[0.024547619000118613, 0.026246362689040195, 0.010418425102671125, 0.9387875932081702]"
synthetic,actor_4,2025-01-22,mcdonald serf reputation fry clearly easterbrook heard wake call taking serious note recent trouble escalating push salary increase increasing competition burger quick serve restaurant,mcdonald serf reputation fry clearly easterbrook heard wake call taking serious note recent trouble escalating push salary increase increasing competition burger quick serve restaurant,Economy & Business,0.6175399288357997,"[0.6175399288357997, 0.16084453152070766, 0.18707521491227913, 0.03454032473121356]"
synthetic,actor_4,2025-01-22,michelle obama favorite color royal blue photo cerulean indigo cobalt regardless want call suspect mr obama time favorite,michelle obama favorite color royal blue photo cerulean indigo cobalt regardless want call suspect mr obama time favorite,Society & Health,0.8390571881697776,"[0.0057473288621536075, 0.15003351502671378, 0.8390571881697776, 0.005161967941354879]"
synthetic,actor_4,2025-01-22,kevin mccarthy damage control benghazi comment committee set one sole purpose find truth behalf family four dead american,kevin mccarthy damage control benghazi comment committee set one sole purpose find truth behalf family four dead american,Politics & Governance,0.6243223062482125,"[0.057579344675455266, 0.6243223062482125, 0.29604420089256234, 0.02205414818377002]"
synthetic,actor_4,2025-01-22,crisis confidence medical research many year since trusted anything read medical psychiatric journal enterprise wide positive bias finding never seem replicate benefit hyped harm hidden,crisis confidence medical research many year since trusted anything read medical psychiatric journal enterprise wide positive bias finding never seem replicate benefit hyped harm hidden,Politics & Governance,0.3983294412308098,"[0.2126531819048934, 0.3983294412308098, 0.18790186429507735, 0.2011155125692194]"
synthetic,actor_4,2025-01-22,way republican save party put pickle,way republican save party put pickle,Politics & Governance,0.8145549933299097,"[0.05394864386532087, 0.8145549933299097, 0.10821832429527706, 0.02327803850949249]"
synthetic,actor_4,2025-01-22,generation lost millennials come age still millennials not first generation come age hard time example recession early,generation lost millennials come age still millennials not first generation come age hard time example recession early,Economy & Business,0.5176677262143372,"[0.5176677262143372, 0.22653698243873022, 0.1957196513908493, 0.06007563995608324]"
synthetic,actor_4,2025-01-22,live update u open begin pinehurst,live update u open begin pinehurst,Society & Health,0.7714880751561201,"[0.03543858156337642, 0.16966016102086423, 0.7714880751561201, 0.023413182259639224]"
synthetic,actor_4,2025-01-22,breitbart tried smear khizr khan face planted maybe time donald trump bootlicker moved something new,breitbart tried smear khizr khan face planted maybe time donald trump bootlicker moved something new,Politics & Governance,0.7893378896646505,"[0.01850526743015222, 0.7893378896646505, 0.17637064270904312, 0.01578620019615408]"
synthetic,actor_4,2025-01-22,olympic torch space station crew return earth tonight visit space com today complete coverage olympic torch return earth yurchikhin nyberg parmitano,olympic torch space station crew return earth tonight visit space com today complete coverage olympic torch return earth yurchikhin nyberg parmitano,Technology & Cyber,0.5536196286463076,"[0.019853600248343463, 0.02547459804737526, 0.4010521730579737, 0.5536196286463076]"
synthetic,actor_4,2025-01-22,gop lawmaker ignores advice engaging millennials town hall smdh,gop lawmaker ignores advice engaging millennials town hall smdh,Politics & Governance,0.9684779395064694,"[0.014055664540793206, 0.9684779395064694, 0.015135567048307364, 0.002330828904429989]"
synthetic,actor_4,2025-01-22,nazareth cut back christmas celebration trump call jerusalem official nazareth not happy donald trump recognized jerusalem israel capital,nazareth cut back christmas celebration trump call jerusalem official nazareth not happy donald trump recognized jerusalem israel capital,Politics & Governance,0.9716426986899318,"[0.0013081244869612607, 0.9716426986899318, 0.026369248100973127, 0.000679928722133731]"
synthetic,actor_4,2025-01-22,charlie hunnam fifty shade grey casting tangible chemistry dakota johnson year old actor star opposite actress dakota johnson play grey love interest anastasia steele johnson,charlie hunnam fifty shade grey casting tangible chemistry dakota johnson year old actor star opposite actress dakota johnson play grey love interest anastasia steele johnson,Society & Health,0.9821507928872801,"[0.006297218925456346, 0.007452256352624392, 0.9821507928872801, 0.004099731834639093]"
synthetic,actor_5,2025-01-22,vietnamese cult hero promotes nationalism politics many argue cult saint tr n become part vietnam national intangible heritage go medium possession,vietnamese cult hero promotes nationalism politics many argue cult saint tr n become part vietnam national intangible heritage go medium possession,Politics & Governance,0.5537328730910592,"[0.034927867403256485, 0.5537328730910592, 0.3840887380465303, 0.027250521459153926]"
synthetic,actor_5,2025-01-22,amazon released sneak peek black friday deal,amazon released sneak peek black friday deal,Economy & Business,0.3903682891185015,"[0.3903682891185015, 0.1280115970900089, 0.19162364176795374, 0.2899964720235359]"
synthetic,actor_5,2025-01-22,mike huckabee hilariously screw another analogy wha,mike huckabee hilariously screw another analogy wha,Politics & Governance,0.8543725283142412,"[0.022759706623828892, 0.8543725283142412, 0.10676346296051933, 0.016104302101410534]"
synthetic,actor_5,2025-01-22,donald trump making hard santa claus fulfill melania christmas list first lady asked peace health love kindness apparently not irony,donald trump making hard santa claus fulfill melania christmas list first lady asked peace health love kindness apparently not irony,Politics & Governance,0.6621559889504517,"[0.025099936440160838, 0.6621559889504517, 0.3024652010525546, 0.010278873556832746]"
synthetic,actor_5,2025-01-22,becky hammon keep killin first woman coach star game latest step hammon historic career,becky hammon keep killin first woman coach star game latest step hammon historic career,Society & Health,0.9264850383917705,"[0.030461662320808425, 0.026961872757412086, 0.9264850383917705, 0.016091426530008952]"
synthetic,actor_5,2025-01-22,houthi gunman fire crowd protesting rule yemen,houthi gunman fire crowd protesting rule yemen,Politics & Governance,0.8833161182091177,"[0.02933980296164221, 0.8833161182091177, 0.07347114795951555, 0.013872930869724416]"
synthetic,actor_5,2025-01-22,cost moral outrage justin tosi university michigan brandon warmke bowling green state university many american morally outraged,cost moral outrage justin tosi university michigan brandon warmke bowling green state university many american morally outraged,Politics & Governance,0.6557911422811648,"[0.14762950739333397, 0.6557911422811648, 0.17267758905186978, 0.023901761273631583]"
synthetic,actor_5,2025-01-22,kristen wiig fake trailer jimmy kimmel need made real movie living wiigaissannce,kristen wiig fake trailer jimmy kimmel need made real movie living wiigaissannce,Society & Health,0.991569405804772,"[0.002624377208761161, 0.0034621307784910367, 0.991569405804772, 0.0023440862079757395]"
synthetic,actor_5,2025-01-22,school meal save life change world greatest gift ever received thomas awiapo gift saved life thomas orphaned,school meal save life change world greatest gift ever received thomas awiapo gift saved life thomas orphaned,Society & Health,0.4237958542001304,"[0.10383957711483498, 0.4035324319248428, 0.4237958542001304, 0.06883213676019169]"
synthetic,actor_5,2025-01-22,border never heard driving north hour city liberia costa rica past skinny cow postcard green meadow one wonder civilization ever going reemerge taxi driver slam brake,border never heard driving north hour city liberia costa rica past skinny cow postcard green meadow one wonder civilization ever going reemerge taxi driver slam brake,Society & Health,0.8469730853690632,"[0.028328740379155802, 0.11007392637182453, 0.8469730853690632, 0.014624247879956353]"
synthetic,actor_5,2025-01-22,report killed north korean tunnel collapse following nuclear test blast likely caused tremor landslide,report killed north korean tunnel collapse following nuclear test blast likely caused tremor landslide,Politics & Governance,0.9476626877330468,"[0.018130392295700883, 0.9476626877330468, 0.024394083031312703, 0.009812836939939439]"
synthetic,actor_5,2025-01-22,small world gstaad photo young career woman take note energy better spent outpacing others hard work advocating one another workplace,small world gstaad photo young career woman take note energy better spent outpacing others hard work advocating one another workplace,Society & Health,0.4835148213820703,"[0.38853102408119583, 0.0832987125860834, 0.4835148213820703, 0.044655441950650535]"
synthetic,actor_5,2025-01-22,ted cruz call chris christie desperate double sandy hypocrisy fact matter sen ted cruz said pushing falsehood,ted cruz call chris christie desperate double sandy hypocrisy fact matter sen ted cruz said pushing falsehood,Politics & Governance,0.9886454740535021,"[0.002039470086740024, 0.9886454740535021, 0.006791326506374697, 0.002523729353383017]"
synthetic,actor_5,2025-01-22,dan rather pithy putdown donald trump postelection antic veteran broadcast journalist zinged president repeatedly twitter,dan rather pithy putdown donald trump postelection antic veteran broadcast journalist zinged president repeatedly twitter,Politics & Governance,0.9518687660489717,"[0.0047523202498704785, 0.9518687660489717, 0.039859358621035075, 0.003519555080122824]"
synthetic,actor_5,2025-01-22,super pac seemingly scammed daniel craig fined seemingly took james bond actor,super pac seemingly scammed daniel craig fined seemingly took james bond actor,Society & Health,0.8109988496076189,"[0.024390116437076146, 0.14917167253418026, 0.8109988496076189, 0.015439361421124608]"
synthetic,actor_5,2025-01-22,kylie jenner keep tyga mugshot framed living room interesting piece decor say least,kylie jenner keep tyga mugshot framed living room interesting piece decor say least,Society & Health,0.9162437220077688,"[0.02345177335929111, 0.0412027689886317, 0.9162437220077688, 0.019101735644308386]"
synthetic,actor_5,2025-01-22,atm maker issue warning cyber criminal targeting cash machine confidential u secret service alert sent bank said hacker targeted stand alone atm typically located pharmacy big box retailer drive thru atm,atm maker issue warning cyber criminal targeting cash machine confidential u secret service alert sent bank said hacker targeted stand alone atm typically located pharmacy big box retailer drive thru atm,Economy & Business,0.40533512211612144,"[0.40533512211612144, 0.12975396609782489, 0.06787131594776154, 0.39703959583829224]"
synthetic,actor_5,2025-01-22,trump dilemma go mar lago get criticized disappoint due paying member member guest trump profit club shelling much mingle new year eve party,trump dilemma go mar lago get criticized disappoint due paying member member guest trump profit club shelling much mingle new year eve party,Politics & Governance,0.9130977188018348,"[0.014348060441412177, 0.9130977188018348, 0.0636758135306933, 0.008878407226059716]"
synthetic,actor_5,2025-01-22,obama let loose total dgaf mode president shared view topic ranging vladimir putin donald trump,obama let loose total dgaf mode president shared view topic ranging vladimir putin donald trump,Politics & Governance,0.9877374597026113,"[0.0019417525943525257, 0.9877374597026113, 0.0096408842502704, 0.000679903452765788]"
synthetic,actor_5,2025-01-22,strong signal another world might not alien signal detected seti researcher could come someplace much closer home,strong signal another world might not alien signal detected seti researcher could come someplace much closer home,Technology & Cyber,0.5333745425276548,"[0.10113476801833102, 0.2150788041463553, 0.15041188530765887, 0.5333745425276548]"
synthetic,actor_6,2025-01-22,confession addict guess great irony amazing tool help u stay connected everything moment name daniel addict,confession addict guess great irony amazing tool help u stay connected everything moment name daniel addict,Society & Health,0.7417025891516759,"[0.05792312391602691, 0.1438146422005016, 0.7417025891516759, 0.05655964473179561]"
synthetic,actor_6,2025-01-22,report white house not publicly back encryption legislation administration remains deeply divided issue source said,report white house not publicly back encryption legislation administration remains deeply divided issue source said,Politics & Governance,0.8347477490360898,"[0.03695705273691792, 0.8347477490360898, 0.06464189826255898, 0.06365329996443307]"
synthetic,actor_6,2025-01-22,cancer expert increasingly favor wait see approach treatment recent study shown doctor may overdiagnosing overtreating type cancer,cancer expert increasingly favor wait see approach treatment recent study shown doctor may overdiagnosing overtreating type cancer,Technology & Cyber,0.49969087454559863,"[0.10284194203480378, 0.2313746363986152, 0.16609254702098236, 0.49969087454559863]"
synthetic,actor_6,2025-01-22,guy starbucks barista asked oprah spell name medium icon get treatment rest u,guy starbucks barista asked oprah spell name medium icon get treatment rest u,Society & Health,0.7690383746236725,"[0.0446654914288039, 0.15155511628123833, 0.7690383746236725, 0.03474101766628512]"
synthetic,actor_6,2025-01-22,watch top youtube video week looking see popular youtube video week look no bringing,watch top youtube video week looking see popular youtube video week look no bringing,Technology & Cyber,0.9378268455816627,"[0.011415559830441242, 0.011129997576730137, 0.039627597011165965, 0.9378268455816627]"
synthetic,actor_6,2025-01-22,kepler mission released catalogue exoplanets learnt world elizabeth tasker japan aerospace exploration agency jaxa monday june nasa held medium briefing announce,kepler mission released catalogue exoplanets learnt world elizabeth tasker japan aerospace exploration agency jaxa monday june nasa held medium briefing announce,Politics & Governance,0.4832487683968592,"[0.048960954977270175, 0.4832487683968592, 0.10915807953414561, 0.3586321970917249]"
synthetic,actor_6,2025-01-22,john boehner reflects lonely time house speaker wipe tear,john boehner reflects lonely time house speaker wipe tear,Politics & Governance,0.9302277809353352,"[0.010037244167794685, 0.9302277809353352, 0.0493518727182293, 0.01038310217864073]"
synthetic,actor_6,2025-01-22,wayne dobson cell phone might get call lot people coming wayne dobson house lately not happy la vega based local news,wayne dobson cell phone might get call lot people coming wayne dobson house lately not happy la vega based local news,Society & Health,0.5623198895460338,"[0.05458036499576354, 0.2883974039477263, 0.5623198895460338, 0.09470234151047625]"
synthetic,actor_6,2025-01-22,phil schiller keep apple cool steve job always oversaw apple aapl blockbuster product launch never one man show phil schiller,phil schiller keep apple cool steve job always oversaw apple aapl blockbuster product launch never one man show phil schiller,Technology & Cyber,0.7206161018302282,"[0.07398892710682015, 0.0205854602286876, 0.1848095108342641, 0.7206161018302282]"
synthetic,actor_6,2025-01-22,apple black friday sale price chopped ipads ipod mac others product one apple biggest bargain laptop win doorbuster prize still sizable discount,apple black friday sale price chopped ipads ipod mac others product one apple biggest bargain laptop win doorbuster prize still sizable discount,Technology & Cyber,0.5862765939764815,"[0.2944733941778627, 0.031209124561443303, 0.08804088728421262, 0.5862765939764815]"
synthetic,actor_6,2025-01-22,jeb bush take apparent swipe donald trump child love donald trump jr eric trump since responded comment,jeb bush take apparent swipe donald trump child love donald trump jr eric trump since responded comment,Politics & Governance,0.9944846515821469,"[0.00013758233395850156, 0.9944846515821469, 0.005296980199962509, 8.078588393206668e-05]"
synthetic,actor_6,2025-01-22,watch epic snowball fight degree get snowmageddon fix staying warm dry,watch epic snowball fight degree get snowmageddon fix staying warm dry,Society & Health,0.6515483094785672,"[0.02917161082689822, 0.13891842886421693, 0.6515483094785672, 0.18036165083031763]"
synthetic,actor_6,2025-01-22,indiana worker beg governor save job trump meet ceo president intervened save not indianapolis factory job going mexico year,indiana worker beg governor save job trump meet ceo president intervened save not indianapolis factory job going mexico year,Politics & Governance,0.7350167006858334,"[0.24394179447559516, 0.7350167006858334, 0.013618530658050762, 0.007422974180520518]"
synthetic,actor_6,2025-01-22,consumer snub portable video consumer want music rather movie move say report produced jupiter research analysis portable medium player market found european want watch video contrast almost third interested listening music portable player ipod firm said gadget maker avoid hybrid device instead make sure music reproduction good possible report concluded driving force behind growth europe portable player market likely music rather film combination two barely questioned said wanted player could play back music movie wanted player could handle game video dedicated music player established digital medium player europe today despite high price said ian fogg jupiter analyst mr fogg said although video player smartphones trying cash success faced tough job compromise made creating dual purpose device european care music playback said report showed consumer asked interested portable music player research revealed french british consumer interested music player mr fogg said portable video player likely remain niche product would not able compete device dedicated music playback separate report jupiter forecast european digital music market grow euro end market worth euro digital music player behind market growth said jupiter apple ipod launched october portable music player market growing steadily since launch creative nomad jukebox mid consumer face almost overwhelming choice high capacity portable music player let store every track every cd,consumer snub portable video consumer want music rather movie move say report produced jupiter research analysis portable medium player market found european want watch video contrast almost third interested listening music portable player ipod firm said gadget maker avoid hybrid device instead make sure music reproduction good possible report concluded driving force behind growth europe portable player market likely music rather film combination two barely questioned said wanted player could play back music movie wanted player could handle game video dedicated music player established digital medium player europe today despite high price said ian fogg jupiter analyst mr fogg said although video player smartphones trying cash success faced tough job compromise made creating dual purpose device european care music playback said report showed consumer asked interested portable music player research revealed french british consumer interested music player mr fogg said portable video player likely remain niche product would not able compete device dedicated music playback separate report jupiter forecast european digital music market grow euro end market worth euro digital music player behind market growth said jupiter apple ipod launched october portable music player market growing steadily since launch creative nomad jukebox mid consumer face almost overwhelming choice high capacity portable music player let store every track every cd,Technology & Cyber,0.5719435537274009,"[0.06752236057786691, 0.0024772754811652944, 0.3580568102135669, 0.5719435537274009]"
synthetic,actor_6,2025-01-22,video mar like earth nasa curiosity rover discovered mar habitable read weather com,video mar like earth nasa curiosity rover discovered mar habitable read weather com,Technology & Cyber,0.9933779872795382,"[0.0014075212605099223, 0.0014720529810916037, 0.0037424384788601666, 0.9933779872795382]"
synthetic,actor_6,2025-01-22,er v falcon live nfc championship game feature colin kaepernick matt ryan stay tuned live update throughout game leading team thrilling game winning drive final minute,er v falcon live nfc championship game feature colin kaepernick matt ryan stay tuned live update throughout game leading team thrilling game winning drive final minute,Society & Health,0.9892432140622809,"[0.0024377327049923594, 0.0028158112095902433, 0.9892432140622809, 0.005503242023136467]"
synthetic,actor_6,2025-01-22,fat people get radiation x ray study show study published april journal physic medicine biology high dos radiation known,fat people get radiation x ray study show study published april journal physic medicine biology high do radiation known,Technology & Cyber,0.8676684829141922,"[0.030637460376448537, 0.02734426424068539, 0.07434979246867396, 0.8676684829141922]"
synthetic,actor_6,2025-01-22,extensive coral reef found hidden mouth amazon river may serious danger,extensive coral reef found hidden mouth amazon river may serious danger,Technology & Cyber,0.5759362380022632,"[0.08354934676311886, 0.05872054858950566, 0.2817938666451122, 0.5759362380022632]"
synthetic,actor_6,2025-01-22,doj say hacked encrypted iphone without apple help fed withdrew legal action would forced apple help crack open iphone san bernardino shooting,doj say hacked encrypted iphone without apple help fed withdrew legal action would forced apple help crack open iphone san bernardino shooting,Technology & Cyber,0.9044647248073154,"[0.02572027360264754, 0.06566298705002628, 0.004152014540010703, 0.9044647248073154]"
synthetic,actor_6,2025-01-22,smash home computer executive froze broken hard disk thinking would fixed topped list weirdest computer mishap although computer malfunction remain common cause file loss data recovery expert say human behaviour still blame many case say no matter effective technology rescuing file user take time back protect important file list top global data disaster compiled recovery company ontrack careless preventable mistake result data loss range reckless file maintenance practice episode pure rage towards computer last category includes case man became mad malfunctioning laptop threw lavatory flushed couple time data disappear result natural disaster system fault computer virus human error including computer rage seems growing problem said adrian palmer managing director ontrack data recovery nevertheless victim soon calm realise damage done come u plea help retrieve valuable information far common situation computer virus strike lead precious file corrupted deleted entirely mr palmer recalled case couple hundred picture baby first three month computer managed reformat hard drive erase precious memory data recovered computer server even memory card used digital device case said mr palmer however individual company avoid hassle stress cause backing data regular basis,smash home computer executive froze broken hard disk thinking would fixed topped list weirdest computer mishap although computer malfunction remain common cause file loss data recovery expert say human behaviour still blame many case say no matter effective technology rescuing file user take time back protect important file list top global data disaster compiled recovery company ontrack careless preventable mistake result data loss range reckless file maintenance practice episode pure rage towards computer last category includes case man became mad malfunctioning laptop threw lavatory flushed couple time data disappear result natural disaster system fault computer virus human error including computer rage seems growing problem said adrian palmer managing director ontrack data recovery nevertheless victim soon calm realise damage done come u plea help retrieve valuable information far common situation computer virus strike lead precious file corrupted deleted entirely mr palmer recalled case couple hundred picture baby first three month computer managed reformat hard drive erase precious memory data recovered computer server even memory card used digital device case said mr palmer however individual company avoid hassle stress cause backing data regular basis,Technology & Cyber,0.8995502836654059,"[0.0903705450529378, 0.007640265103333684, 0.002438906178322596, 0.8995502836654059]"
synthetic,actor_7,2025-01-22,demi lovato quote drag darkest moment demi lovato quote drag darkest moment,demi lovato quote drag darkest moment demi lovato quote drag darkest moment,Society & Health,0.869167708531407,"[0.021239085369406503, 0.09809560075373494, 0.869167708531407, 0.011497605345451602]"
synthetic,actor_7,2025-01-22,amy schumer selena gomez basically twin glamour woman year award,amy schumer selena gomez basically twin glamour woman year award,Society & Health,0.98462883534442,"[0.004439532671458093, 0.00839207260119018, 0.98462883534442, 0.0025395593829317348]"
synthetic,actor_7,2025-01-22,hawaiian legend not ignored one well known myth hawaii pele curse turn not ancient myth pele,hawaiian legend not ignored one well known myth hawaii pele curse turn not ancient myth pele,Society & Health,0.689664494112944,"[0.04797571670122149, 0.1130090698996785, 0.689664494112944, 0.14935071928615623]"
synthetic,actor_7,2025-01-22,selena gomez defends controversial scene reason cousin teach third grade thing saying thing even fathom,selena gomez defends controversial scene reason cousin teach third grade thing saying thing even fathom,Society & Health,0.8767641645200097,"[0.05634584624906397, 0.04834280989483464, 0.8767641645200097, 0.01854717933609181]"
synthetic,actor_7,2025-01-22,star might not looking golden globe probably,star might not looking golden globe probably,Society & Health,0.9771486232173996,"[0.007118900774070877, 0.006787832886246956, 0.9771486232173996, 0.008944643122282726]"
synthetic,actor_7,2025-01-22,tip planning budget friendly family cruise chance not planning summer trip involves sinking toe sand sitting around crackling campfire contemplating taking cruise,tip planning budget friendly family cruise chance not planning summer trip involves sinking toe sand sitting around crackling campfire contemplating taking cruise,Society & Health,0.9389639002756514,"[0.03762497588008436, 0.01903729877448834, 0.9389639002756514, 0.004373825069775981]"
synthetic,actor_7,2025-01-22,heart oak cotonsport heart oak set ghanaian confederation cup final win cameroon cotonsport garoua accra sunday win heart mean play asante kotoko two leg final kumasi team qualified group saturday group b game cameroon beat south africa douala neither side could qualified final heart oak started game needing win qualify final cotonsport needed avoid defeat go louis agyemang scored first two goal heart either side half time ben bortey scored third heart looked set comfortable win cotonsport staged late fight back scoring twice late first boukar makaji scored th minute minute injury time end game andre nzame iii target little late cameroonian heart held win game place final first leg final played accra weekend november second leg two week later december kumasi group b game cameroon sable batie took lead th minute kemadjou santos equalised hour mark thanks thokozani xaba bernard ngom put sable ahead five minute later ernest nfor settled game minute ruben cloete scored south african side consolation three minute left clock,heart oak cotonsport heart oak set ghanaian confederation cup final win cameroon cotonsport garoua accra sunday win heart mean play asante kotoko two leg final kumasi team qualified group saturday group b game cameroon beat south africa douala neither side could qualified final heart oak started game needing win qualify final cotonsport needed avoid defeat go louis agyemang scored first two goal heart either side half time ben bortey scored third heart looked set comfortable win cotonsport staged late fight back scoring twice late first boukar makaji scored th minute minute injury time end game andre nzame iii target little late cameroonian heart held win game place final first leg final played accra weekend november second leg two week later december kumasi group b game cameroon sable batie took lead th minute kemadjou santos equalised hour mark thanks thokozani xaba bernard ngom put sable ahead five minute later ernest nfor settled game minute ruben cloete scored south african side consolation three minute left clock,Society & Health,0.9553386704840938,"[0.009040187023107039, 0.0146105179997717, 0.9553386704840938, 0.021010624493027572]"
synthetic,actor_7,2025-01-22,comedy problem comedy world always use truth teller,comedy problem comedy world always use truth teller,Society & Health,0.8732226160940992,"[0.052881406217494084, 0.05157687337155209, 0.8732226160940992, 0.022319104316854754]"
synthetic,actor_7,2025-01-22,exclusive wife top trump aide dan scavino file divorce dan scavino long history trump family,exclusive wife top trump aide dan scavino file divorce dan scavino long history trump family,Politics & Governance,0.8916060674776337,"[0.0028039292668692313, 0.8916060674776337, 0.1030402896814625, 0.002549713574034685]"
synthetic,actor_7,2025-01-22,high school student lead protest gun violence front white house several student led demonstration also erupted across florida president day,high school student lead protest gun violence front white house several student led demonstration also erupted across florida president day,Politics & Governance,0.9913763293933969,"[0.0032072786366220884, 0.9913763293933969, 0.004665772646308071, 0.000750619323672719]"
synthetic,actor_7,2025-01-22,katy perry birthday music video ruin birthday party,katy perry birthday music video ruin birthday party,Society & Health,0.9610299123286105,"[0.003504607670098802, 0.021440557717766776, 0.9610299123286105, 0.014024922283523927]"
synthetic,actor_7,2025-01-22,insider secret holiday travel saving instead going online searching peak holiday weekend travel day sharing insider tip make home holiday score beach vacation avoid seasonal mark ups,insider secret holiday travel saving instead going online searching peak holiday weekend travel day sharing insider tip make home holiday score beach vacation avoid seasonal mark ups,Society & Health,0.9770919220585749,"[0.016270756505269844, 0.0026001726082917676, 0.9770919220585749, 0.004037148827863641]"
synthetic,actor_7,2025-01-22,right thing marriage supreme court even country would eventually get national recognition marriage equality democratic process big court duty stepping,right thing marriage supreme court even country would eventually get national recognition marriage equality democratic process big court duty stepping,Politics & Governance,0.9740947291958048,"[0.006075822062203081, 0.9740947291958048, 0.016830932425312577, 0.0029985163166797468]"
synthetic,actor_7,2025-01-22,girl run world strong powerful successful image came mind today dkny diane von furstenberg victoria beckham derek lam filled runway clothing meant sophisticated woman take work play seriously,girl run world strong powerful successful image came mind today dkny diane von furstenberg victoria beckham derek lam filled runway clothing meant sophisticated woman take work play seriously,Society & Health,0.9120560701083384,"[0.03001520524971581, 0.03440178373507358, 0.9120560701083384, 0.02352694090687229]"
synthetic,actor_7,2025-01-22,geithner replacement treasury may get woman touch might take testosterone make chancy bet may may not pay need cabinet,geithner replacement treasury may get woman touch might take testosterone make chancy bet may may not pay need cabinet,Politics & Governance,0.27514075444418873,"[0.2747648990173914, 0.27514075444418873, 0.2240604753224784, 0.22603387121594154]"
synthetic,actor_7,2025-01-22,pixie geldof make topshop dress look like million buck photo photo even girl like pixie like getting good deal apparently british model showed monday night british,pixie geldof make topshop dress look like million buck photo photo even girl like pixie like getting good deal apparently british model showed monday night british,Society & Health,0.9761303468463861,"[0.005514461561735976, 0.008838839957142576, 0.9761303468463861, 0.009516351634735371]"
synthetic,actor_7,2025-01-22,adele dress dolly parton make feel love wish could possess ounce ability,adele dress dolly parton make feel love wish could possess ounce ability,Society & Health,0.9497212560084579,"[0.01537158925294587, 0.02031565768229176, 0.9497212560084579, 0.014591497056304423]"
synthetic,actor_7,2025-01-22,delta needle airline food get plane cnn rule must turkey sandwich follow order board airplane six needle found sandwich,delta needle airline food get plane cnn rule must turkey sandwich follow order board airplane six needle found sandwich,Society & Health,0.8039205508294271,"[0.08375529624163104, 0.08631117778123393, 0.8039205508294271, 0.02601297514770793]"
synthetic,actor_7,2025-01-22,owe tax year could win free jetblue flight not everyone get refund,owe tax year could win free jetblue flight not everyone get refund,Society & Health,0.6969531167353324,"[0.18127114845103745, 0.0837930696893738, 0.6969531167353324, 0.037982665124256305]"
synthetic,actor_7,2025-01-22,black monday nfl coach fired regular season coming end coach gm get walking paper,black monday nfl coach fired regular season coming end coach gm get walking paper,Society & Health,0.9715710253409469,"[0.015081394418070996, 0.009448951418949863, 0.9715710253409469, 0.0038986288220320855]"
synthetic,actor_8,2025-01-22,mississippi city sued jailhouse shakedown hurt poor afford fine held day one woman called filthy nasty cell,mississippi city sued jailhouse shakedown hurt poor afford fine held day one woman called filthy nasty cell,Politics & Governance,0.505887218659886,"[0.13012008436159606, 0.505887218659886, 0.3308064384019103, 0.03318625857660773]"
synthetic,actor_8,2025-01-22,million kid could lose health care gop want shame democrat child health insurance program could start running money friday,million kid could lose health care gop want shame democrat child health insurance program could start running money friday,Politics & Governance,0.9569925595026927,"[0.030262834777909177, 0.9569925595026927, 0.003907874474051223, 0.008836731245346941]"
synthetic,actor_8,2025-01-22,eton style british student parody psy smash hit hilarious music video video also includes lyric parody complete posh gem go chamber,eton style british student parody psy smash hit hilarious music video video also includes lyric parody complete posh gem go chamber,Society & Health,0.929763619288925,"[0.027410824646409284, 0.02190061373915689, 0.929763619288925, 0.020924942325508702]"
synthetic,actor_8,2025-01-22,consumer watchdog trump crosshairs get chance keep fighting appeal court reconsider major defeat consumer financial protection bureau,consumer watchdog trump crosshairs get chance keep fighting appeal court reconsider major defeat consumer financial protection bureau,Politics & Governance,0.8289593249101842,"[0.13521914671157897, 0.8289593249101842, 0.01999638949146446, 0.01582513888677239]"
synthetic,actor_8,2025-01-22,watch second social medium catch last week episode instagram almost perfect year smart brand went bold content marketing,watch second social medium catch last week episode instagram almost perfect year smart brand went bold content marketing,Society & Health,0.4943493064148981,"[0.3346283405768307, 0.009471151154895708, 0.4943493064148981, 0.1615512018533755]"
synthetic,actor_8,2025-01-22,adam lambert get christian music critic treatment audience chose entertainment based plugged review last couple year would gone see blind side couple pixar movie advisory car actually talk since would witchcraft,adam lambert get christian music critic treatment audience chose entertainment based plugged review last couple year would gone see blind side couple pixar movie advisory car actually talk since would witchcraft,Society & Health,0.954109985520714,"[0.01484670192116772, 0.01973693543896624, 0.954109985520714, 0.011306377119152057]"
synthetic,actor_8,2025-01-22,video phone help deaf people deaf people prefer communicate using british sign language bsl could soon phone conversation relayed using webcam videophones interpreter video relay service piloted royal national institute deaf people rnid organisation say unless service provided rate voice call beyond people pocket rnid urging telecom regulator ofcom reduce cost service current per minute make ordinary phone call service work putting deaf person visual contact bsl interpreter via webcam video phone interpreter relay deaf person conversation using telephone translates person response sign language many deaf people especially born deaf bsl first preferred mean communication alternative use textphones mean type message relayed via operator past used textphones problem said robert currington taking part pilot communicate bsl written english not good take longer think english type message sometimes find difficult understand reply rnid say uk lagging behind country already making relay service available cost ordinary phone call no technical economic reason not providing equivalent access service deaf people said rnid technology director guido gybels u australia sign language relay service already made universally available cost voice call failing provide fund video relay service sign language user telecommunication sector effectively discriminating already disenfranchised group ofcom say plan review service telecom company obliged provide early next year new technology including video relay service discussed interested party near future spokesman said power limited legislation proposal extend existing arrangement cover new service would government consider said mr currington like many uk bsl user hoping way found make cost effective service available relay service make phone conversation pleasure said show emotion easily bsl way hearing people express emotion voice call,video phone help deaf people deaf people prefer communicate using british sign language bsl could soon phone conversation relayed using webcam videophones interpreter video relay service piloted royal national institute deaf people rnid organisation say unless service provided rate voice call beyond people pocket rnid urging telecom regulator ofcom reduce cost service current per minute make ordinary phone call service work putting deaf person visual contact bsl interpreter via webcam video phone interpreter relay deaf person conversation using telephone translates person response sign language many deaf people especially born deaf bsl first preferred mean communication alternative use textphones mean type message relayed via operator past used textphones problem said robert currington taking part pilot communicate bsl written english not good take longer think english type message sometimes find difficult understand reply rnid say uk lagging behind country already making relay service available cost ordinary phone call no technical economic reason not providing equivalent access service deaf people said rnid technology director guido gybels u australia sign language relay service already made universally available cost voice call failing provide fund video relay service sign language user telecommunication sector effectively discriminating already disenfranchised group ofcom say plan review service telecom company obliged provide early next year new technology including video relay service discussed interested party near future spokesman said power limited legislation proposal extend existing arrangement cover new service would government consider said mr currington like many uk bsl user hoping way found make cost effective service available relay service make phone conversation pleasure said show emotion easily bsl way hearing people express emotion voice call,Technology & Cyber,0.8271625074108346,"[0.08776829621184366, 0.06348532627678108, 0.0215838701005406, 0.8271625074108346]"
synthetic,actor_8,2025-01-22,no evidence trump wiretap claim say top democrat intelligence committee meeting fbi director james comey leaf rep adam schiff puzzled ever president accusation,no evidence trump wiretap claim say top democrat intelligence committee meeting fbi director james comey leaf rep adam schiff puzzled ever president accusation,Politics & Governance,0.9931691927875324,"[0.0007915915942904393, 0.9931691927875324, 0.004658123094170711, 0.001381092524006393]"
synthetic,actor_8,2025-01-22,thousand refugee resettled u since trump signed order came seven targeted country,thousand refugee resettled u since trump signed order came seven targeted country,Politics & Governance,0.9384950006850156,"[0.013744728318627933, 0.9384950006850156, 0.04371361749249125, 0.004046653503865322]"
synthetic,actor_8,2025-01-22,wearing red weird effect woman new study show,wearing red weird effect woman new study show,Technology & Cyber,0.6212992638911289,"[0.06089740813525429, 0.061995885503798934, 0.2558074424698178, 0.6212992638911289]"
synthetic,actor_8,2025-01-22,hideaway kiesza wonderful watch really great young woman talent oozing recognized discovered public,hideaway kiesza wonderful watch really great young woman talent oozing recognized discovered public,Society & Health,0.6365948116009513,"[0.08691158193120445, 0.11517576712772523, 0.6365948116009513, 0.1613178393401189]"
synthetic,actor_8,2025-01-22,taking step reduce foreign social medium meddling election facebook admits number people exposed manipulative russian antic ballooned million,taking step reduce foreign social medium meddling election facebook admits number people exposed manipulative russian antic ballooned million,Politics & Governance,0.7091891560952355,"[0.06278024229539049, 0.7091891560952355, 0.03197087446631208, 0.19605972714306183]"
synthetic,actor_8,2025-01-22,supernova way bright analyze spark astronomy debate right away got perfect match type ia supernova quimby say way bright type ia supernova,supernova way bright analyze spark astronomy debate right away got perfect match type ia supernova quimby say way bright type ia supernova,Society & Health,0.45503984788940305,"[0.11252952149556734, 0.17296515905347531, 0.45503984788940305, 0.2594654715615542]"
synthetic,actor_8,2025-01-22,straw attend auschwitz service foreign secretary jack straw visit auschwitz th anniversary former nazi concentration camp liberation announced prince edward also join uk delegation poland national holocaust memorial day january million people mainly jew killed auschwitz tory said glad mr straw shamed going earlier criticised decision send lower ranking official shadow foreign secretary michael ancram said glad foreign secretary finally shamed representing britain important act commemoration government shown crass insensitivity forced public opinion done first place britain queen prince philip lead nation commemoration service westminster hall london queen also host reception holocaust survivor st james palace altogether six million people mainly jew perished holocaust queen grandson prince harry sparked outrage earlier week photograph wearing nazi uniform costume party emerged prince apologised critic called go auschwitz commemoration soviet liberation camp prince harry see result hated symbol foolishly brazenly chose wear rabbi marvin hier founder jewish human right group simon wiesenthal center said,straw attend auschwitz service foreign secretary jack straw visit auschwitz th anniversary former nazi concentration camp liberation announced prince edward also join uk delegation poland national holocaust memorial day january million people mainly jew killed auschwitz tory said glad mr straw shamed going earlier criticised decision send lower ranking official shadow foreign secretary michael ancram said glad foreign secretary finally shamed representing britain important act commemoration government shown crass insensitivity forced public opinion done first place britain queen prince philip lead nation commemoration service westminster hall london queen also host reception holocaust survivor st james palace altogether six million people mainly jew perished holocaust queen grandson prince harry sparked outrage earlier week photograph wearing nazi uniform costume party emerged prince apologised critic called go auschwitz commemoration soviet liberation camp prince harry see result hated symbol foolishly brazenly chose wear rabbi marvin hier founder jewish human right group simon wiesenthal center said,Politics & Governance,0.9270324832069988,"[0.006330283420814887, 0.9270324832069988, 0.06123073087067782, 0.005406502501508333]"
synthetic,actor_8,2025-01-22,ed sheeran say quitting twitter one heavy reason platform feature nothing people saying mean thing said,ed sheeran say quitting twitter one heavy reason platform feature nothing people saying mean thing said,Society & Health,0.7109483838300739,"[0.0763105126404268, 0.12049027263101601, 0.7109483838300739, 0.09225083089848327]"
synthetic,actor_8,2025-01-22,report twitter plan go beyond character limit twitter building new product allow user share tweet longer company character,report twitter plan go beyond character limit twitter building new product allow user share tweet longer company character,Technology & Cyber,0.5927985539078509,"[0.12058125033649693, 0.08443238565437099, 0.20218781010128117, 0.5927985539078509]"
synthetic,actor_8,2025-01-22,final lie credit score cost federal law allows government agency business legitimate need credit information access credit report business become customer even without permission,final lie credit score cost federal law allows government agency business legitimate need credit information access credit report business become customer even without permission,Economy & Business,0.9707104443186616,"[0.9707104443186616, 0.025879061815341633, 0.001289829646196627, 0.002120664219800011]"
synthetic,actor_8,2025-01-22,pumpkin price year due drought last year flooding throughout midwest pushed price pumpkin higher around u year widespread,pumpkin price year due drought last year flooding throughout midwest pushed price pumpkin higher around u year widespread,Economy & Business,0.3947653810595683,"[0.3947653810595683, 0.380107922648597, 0.1696463865503661, 0.055480309741468614]"
synthetic,actor_8,2025-01-22,financial literacy best gift wary used car salesman conscious fact almost everything buy sold u commission based broker win convince u buy came purchase,financial literacy best gift wary used car salesman conscious fact almost everything buy sold u commission based broker win convince u buy came purchase,Economy & Business,0.8139664962421927,"[0.8139664962421927, 0.028528546067751438, 0.11803782367685917, 0.039467134013196715]"
synthetic,actor_8,2025-01-22,taken top box office million opening weekend according hollywood reporter neeson taken grossed million u million overseas sequel,taken top box office million opening weekend according hollywood reporter neeson taken grossed million u million overseas sequel,Society & Health,0.9085118062866114,"[0.027820234359792625, 0.0390501619257424, 0.9085118062866114, 0.024617797427853576]"
synthetic,actor_1,2025-01-29,one thing valuable money health,one thing valuable money health,Economy & Business,0.8182004513690787,"[0.8182004513690787, 0.11374394914743134, 0.05756476225544674, 0.010490837228043103]"
synthetic,actor_1,2025-01-29,trump pay penalty ethically questionable political donation donation came florida attorney general considering joining lawsuit trump profit school,trump pay penalty ethically questionable political donation donation came florida attorney general considering joining lawsuit trump profit school,Politics & Governance,0.99365713748443,"[0.002792072478713641, 0.99365713748443, 0.0031537522906430575, 0.0003970377462134157]"
synthetic,actor_1,2025-01-29,minimalist money way simplify finance love art minimalism minimalism approach assumes less simplify sometimes really hard implement different area life especially finance,minimalist money way simplify finance love art minimalism minimalism approach assumes less simplify sometimes really hard implement different area life especially finance,Economy & Business,0.6992660102898325,"[0.6992660102898325, 0.07560529352511318, 0.20190426246624096, 0.02322443371881339]"
synthetic,actor_1,2025-01-29,no bank account huffington post reader respond living financial grid closed bank account almost two year ago looked back reader blake r mathews wrote huffington post,no bank account huffington post reader respond living financial grid closed bank account almost two year ago looked back reader blake r mathews wrote huffington post,Economy & Business,0.7780295274049773,"[0.7780295274049773, 0.05641256567688445, 0.13139775839272028, 0.03416014852541816]"
synthetic,actor_1,2025-01-29,youth baseball cost soar field parent combat urge keep jones playing smart msnbc wrote buy barely used equipment,youth baseball cost soar field parent combat urge keep jones playing smart msnbc wrote buy barely used equipment,Economy & Business,0.42403081643352186,"[0.42403081643352186, 0.3114000397053467, 0.19992434146532742, 0.06464480239580397]"
synthetic,actor_1,2025-01-29,right request flexibility one fear manager granting request give one employee give everyone fear may occur original flexibility request go radar negotiated deal employee manager,right request flexibility one fear manager granting request give one employee give everyone fear may occur original flexibility request go radar negotiated deal employee manager,Economy & Business,0.5559709186487306,"[0.5559709186487306, 0.14397372022608373, 0.21140904204017685, 0.08864631908500882]"
synthetic,actor_1,2025-01-29,way leader become better leadership still viewed central organization success motivates inspires rest team accountable productive,way leader become better leadership still viewed central organization success motivates inspires rest team accountable productive,Economy & Business,0.8719312376806255,"[0.8719312376806255, 0.09662465522679389, 0.02358008747431116, 0.0078640196182695]"
synthetic,actor_1,2025-01-29,carly fiorina backer said rich get vote pay million dollar tax get million vote businessman tom perkins proposed,carly fiorina backer said rich get vote pay million dollar tax get million vote businessman tom perkins proposed,Politics & Governance,0.7728378654079292,"[0.1618566365155797, 0.7728378654079292, 0.05154792668702893, 0.013757571389462332]"
synthetic,actor_1,2025-01-29,mcdonald sponsor mtv show mcdonald world largest restaurant chain sponsor programme music channel mtv part latest youth market promotion show advance warning highlight new talent mtv reckons give mcdonald access nearly million home country mcdonald golden arch name loving catchphrase used throughout half hour programme move come amid growing concern obesity europe u european union called food industry reduce number advert aimed young child warning legislation would introduced unless voluntary step taken u food group kraft among firm already cut back promoting sugar fattening product young mcdonalds also taking step improve junk food reputation revamping menu providing client health related product pedometer well burger like big mac quarter pounder cheese company sell healthier option salad fresh fruit chief executive jim skinner attributed increase january worldwide sale vitality menu among thing hooking mtv expected add extra momentum mcdonald recent revival mtv played key role emergence music video show advance warning channel across world programme present seen u featured artist like british star joss stone franz ferdinand mcdonald targeted youth market past advertisement signing star like jelly legged dancer justin timberlake woman singing group destiny child,mcdonald sponsor mtv show mcdonald world largest restaurant chain sponsor programme music channel mtv part latest youth market promotion show advance warning highlight new talent mtv reckons give mcdonald access nearly million home country mcdonald golden arch name loving catchphrase used throughout half hour programme move come amid growing concern obesity europe u european union called food industry reduce number advert aimed young child warning legislation would introduced unless voluntary step taken u food group kraft among firm already cut back promoting sugar fattening product young mcdonalds also taking step improve junk food reputation revamping menu providing client health related product pedometer well burger like big mac quarter pounder cheese company sell healthier option salad fresh fruit chief executive jim skinner attributed increase january worldwide sale vitality menu among thing hooking mtv expected add extra momentum mcdonald recent revival mtv played key role emergence music video show advance warning channel across world programme present seen u featured artist like british star joss stone franz ferdinand mcdonald targeted youth market past advertisement signing star like jelly legged dancer justin timberlake woman singing group destiny child,Economy & Business,0.8070564462550421,"[0.8070564462550421, 0.015871264444329247, 0.1468939942604523, 0.03017829504017643]"
synthetic,actor_1,2025-01-29,total helicopter crash oil contractor dead tragedy scottish coast mother one survivor told sky news said seemed lose power no time brace,total helicopter crash oil contractor dead tragedy scottish coast mother one survivor told sky news said seemed lose power no time brace,Politics & Governance,0.6759083694512527,"[0.16225860637737974, 0.6759083694512527, 0.12073025380112035, 0.04110277037024726]"
synthetic,actor_1,2025-01-29,five reason trump communication strategy working,five reason trump communication strategy working,Politics & Governance,0.8454969740152846,"[0.07409535748629861, 0.8454969740152846, 0.06615018258223679, 0.014257485916179957]"
synthetic,actor_1,2025-01-29,obstacle creative disruption,obstacle creative disruption,Economy & Business,0.42437891791399385,"[0.42437891791399385, 0.15077684473855316, 0.34869880859699304, 0.07614542875046001]"
synthetic,actor_1,2025-01-29,trump tweet big fan intelligence congress begin russia hacking probe trump due briefed intelligence agency chief friday hack targeted democratic party president obama briefed thursday,trump tweet big fan intelligence congress begin russia hacking probe trump due briefed intelligence agency chief friday hack targeted democratic party president obama briefed thursday,Politics & Governance,0.9981244029796448,"[0.0005432086293404141, 0.9981244029796448, 0.0007109700362597385, 0.0006214183547552848]"
synthetic,actor_1,2025-01-29,woman business q madison robinson founder fishflops madison nicole robinson year old designer best known creator fishflops popular line footwear kid young adult madison born galveston island texas spent many day galveston beach family,woman business q madison robinson founder fishflops madison nicole robinson year old designer best known creator fishflops popular line footwear kid young adult madison born galveston island texas spent many day galveston beach family,Society & Health,0.557360788727761,"[0.3812053842708907, 0.03328038028088547, 0.557360788727761, 0.028153446720462882]"
synthetic,actor_1,2025-01-29,inequality government perp not bystander congress president decided craft budget lead ten million people unemployed underemployed high level unemployment put downward pressure worker wage especially bottom third labor force mean federal budget limit growth employment way redistributes income upwards inequality happen result government policy people actually want see inequality reduced poor middle class share benefit growth not likely happy president obama speech topic comment government bystander ignores real source problem therefore not likely come much way real solution,inequality government perp not bystander congress president decided craft budget lead ten million people unemployed underemployed high level unemployment put downward pressure worker wage especially bottom third labor force mean federal budget limit growth employment way redistributes income upwards inequality happen result government policy people actually want see inequality reduced poor middle class share benefit growth not likely happy president obama speech topic comment government bystander ignores real source problem therefore not likely come much way real solution,Economy & Business,0.6423492774286613,"[0.6423492774286613, 0.3452553560294386, 0.002444848514480217, 0.009950518027419841]"
synthetic,actor_1,2025-01-29,myfitnesspal security breach affect million user armour report company alerted app user four day learning hack,myfitnesspal security breach affect million user armour report company alerted app user four day learning hack,Technology & Cyber,0.5463375202270581,"[0.2626077695256384, 0.1657625570722678, 0.02529215317503578, 0.5463375202270581]"
synthetic,actor_1,2025-01-29,consumer financial protection bureau considers rule prepaid card wednesday consumer financial protection bureau taking first step create consumer protection prepaid,consumer financial protection bureau considers rule prepaid card wednesday consumer financial protection bureau taking first step create consumer protection prepaid,Economy & Business,0.8429966032429155,"[0.8429966032429155, 0.11011187906490569, 0.024416928382866136, 0.022474589309312676]"
synthetic,actor_1,2025-01-29,occupy wall street plan surround new york stock exchange mark anniversary friday twitter ordered new york judge turn tweet one protester arrested bridge,occupy wall street plan surround new york stock exchange mark anniversary friday twitter ordered new york judge turn tweet one protester arrested bridge,Politics & Governance,0.4520866952875066,"[0.3560534489981965, 0.4520866952875066, 0.13184483273371364, 0.06001502298058325]"
synthetic,actor_1,2025-01-29,face reading advantage business author jean haner anglo saxon married chinese family mother law taught everything knew ancient art face reading,face reading advantage business author jean haner anglo saxon married chinese family mother law taught everything knew ancient art face reading,Society & Health,0.38410626839452017,"[0.3726910754770996, 0.1558696685027756, 0.38410626839452017, 0.08733298762560454]"
synthetic,actor_1,2025-01-29,supporting buy local campaign conservative think buying local actually make republican uh oh,supporting buy local campaign conservative think buying local actually make republican uh oh,Politics & Governance,0.5810788327595888,"[0.19269616078429944, 0.5810788327595888, 0.20259286919491087, 0.02363213726120083]"
synthetic,actor_2,2025-01-29,fake president shoot medium member graphic video shown pro trump event report new york time report video show fake trump attacking version pb huffpost well fake sen bernie sander,fake president shoot medium member graphic video shown pro trump event report new york time report video show fake trump attacking version pb huffpost well fake sen bernie sander,Politics & Governance,0.9817040220862503,"[0.0036465304622688506, 0.9817040220862503, 0.008437930718311575, 0.006211516733169188]"
synthetic,actor_2,2025-01-29,mankiw capital gain special carried interest get tax treatment arcane question usually reserved,mankiw capital gain special carried interest get tax treatment arcane question usually reserved,Politics & Governance,0.44408912405528755,"[0.3502012773152435, 0.44408912405528755, 0.18941350649791716, 0.01629609213155183]"
synthetic,actor_2,2025-01-29,bangladesh factory inspection plan finalized h retailer company pool data factory first time bangladesh pledged improve safety not pledged new,bangladesh factory inspection plan finalized h retailer company pool data factory first time bangladesh pledged improve safety not pledged new,Economy & Business,0.6885009736337762,"[0.6885009736337762, 0.12491971245132938, 0.09626856618436531, 0.09031074773052905]"
synthetic,actor_2,2025-01-29,need social medium internet era legacy likely live long die family favor spare deal issue addressing,need social medium internet era legacy likely live long die family favor spare deal issue addressing,Politics & Governance,0.3467956144267183,"[0.2851167545082873, 0.3467956144267183, 0.12218250590571718, 0.2459051251592771]"
synthetic,actor_2,2025-01-29,financial adviser scaling summer vacation plan feel comfortable leaving office everything going said martiak whose firm million,financial adviser scaling summer vacation plan feel comfortable leaving office everything going said martiak whose firm million,Economy & Business,0.583095348956599,"[0.583095348956599, 0.12081263512491287, 0.27466240089701777, 0.021429615021470314]"
synthetic,actor_2,2025-01-29,libor scandal british document reveal regulator little interest rate manipulation scandal grip banking industry regulator defended action trumpeted,libor scandal british document reveal regulator little interest rate manipulation scandal grip banking industry regulator defended action trumpeted,Economy & Business,0.6794850331769661,"[0.6794850331769661, 0.2054349022561785, 0.09077882949694906, 0.02430123506990623]"
synthetic,actor_2,2025-01-29,bernie sander willing work trump big president elect work risk feeling bern,bernie sander willing work trump big president elect work risk feeling bern,Politics & Governance,0.9516717082257128,"[0.03213751905915804, 0.9516717082257128, 0.012702537211595151, 0.003488235503533985]"
synthetic,actor_2,2025-01-29,restaurant no show pay price ditching reservation could cost big buck let premium restaurant reservation go unused high end restaurant around country,restaurant no show pay price ditching reservation could cost big buck let premium restaurant reservation go unused high end restaurant around country,Society & Health,0.4358224032835142,"[0.3867556408005161, 0.14792610956489977, 0.4358224032835142, 0.029495846351069912]"
synthetic,actor_2,2025-01-29,consumer sentiment hit five year high november thomson reuters university michigan preliminary reading overall index consumer sentiment came,consumer sentiment hit five year high november thomson reuters university michigan preliminary reading overall index consumer sentiment came,Economy & Business,0.7295887781012713,"[0.7295887781012713, 0.10487867601270591, 0.10091779396863601, 0.06461475191738675]"
synthetic,actor_2,2025-01-29,leading german far right figure ditch party convert islam nationalist alternative germany party warns islamization,leading german far right figure ditch party convert islam nationalist alternative germany party warns islamization,Politics & Governance,0.9736657536113892,"[0.00440624720969298, 0.9736657536113892, 0.019349056601516867, 0.0025789425774008132]"
synthetic,actor_2,2025-01-29,credit union deposit outpaced bank since wamu failure study appear big bank really want stop exodus pocket change customer deposit biggest credit,credit union deposit outpaced bank since wamu failure study appear big bank really want stop exodus pocket change customer deposit biggest credit,Economy & Business,0.9789488402281014,"[0.9789488402281014, 0.010009002137399766, 0.005358396676474385, 0.0056837609580244995]"
synthetic,actor_2,2025-01-29,important conduct mid year tax review summertime mean beach barbeque much needed vacation time probably last thing mind tax yet perfect time review tax situation,important conduct mid year tax review summertime mean beach barbeque much needed vacation time probably last thing mind tax yet perfect time review tax situation,Economy & Business,0.6755860124243821,"[0.6755860124243821, 0.04527228156822478, 0.2630109109565065, 0.016130795050886645]"
synthetic,actor_2,2025-01-29,philippe dubost resume pure genius go totally viral photo dubost web product manager built webpage near perfect ringer amazon com product page,philippe dubost resume pure genius go totally viral photo dubost web product manager built webpage near perfect ringer amazon com product page,Society & Health,0.5711229177696807,"[0.27727773721996407, 0.031974070213721596, 0.5711229177696807, 0.11962527479663376]"
synthetic,actor_2,2025-01-29,tbt great llama bubble,tbt great llama bubble,Society & Health,0.5578594965960081,"[0.2017498137582757, 0.18880596989266704, 0.5578594965960081, 0.05158471975304904]"
synthetic,actor_2,2025-01-29,nat insurance rise say tory national insurance raised labour win next election tory leader michael howard claimed tony blair said not want higher tax rate top earner wednesday said tax promise would left labour manifesto prime minister question also saw mr blair predict new plan would probably cut net immigration attacked tory plan process asylum claim abroad mr howard said labour proposed idea common question session saw leader two biggest party shape forthcoming election campaign tory promised bn tax cut yet say fall mr howard pointed institute fiscal study prediction labour need increase tax cover bn gap spending plan accused minister wasting money unsuccessful attempt curb bad behaviour truancy school slow asylum processing no good mr blair claiming tax pledge left manifesto given one mp tuesday top rate income tax argued mr howard pointing national insurance added everyone know tax go labour clear tax would mr blair instead hailed labour achievement using strong economy invest public service money not going extra teacher nurse equipment school hospital money not wasted said tax question added make commitment tax time manifesto home secretary charles clarke week published plan new point system economic migrant high skilled worker allowed uk outside european union mr blair said abuse would weeded chain migration family automatically get right settle immigrant worker would end would probably create fall migrant number said prime minister ridiculed tory plan asylum quota processing asylum claim overseas challenged tory country would house processing centre called fantasy island mr howard read letter government plan european council minister processing asylum seeker outside eu mr blair said country could not agree way forward nor could un,nat insurance rise say tory national insurance raised labour win next election tory leader michael howard claimed tony blair said not want higher tax rate top earner wednesday said tax promise would left labour manifesto prime minister question also saw mr blair predict new plan would probably cut net immigration attacked tory plan process asylum claim abroad mr howard said labour proposed idea common question session saw leader two biggest party shape forthcoming election campaign tory promised bn tax cut yet say fall mr howard pointed institute fiscal study prediction labour need increase tax cover bn gap spending plan accused minister wasting money unsuccessful attempt curb bad behaviour truancy school slow asylum processing no good mr blair claiming tax pledge left manifesto given one mp tuesday top rate income tax argued mr howard pointing national insurance added everyone know tax go labour clear tax would mr blair instead hailed labour achievement using strong economy invest public service money not going extra teacher nurse equipment school hospital money not wasted said tax question added make commitment tax time manifesto home secretary charles clarke week published plan new point system economic migrant high skilled worker allowed uk outside european union mr blair said abuse would weeded chain migration family automatically get right settle immigrant worker would end would probably create fall migrant number said prime minister ridiculed tory plan asylum quota processing asylum claim overseas challenged tory country would house processing centre called fantasy island mr howard read letter government plan european council minister processing asylum seeker outside eu mr blair said country could not agree way forward nor could un,Politics & Governance,0.9415288869910798,"[0.056329881218686026, 0.9415288869910798, 0.0004570231960127451, 0.0016842085942214437]"
synthetic,actor_2,2025-01-29,exciting startup inspire entrepreneur great recession really got rolling layoff abundant silver lining lot wannabe entrepreneur got kick pant needed start business,exciting startup inspire entrepreneur great recession really got rolling layoff abundant silver lining lot wannabe entrepreneur got kick pant needed start business,Economy & Business,0.808654986570172,"[0.808654986570172, 0.03090293406450801, 0.11828442569815306, 0.0421576536671669]"
synthetic,actor_2,2025-01-29,trillion reason evolve society right u richest people much wealth million people combined nearly percent entire population millionaire household least trillion wealth yet one tenth one percent population make one million dollar year,trillion reason evolve society right u richest people much wealth million people combined nearly percent entire population millionaire household least trillion wealth yet one tenth one percent population make one million dollar year,Economy & Business,0.6773904106890533,"[0.6773904106890533, 0.22734697596114467, 0.045946575192867635, 0.0493160381569344]"
synthetic,actor_2,2025-01-29,increase sale example service bridget project manager tech company called qstream role essentially create strategy implement technology already purchased way best meet business need client not sale role,increase sale example service bridget project manager tech company called qstream role essentially create strategy implement technology already purchased way best meet business need client not sale role,Economy & Business,0.8544673622671396,"[0.8544673622671396, 0.013368364102809583, 0.03639213429703625, 0.0957721393330144]"
synthetic,actor_2,2025-01-29,executive onboarding subordinate perspective everything communicates everything new leader say say new leader get many miss unintended consequence say say people think not directly affected,executive onboarding subordinate perspective everything communicates everything new leader say say new leader get many miss unintended consequence say say people think not directly affected,Economy & Business,0.3877203587974964,"[0.3877203587974964, 0.3527764457192201, 0.1797863707946317, 0.07971682468865185]"
synthetic,actor_2,2025-01-29,new leader avoid three common mistake starting new even inexperienced leader smart accept probably make mistake even though difficult dare show vulnerability open towards team might happen,new leader avoid three common mistake starting new even inexperienced leader smart accept probably make mistake even though difficult dare show vulnerability open towards team might happen,Economy & Business,0.6437747837602714,"[0.6437747837602714, 0.09962074363122154, 0.20736551246522433, 0.04923896014328282]"
synthetic,actor_3,2025-01-29,deutsche bank expand north carolina anti lgbt law keep job already state add planned,deutsche bank expand north carolina anti lgbt law keep job already state add planned,Economy & Business,0.5435468628507762,"[0.5435468628507762, 0.42232891934390404, 0.023934532191482092, 0.010189685613837604]"
synthetic,actor_3,2025-01-29,korean lender face liquidation creditor south korea top credit card firm said put company liquidation ex parent firm fails back bail lg card creditor given lg group wednesday sign bn rescue package firm avoided bankruptcy thanks bn bail january gave control creditor lg group said package reflect firm new ownership not accept unfair burden least seven million people south korea use lg card plastic purchase lg card creditor threatened parent group lg group penalty fails respond demand creditor would seek strong financial sanction lg group lg card liquidated said yoo ji chang governor korean development bank kdb one card firm major creditor lg group said providing help credit card issuer could hurt corporate credibility could spark shareholder lawsuit say want fair reasonable guideline splitting financial burden creditor lg card creditor asked government mediate avoid risk stability financial market kdb said analyst believe compromise likely lg group know impact consumer demand national economy liquidation lg card said kim yungmin equity strategist dongwon investment trust management lg card almost collapsed due increase overdue credit card bill bursting credit bubble firm returned profit september need capital injection avoid delisted korea stock exchange exchange delist company debt exceeds asset two year running lg card creditor fear move would triggered massive debt redemption request could bankrupt firm owes bn eventually lg group participate stalling try earn better concession said mr kim,korean lender face liquidation creditor south korea top credit card firm said put company liquidation ex parent firm fails back bail lg card creditor given lg group wednesday sign bn rescue package firm avoided bankruptcy thanks bn bail january gave control creditor lg group said package reflect firm new ownership not accept unfair burden least seven million people south korea use lg card plastic purchase lg card creditor threatened parent group lg group penalty fails respond demand creditor would seek strong financial sanction lg group lg card liquidated said yoo ji chang governor korean development bank kdb one card firm major creditor lg group said providing help credit card issuer could hurt corporate credibility could spark shareholder lawsuit say want fair reasonable guideline splitting financial burden creditor lg card creditor asked government mediate avoid risk stability financial market kdb said analyst believe compromise likely lg group know impact consumer demand national economy liquidation lg card said kim yungmin equity strategist dongwon investment trust management lg card almost collapsed due increase overdue credit card bill bursting credit bubble firm returned profit september need capital injection avoid delisted korea stock exchange exchange delist company debt exceeds asset two year running lg card creditor fear move would triggered massive debt redemption request could bankrupt firm owes bn eventually lg group participate stalling try earn better concession said mr kim,Economy & Business,0.905409726287413,"[0.905409726287413, 0.06975018915986872, 0.0077400116417962, 0.017100072910921985]"
synthetic,actor_3,2025-01-29,u bank executive face great expectation investor least bingaman said want see bank report lending margin stopped contracting net interest,u bank executive face great expectation investor least bingaman said want see bank report lending margin stopped contracting net interest,Economy & Business,0.8969278328647509,"[0.8969278328647509, 0.03620006423467173, 0.046247398743128734, 0.020624704157448683]"
synthetic,actor_3,2025-01-29,bring relocation expense job interview dear liz congratulation interview correct not bring relocation first interview recommend,bring relocation expense job interview dear liz congratulation interview correct not bring relocation first interview recommend,Society & Health,0.3792521734570221,"[0.33090426489625163, 0.2520483212670005, 0.3792521734570221, 0.03779524037972565]"
synthetic,actor_3,2025-01-29,nitrogen leak arizona intel plant sends employee hospital no ongoing danger mulloy said plant chandler employ people intel operates two high volume,nitrogen leak arizona intel plant sends employee hospital no ongoing danger mulloy said plant chandler employ people intel operates two high volume,Economy & Business,0.4096775778661134,"[0.4096775778661134, 0.3142719453335974, 0.16538535455372366, 0.11066512224656566]"
synthetic,actor_3,2025-01-29,one map show middle class getting squeezed people earning much used,one map show middle class getting squeezed people earning much used,Society & Health,0.46182662937337954,"[0.1424031136524428, 0.29889920153806665, 0.46182662937337954, 0.09687105543611106]"
synthetic,actor_3,2025-01-29,famous fraudsters con artist scammer merriam webster online dictionary defines fraud intentional perversion truth order induce another,famous fraudsters con artist scammer merriam webster online dictionary defines fraud intentional perversion truth order induce another,Society & Health,0.4748064082355713,"[0.18334622895959168, 0.27047023653164953, 0.4748064082355713, 0.07137712627318751]"
synthetic,actor_3,2025-01-29,empowering language creativity,empowering language creativity,Society & Health,0.3315006890516298,"[0.2934861392251072, 0.2769103890722841, 0.3315006890516298, 0.09810278265097885]"
synthetic,actor_3,2025-01-29,ashton kutcher guy oseary built million portfolio startup like uber airbnb ashton kutcher one world highest paid tv actor obviously afford essential los angeles celebrity,ashton kutcher guy oseary built million portfolio startup like uber airbnb ashton kutcher one world highest paid tv actor obviously afford essential los angeles celebrity,Society & Health,0.7588098362034821,"[0.17939740119219202, 0.01606448026918147, 0.7588098362034821, 0.045728282335144435]"
synthetic,actor_3,2025-01-29,free tax filing five way file free online person not going able make april deadline sure file extension avoid paying late penalty,free tax filing five way file free online person not going able make april deadline sure file extension avoid paying late penalty,Economy & Business,0.5185275207856371,"[0.5185275207856371, 0.15774328757667888, 0.1907140910698362, 0.1330151005678478]"
synthetic,actor_3,2025-01-29,cnn corey lewandowski reignites donald trump long debunked birther conspiracy theory former campaign manager brings back trump core issue,cnn corey lewandowski reignites donald trump long debunked birther conspiracy theory former campaign manager brings back trump core issue,Politics & Governance,0.9846619356683107,"[0.0022268791824435613, 0.9846619356683107, 0.011901392122422609, 0.001209793026822983]"
synthetic,actor_3,2025-01-29,even executive come forward defend lgbt right eight corporate leader signed letter condemning mississippi anti gay law,even executive come forward defend lgbt right eight corporate leader signed letter condemning mississippi anti gay law,Politics & Governance,0.626632768500857,"[0.33782937499862103, 0.626632768500857, 0.024926035485538067, 0.010611821014983869]"
synthetic,actor_3,2025-01-29,stopped working half hour every day got done turn going outside wonder,stopped working half hour every day got done turn going outside wonder,Society & Health,0.5436889190595392,"[0.18190297418078227, 0.24214119799070058, 0.5436889190595392, 0.03226690876897796]"
synthetic,actor_3,2025-01-29,master five factor feed fico fall credit score taken summer vacation time make commitment make change,master five factor feed fico fall credit score taken summer vacation time make commitment make change,Economy & Business,0.6653697727744414,"[0.6653697727744414, 0.021954191102598466, 0.29673135189476096, 0.015944684228198985]"
synthetic,actor_3,2025-01-29,tonka truck pulled shelf reportedly burst flame toy grandson would known toy buyer said,tonka truck pulled shelf reportedly burst flame toy grandson would known toy buyer said,Economy & Business,0.4442351893210797,"[0.4442351893210797, 0.193097787512738, 0.297335747078927, 0.06533127608725549]"
synthetic,actor_3,2025-01-29,digital marketing define social medium identified question answer value social medium relationship let hope year seo thinking reasonable data privacy expectation clear data method move u forward,digital marketing define social medium identified question answer value social medium relationship let hope year seo thinking reasonable data privacy expectation clear data method move u forward,Economy & Business,0.5010268170145145,"[0.5010268170145145, 0.07732512623883833, 0.031928218548918516, 0.38971983819772865]"
synthetic,actor_3,2025-01-29,industrial output fall japan japanese industrial output fell october unemployment rose casting doubt strength country economic recovery production dropped october reflecting decline export unemployment level edged slightly higher forecast economy grown six quarter growth slowed dramatically last quarter amid weaker global demand japan government remains optimistic due strong domestic demand analyst forecasting rise month month industrial output according figure ministry economy trade industry meti decline led fall demand electronic part mobile phone digital television although inventory fell month month higher year ago sign economy adjustment phase stronger expected said takashi yamanaka economist ufj bank japan downgraded overall economic assessment earlier month first time year growth slowed quarter ending september first quarter expert believe economy stagnated may entering softer patch back rising oil price falling dollar japanese government official played latest data arguing domestic consumer demand still resilient outlook november positive think one say condition worsened fall october said meti official despite rise unemployment jobless figure still way historical high recent year comparatively weak economic date preyed share nikkei afternoon trade,industrial output fall japan japanese industrial output fell october unemployment rose casting doubt strength country economic recovery production dropped october reflecting decline export unemployment level edged slightly higher forecast economy grown six quarter growth slowed dramatically last quarter amid weaker global demand japan government remains optimistic due strong domestic demand analyst forecasting rise month month industrial output according figure ministry economy trade industry meti decline led fall demand electronic part mobile phone digital television although inventory fell month month higher year ago sign economy adjustment phase stronger expected said takashi yamanaka economist ufj bank japan downgraded overall economic assessment earlier month first time year growth slowed quarter ending september first quarter expert believe economy stagnated may entering softer patch back rising oil price falling dollar japanese government official played latest data arguing domestic consumer demand still resilient outlook november positive think one say condition worsened fall october said meti official despite rise unemployment jobless figure still way historical high recent year comparatively weak economic date preyed share nikkei afternoon trade,Economy & Business,0.9654443488696192,"[0.9654443488696192, 0.020862200853207693, 0.004596412698288111, 0.009097037578884963]"
synthetic,actor_3,2025-01-29,obama destroys young career part two,obama destroys young career part two,Politics & Governance,0.4731473994116925,"[0.2755996116392355, 0.4731473994116925, 0.22717752794429782, 0.024075461004774097]"
synthetic,actor_3,2025-01-29,state recovered least recession wall st december marked five year anniversary official beginning great recession severe economic contraction,state recovered least recession wall st december marked five year anniversary official beginning great recession severe economic contraction,Economy & Business,0.8984786851147553,"[0.8984786851147553, 0.08334086749254603, 0.011395078968189545, 0.006785368424509229]"
synthetic,actor_3,2025-01-29,devious way get worker exercise know people irrational,devious way get worker exercise know people irrational,Economy & Business,0.5982951448942972,"[0.5982951448942972, 0.21574802167757817, 0.13686273341313673, 0.04909410001498781]"
synthetic,actor_4,2025-01-29,moon venus comet catalina shine beautiful space photograph captivating shot taken farmer field georgia,moon venus comet catalina shine beautiful space photograph captivating shot taken farmer field georgia,Technology & Cyber,0.7828729494256498,"[0.018319946840560764, 0.07178519019387396, 0.12702191353991538, 0.7828729494256498]"
synthetic,actor_4,2025-01-29,joe biden say possible trump could gop nominee pope francis donald trump not hard call,joe biden say possible trump could gop nominee pope francis donald trump not hard call,Politics & Governance,0.9991298566398524,"[0.00010775577470175517, 0.9991298566398524, 0.0006770645207590542, 8.532306468668275e-05]"
synthetic,actor_4,2025-01-29,happy memory trip southwest france bordeaux aquitaine dordogne edward goldman art critic host art talk program art culture santa monica npr affiliate,happy memory trip southwest france bordeaux aquitaine dordogne edward goldman art critic host art talk program art culture santa monica npr affiliate,Society & Health,0.771496717152945,"[0.04738703644044537, 0.1652306051831111, 0.771496717152945, 0.015885641223498545]"
synthetic,actor_4,2025-01-29,funniest reaction twitter new character limit lot space trolling,funniest reaction twitter new character limit lot space trolling,Technology & Cyber,0.6261426106263199,"[0.02788099164527813, 0.06014738827352348, 0.28582900945487855, 0.6261426106263199]"
synthetic,actor_4,2025-01-29,new rule could change jumbo mortgage option jumbo loan high dollar loan typically starting area high higher cost market see lot change,new rule could change jumbo mortgage option jumbo loan high dollar loan typically starting area high higher cost market see lot change,Economy & Business,0.8631166888403528,"[0.8631166888403528, 0.054702472973290124, 0.04451405371896574, 0.03766678446739127]"
synthetic,actor_4,2025-01-29,lake erie correctional institution ohio private prison face concern unacceptable condition private prison company cca pushed growing share nation inmate population promising save,lake erie correctional institution ohio private prison face concern unacceptable condition private prison company cca pushed growing share nation inmate population promising save,Politics & Governance,0.47374515980222925,"[0.4183472421404865, 0.47374515980222925, 0.055337488828776246, 0.05257010922850786]"
synthetic,actor_4,2025-01-29,silicon valley combating human trafficking human trafficker worldwide use technology recruit exploit monitor victim lure victim internet,silicon valley combating human trafficking human trafficker worldwide use technology recruit exploit monitor victim lure victim internet,Technology & Cyber,0.7922074302563966,"[0.039121115372903636, 0.09765467343794, 0.0710167809327598, 0.7922074302563966]"
synthetic,actor_4,2025-01-29,sun orbit earth according american survey npr pointed european asian country fared much better evolution question according new national,sun orbit earth according american survey npr pointed european asian country fared much better evolution question according new national,Technology & Cyber,0.433328134731276,"[0.17987717862457714, 0.09314163076131382, 0.2936530558828329, 0.433328134731276]"
synthetic,actor_4,2025-01-29,u treasury announces aggressive sanction date north korea united state continue targeting person wherever located facilitate north korea illicit shipping practice,u treasury announces aggressive sanction date north korea united state continue targeting person wherever located facilitate north korea illicit shipping practice,Politics & Governance,0.9459847441811964,"[0.018410213212377246, 0.9459847441811964, 0.028167479901522116, 0.007437562704904033]"
synthetic,actor_4,2025-01-29,anyone speaking yes let read write use internet let not abandon miraculous pleasure speaking real world identifiable person,anyone speaking yes let read write use internet let not abandon miraculous pleasure speaking real world identifiable person,Society & Health,0.3775007868529122,"[0.052342651210637504, 0.24360452615231365, 0.3775007868529122, 0.3265520357841366]"
synthetic,actor_4,2025-01-29,jeff johnson win republican primary challenge minnesota governor mark dayton,jeff johnson win republican primary challenge minnesota governor mark dayton,Politics & Governance,0.9518811602604321,"[0.016072533342648146, 0.9518811602604321, 0.028349156217539234, 0.0036971501793803476]"
synthetic,actor_4,2025-01-29,yup chelsea handler posted photo twitter,yup chelsea handler posted photo twitter,Society & Health,0.9124799479514668,"[0.012046889850269315, 0.04896092111484563, 0.9124799479514668, 0.026512241083418354]"
synthetic,actor_4,2025-01-29,best euphemism used journalist sex worker peeing allegation trump hear medium describe clearly,best euphemism used journalist sex worker peeing allegation trump hear medium describe clearly,Politics & Governance,0.9203421009282183,"[0.015471438325384161, 0.9203421009282183, 0.05621052086569911, 0.00797593988069821]"
synthetic,actor_4,2025-01-29,king fall clipper without cousin announced start game demarcus cousin rudy gay lineup midway first quarter gay checked added spark already dominant offense king got one best start maintaining good pace clipper,king fall clipper without cousin announced start game demarcus cousin rudy gay lineup midway first quarter gay checked added spark already dominant offense king got one best start maintaining good pace clipper,Society & Health,0.8747738708608076,"[0.03005046371296708, 0.06658440278514921, 0.8747738708608076, 0.02859126264107611]"
synthetic,actor_4,2025-01-29,cassandra kellogg stylist swimwear designer show beachy wardrobe video closet separated shade beige cream white black cassandra wardrobe fresh clean peaceful like,cassandra kellogg stylist swimwear designer show beachy wardrobe video closet separated shade beige cream white black cassandra wardrobe fresh clean peaceful like,Society & Health,0.9734836623562564,"[0.005637263044686608, 0.013972533155504908, 0.9734836623562564, 0.006906541443552111]"
synthetic,actor_4,2025-01-29,sander economic plan torn apart former clinton obama economist say new analysis plan make claim not supported economic evidence,sander economic plan torn apart former clinton obama economist say new analysis plan make claim not supported economic evidence,Politics & Governance,0.9294890422272895,"[0.051980037850553246, 0.9294890422272895, 0.009827703751108256, 0.008703216171049001]"
synthetic,actor_4,2025-01-29,shopping secret department store worker floor layout salesperson strategy even storewide sale tap basic consumer impulse asked two former department store employee reveal juiciest secret save,shopping secret department store worker floor layout salesperson strategy even storewide sale tap basic consumer impulse asked two former department store employee reveal juiciest secret save,Economy & Business,0.9026396775995239,"[0.9026396775995239, 0.04541074966006795, 0.03790236592654403, 0.01404720681386404]"
synthetic,actor_4,2025-01-29,creationists demand airtime neil degrasse tyson cosmos tyson recently addressed providing balance come discussing science interview cnn astronomer,creationists demand airtime neil degrasse tyson cosmos tyson recently addressed providing balance come discussing science interview cnn astronomer,Technology & Cyber,0.7906638224979151,"[0.07327106821907059, 0.0493394058382802, 0.08672570344473415, 0.7906638224979151]"
synthetic,actor_4,2025-01-29,grammy award red carpet see fashion photo photo click stylelist see pick grammys best dressed worst dressed take look,grammy award red carpet see fashion photo photo click stylelist see pick grammys best dressed worst dressed take look,Society & Health,0.9994043720261847,"[0.00025194443063761637, 9.448197026401002e-05, 0.9994043720261847, 0.00024920157291378537]"
synthetic,actor_4,2025-01-29,microsoft seeking spyware trojan microsoft investigating trojan program attempt switch firm anti spyware software spyware tool released microsoft last week downloaded six million people stephen toulouse security manager microsoft said malicious program called bankash trojan sent e mail attachment microsoft said not believe program widespread recommended user use anti virus program program attempt disable delete microsoft anti spyware tool suppress warning message given user may also try steal online banking password personal information tracking user keystroke microsoft said statement investigating called criminal attack software earlier week microsoft said would buy anti virus software maker sybari software improve security window e mail software microsoft said plan offer paid anti virus software not yet set date release anti spyware program targeted currently beta form aim help user find remove spyware program monitor internet use cause advert pop ups slow pc performance,microsoft seeking spyware trojan microsoft investigating trojan program attempt switch firm anti spyware software spyware tool released microsoft last week downloaded six million people stephen toulouse security manager microsoft said malicious program called bankash trojan sent e mail attachment microsoft said not believe program widespread recommended user use anti virus program program attempt disable delete microsoft anti spyware tool suppress warning message given user may also try steal online banking password personal information tracking user keystroke microsoft said statement investigating called criminal attack software earlier week microsoft said would buy anti virus software maker sybari software improve security window e mail software microsoft said plan offer paid anti virus software not yet set date release anti spyware program targeted currently beta form aim help user find remove spyware program monitor internet use cause advert pop ups slow pc performance,Technology & Cyber,0.9692356694993411,"[0.013128185034453331, 0.01442244598276265, 0.003213699483442859, 0.9692356694993411]"
synthetic,actor_5,2025-01-29,mississippi educator telling student state sanctioned confederate heritage month jacob walker student grew seeing confederate flag everywhere shirt keychains car teach,mississippi educator telling student state sanctioned confederate heritage month jacob walker student grew seeing confederate flag everywhere shirt keychains car teach,Politics & Governance,0.874003308908548,"[0.03933668142392017, 0.874003308908548, 0.07616152135885541, 0.010498488308676494]"
synthetic,actor_5,2025-01-29,apple confirms slows old iphones battery age certain circumstance,apple confirms slows old iphones battery age certain circumstance,Technology & Cyber,0.7205575808946318,"[0.07064678696507434, 0.03754628278765535, 0.1712493493526385, 0.7205575808946318]"
synthetic,actor_5,2025-01-29,develop next generation innovator stop treating everyone way going jump starting economy wrong way not talking political party talking modest sensibility belief giving best brightest special consideration elitist wrong,develop next generation innovator stop treating everyone way going jump starting economy wrong way not talking political party talking modest sensibility belief giving best brightest special consideration elitist wrong,Politics & Governance,0.4178489810949249,"[0.29977083541666677, 0.4178489810949249, 0.23929387343272837, 0.043086310055679936]"
synthetic,actor_5,2025-01-29,disembodied head beatbox wild new music video,disembodied head beatbox wild new music video,Society & Health,0.9115432277786198,"[0.006734766999929024, 0.008414950812421674, 0.9115432277786198, 0.07330705440902945]"
synthetic,actor_5,2025-01-29,karolina kurkova short make one leggy look yay nay photo photo tell u karolina look latest trend tackled super short short last night,karolina kurkova short make one leggy look yay nay photo photo tell u karolina look latest trend tackled super short short last night,Society & Health,0.9723802571338951,"[0.007406906915490637, 0.01404292703751612, 0.9723802571338951, 0.006169908913098241]"
synthetic,actor_5,2025-01-29,zimbabwe military issue statement seizing power targeting criminal around president mugabe committing crime causing social economic suffering country order bring justice,zimbabwe military issue statement seizing power targeting criminal around president mugabe committing crime causing social economic suffering country order bring justice,Politics & Governance,0.9420878076165943,"[0.03358633543950293, 0.9420878076165943, 0.01913319032433417, 0.005192666619568583]"
synthetic,actor_5,2025-01-29,puerto rican nationalist granted clemency decade prison oscar l pez rivera spent year prison never convicted violent act may free,puerto rican nationalist granted clemency decade prison oscar l pez rivera spent year prison never convicted violent act may free,Politics & Governance,0.8034109501989359,"[0.02907768798534497, 0.8034109501989359, 0.13723278384221435, 0.03027857797350481]"
synthetic,actor_5,2025-01-29,police official tell congress encryption hurt ability fight crime encryption debate returned congress tuesday,police official tell congress encryption hurt ability fight crime encryption debate returned congress tuesday,Politics & Governance,0.9438878204304764,"[0.006251918133203606, 0.9438878204304764, 0.014992160221764575, 0.034868101214555566]"
synthetic,actor_5,2025-01-29,portable playstation ready go sony playstation portable psp go sale japan december long awaited handheld game playing gadget cost yen euro hit shelf launch game available psp including need speed ridge racer metal gear acid vampire chronicle sony not yet announced psp available europe u analyst expect debut territory early fifa back top uk game chart week losing rival pro evolution soccer konami pro evo dropped one place two new entry top another football title lma manager number seven tony hawk underground held three star war battlefront inched four place four good news disney spin shark tale film moving chart number eight fan gran turismo series europe going wait next year latest version sony said pal version gt not ready christmas product localised different language across pal territory therefore process take considerably longer japan said gran turismo playstation still expected released japan usa year halo broken video game record pre order million u alone u store plan open midnight tuesday november game release halo projected bring revenue day one box office blockbuster movie united state said xbox peter moore even heard rumour fan anticipation halo flu november,portable playstation ready go sony playstation portable psp go sale japan december long awaited handheld game playing gadget cost yen euro hit shelf launch game available psp including need speed ridge racer metal gear acid vampire chronicle sony not yet announced psp available europe u analyst expect debut territory early fifa back top uk game chart week losing rival pro evolution soccer konami pro evo dropped one place two new entry top another football title lma manager number seven tony hawk underground held three star war battlefront inched four place four good news disney spin shark tale film moving chart number eight fan gran turismo series europe going wait next year latest version sony said pal version gt not ready christmas product localised different language across pal territory therefore process take considerably longer japan said gran turismo playstation still expected released japan usa year halo broken video game record pre order million u alone u store plan open midnight tuesday november game release halo projected bring revenue day one box office blockbuster movie united state said xbox peter moore even heard rumour fan anticipation halo flu november,Society & Health,0.5773989232123734,"[0.043149152946082764, 0.014855772040209705, 0.5773989232123734, 0.36459615180133403]"
synthetic,actor_5,2025-01-29,digital guru float sub pc nicholas negroponte chairman founder mit medium lab say developing laptop pc go sale less told bbc world service programme go digital hoped would become education tool developing country said one laptop per child could important development not child whole family village neighbourhood said child could use laptop like text book described device stripped laptop would run linux based operating system get display need rear project image rather using ordinary flat panel second trick get rid fat skinny gain speed ability use smaller processor slower memory device probably exported kit part assembled locally keep cost mr negroponte said not profit venture though recognised manufacturer component would making money mr negroponte published bestselling digital widely seen predicting digital age concept based experiment u state maine child given laptop computer take home work idea popular amongst child initially received resistance teacher problem laptop getting broken however mr negroponte adapted idea work cambodia set two school together wife gave child laptop put laptop three year ago one broken kid cherish thing also tv telephone game machine not textbook mr negroponte want laptop become common mobile phone conceded ambitious nokia make million cell phone year u claim going make million laptop big number not talking three five year talking month plan distributing end already discussion chinese education ministry expected make large order china spend per child per year textbook five six year distribute sell laptop quantity one million ministry education cheaper marketing overhead go away,digital guru float sub pc nicholas negroponte chairman founder mit medium lab say developing laptop pc go sale less told bbc world service programme go digital hoped would become education tool developing country said one laptop per child could important development not child whole family village neighbourhood said child could use laptop like text book described device stripped laptop would run linux based operating system get display need rear project image rather using ordinary flat panel second trick get rid fat skinny gain speed ability use smaller processor slower memory device probably exported kit part assembled locally keep cost mr negroponte said not profit venture though recognised manufacturer component would making money mr negroponte published bestselling digital widely seen predicting digital age concept based experiment u state maine child given laptop computer take home work idea popular amongst child initially received resistance teacher problem laptop getting broken however mr negroponte adapted idea work cambodia set two school together wife gave child laptop put laptop three year ago one broken kid cherish thing also tv telephone game machine not textbook mr negroponte want laptop become common mobile phone conceded ambitious nokia make million cell phone year u claim going make million laptop big number not talking three five year talking month plan distributing end already discussion chinese education ministry expected make large order china spend per child per year textbook five six year distribute sell laptop quantity one million ministry education cheaper marketing overhead go away,Technology & Cyber,0.8213851114863318,"[0.10626692296252316, 0.057346937523124385, 0.015001028028020669, 0.8213851114863318]"
synthetic,actor_5,2025-01-29,wednesday morning email previewing final presidential debate doozy,wednesday morning email previewing final presidential debate doozy,Politics & Governance,0.988917248059698,"[0.0024923679141170053, 0.988917248059698, 0.0067653064208982915, 0.0018250776052866158]"
synthetic,actor_5,2025-01-29,diamond jubilee carriage ride queen kate middleton take spin photo despite rain queen braved weather prince charles camilla duchess cornwall brit lining,diamond jubilee carriage ride queen kate middleton take spin photo despite rain queen braved weather prince charles camilla duchess cornwall brit lining,Society & Health,0.9720406019316935,"[0.0035530017331175845, 0.019998604831027816, 0.9720406019316935, 0.004407791504161297]"
synthetic,actor_5,2025-01-29,last ditch rebellion donald trump fails former new hampshire sen gordon humphrey tried derail party nominee desperate vote rule,last ditch rebellion donald trump fails former new hampshire sen gordon humphrey tried derail party nominee desperate vote rule,Politics & Governance,0.9771369990255234,"[0.0020356794110930193, 0.9771369990255234, 0.019735844177108042, 0.001091477386275607]"
synthetic,actor_5,2025-01-29,eiffel tower go dark honor victim barcelona attack city light dimmed iconic monument show solidarity catalonia,eiffel tower go dark honor victim barcelona attack city light dimmed iconic monument show solidarity catalonia,Politics & Governance,0.5236004077610269,"[0.010668867610241843, 0.5236004077610269, 0.4329247672001886, 0.032805957428542636]"
synthetic,actor_5,2025-01-29,china new big brother law clone west bad idea western politician giving cover government restrict citizen civil liberty,china new big brother law clone west bad idea western politician giving cover government restrict citizen civil liberty,Politics & Governance,0.7803368132523062,"[0.048656213556244436, 0.7803368132523062, 0.11202885859634262, 0.058978114595106636]"
synthetic,actor_5,2025-01-29,spacex launch first rocket since explosion return stage earth saturday flight begin clear logjam planned mission,spacex launch first rocket since explosion return stage earth saturday flight begin clear logjam planned mission,Technology & Cyber,0.7030659667935365,"[0.05174517385128674, 0.09022369522330907, 0.1549651641318676, 0.7030659667935365]"
synthetic,actor_5,2025-01-29,challenge coming outside take existing team outsider got figure team lot new relationship build,challenge coming outside take existing team outsider got figure team lot new relationship build,Society & Health,0.6189824537493369,"[0.22331215950342825, 0.08732499780199578, 0.6189824537493369, 0.07038038894523897]"
synthetic,actor_5,2025-01-29,week beauty best worst june photo spend lot time focusing star wear wardrobe malfunction may,week beauty best worst june photo spend lot time focusing star wear wardrobe malfunction may,Society & Health,0.9845839450464543,"[0.005613174159749744, 0.003504834405972043, 0.9845839450464543, 0.0062980463878240175]"
synthetic,actor_5,2025-01-29,america favorite chocolate brand wall st american love chocolate apparently easter week one popular time year indulge nearly million,america favorite chocolate brand wall st american love chocolate apparently easter week one popular time year indulge nearly million,Economy & Business,0.7186437585223207,"[0.7186437585223207, 0.05547334658368057, 0.20623554858947357, 0.019647346304525283]"
synthetic,actor_5,2025-01-29,warm bone ambient heat latest merrick garland hot take swap obama lost supreme court nominee fired james comey eh hmm,warm bone ambient heat latest merrick garland hot take swap obama lost supreme court nominee fired james comey eh hmm,Politics & Governance,0.9560295136250218,"[0.007484635179503369, 0.9560295136250218, 0.03018155337029824, 0.00630429782517669]"
synthetic,actor_6,2025-01-29,esports stay connected grown kid looking around vast auditorium floor see handful parent ok rather spend weekend world kid inhabit force suffer mine,esports stay connected grown kid looking around vast auditorium floor see handful parent ok rather spend weekend world kid inhabit force suffer mine,Society & Health,0.5899582875883475,"[0.0735470736245558, 0.17390720359246706, 0.5899582875883475, 0.16258743519462965]"
synthetic,actor_6,2025-01-29,woman admits staying cesspool marriage age fear six year marriage michael presented wife karie postnuptial agreement karie signed,woman admits staying cesspool marriage age fear six year marriage michael presented wife karie postnuptial agreement karie signed,Society & Health,0.6403147294008815,"[0.04462852706552341, 0.3035878313670546, 0.6403147294008815, 0.01146891216654053]"
synthetic,actor_6,2025-01-29,sony psp handheld console hit u latest handheld gaming gadget sony playstation portable go sale u thursday entertainment device also store image music video intended compete nintendo d released earlier month uk gamers queuing outside shop across u get hand gadget cost first million sold come spider man film umd sony disc format device psp linked others multiplayer gaming via wireless connection sony touted machine walkman st century sold unit japan since launch last year face stiff competition nintendo d sold gamecube first day release europe allows multiplayer gaming air nintendo dominates handheld market share market u alone gizmondo combined medium player phone gaming gadget also went sale uk last week hope take share handheld gaming market story psp not gaming device much portable entertainment device said michael pachter analyst wedbush morgan security told reuters news agency expected sony sell million psps enough time rival apple ipod no date psp release europe yet sony promised million unit ready u launch fear demand may not met also said expected ship three million psps worldwide end fiscal year ending march machine european launch put back month last week order make sure enough device ready u launch well satisfying japanese market psp almost much processing power playstation console hundred gamers gathered u shop waiting hour first get hand gadget spokesman one u shop said expected device sell first day game mini console include ape academy formula one wipeout pure fired movie studio including lion gate entertainment disney also announced forthcoming film title made available umd format,sony psp handheld console hit u latest handheld gaming gadget sony playstation portable go sale u thursday entertainment device also store image music video intended compete nintendo released earlier month uk gamers queuing outside shop across u get hand gadget cost first million sold come spider man film umd sony disc format device psp linked others multiplayer gaming via wireless connection sony touted machine walkman st century sold unit japan since launch last year face stiff competition nintendo sold gamecube first day release europe allows multiplayer gaming air nintendo dominates handheld market share market u alone gizmondo combined medium player phone gaming gadget also went sale uk last week hope take share handheld gaming market story psp not gaming device much portable entertainment device said michael pachter analyst wedbush morgan security told reuters news agency expected sony sell million psps enough time rival apple ipod no date psp release europe yet sony promised million unit ready u launch fear demand may not met also said expected ship three million psps worldwide end fiscal year ending march machine european launch put back month last week order make sure enough device ready u launch well satisfying japanese market psp almost much processing power playstation console hundred gamers gathered u shop waiting hour first get hand gadget spokesman one u shop said expected device sell first day game mini console include ape academy formula one wipeout pure fired movie studio including lion gate entertainment disney also announced forthcoming film title made available umd format,Technology & Cyber,0.9247903590500401,"[0.04066612576713873, 0.005690406263436592, 0.028853108919384574, 0.9247903590500401]"
synthetic,actor_6,2025-01-29,letter croatia beauty truth disconcerting place great even astonishing beauty like dalmatian coast rather affording pleasure,letter croatia beauty truth disconcerting place great even astonishing beauty like dalmatian coast rather affording pleasure,Society & Health,0.987515534963142,"[0.00358851453664857, 0.005178953240756071, 0.987515534963142, 0.003716997259453209]"
synthetic,actor_6,2025-01-29,apple tv gesture control iwatch next year week apple rumor tuesday verge relayed report israeli business daily calcalist apple mulling purchase,apple tv gesture control iwatch next year week apple rumor tuesday verge relayed report israeli business daily calcalist apple mulling purchase,Technology & Cyber,0.8715594684604998,"[0.06642721625643691, 0.028083981053806422, 0.033929334229256945, 0.8715594684604998]"
synthetic,actor_6,2025-01-29,ny startup makersrow com embrace local maker movement matt wanted design took vision watch launched steel cake watch brand soon small designer shipping design overseas get produced fun,ny startup makersrow com embrace local maker movement matt wanted design took vision watch launched steel cake watch brand soon small designer shipping design overseas get produced fun,Society & Health,0.6092751188771488,"[0.168730597592403, 0.019311019613776414, 0.6092751188771488, 0.20268326391667182]"
synthetic,actor_6,2025-01-29,x file finale promise shocking episode yet revealed,x file finale promise shocking episode yet revealed,Society & Health,0.9135632081331876,"[0.025387976374508073, 0.04245357258450164, 0.9135632081331876, 0.018595242907802796]"
synthetic,actor_6,2025-01-29,apple ceo tim cook take fbi threatening data government want unlock iphone connected san bernardino terror attack,apple ceo tim cook take fbi threatening data government want unlock iphone connected san bernardino terror attack,Technology & Cyber,0.8286538181223579,"[0.04852298864290927, 0.10987353958572457, 0.012949653649008182, 0.8286538181223579]"
synthetic,actor_6,2025-01-29,dell laptop never worked refund leslie woz dell laptop lemon warranty company honor implied warranty question,dell laptop never worked refund leslie woz dell laptop lemon warranty company honor implied warranty question,Economy & Business,0.2751136352490746,"[0.2751136352490746, 0.21348856918185835, 0.2512375346303364, 0.26016026093873074]"
synthetic,actor_6,2025-01-29,yahoo intern new logo design way better new logo revealed yahoo ceo marissa mayer personally thanked design intern max help crafting,yahoo intern new logo design way better new logo revealed yahoo ceo marissa mayer personally thanked design intern max help crafting,Economy & Business,0.42870561783369915,"[0.42870561783369915, 0.043418559590855096, 0.1927825857815452, 0.3350932367939005]"
synthetic,actor_6,2025-01-29,steve wozniak blasted uber poor treatment worker think uber not nice thought,steve wozniak blasted uber poor treatment worker think uber not nice thought,Economy & Business,0.477146272361497,"[0.477146272361497, 0.16910120339690252, 0.1027741438137783, 0.2509783804278224]"
synthetic,actor_6,2025-01-29,rogue planet nomad may outnumber star milky way researcher used technique called gravitational microlensing detect homeless planet method examines,rogue planet nomad may outnumber star milky way researcher used technique called gravitational microlensing detect homeless planet method examines,Technology & Cyber,0.8562095650482642,"[0.016454440614463352, 0.04307396744593511, 0.08426202689133731, 0.8562095650482642]"
synthetic,actor_6,2025-01-29,would happen earth flat ran edge,would happen earth flat ran edge,Technology & Cyber,0.41555788696797724,"[0.036245644511977884, 0.16665636022160626, 0.38154010829843865, 0.41555788696797724]"
synthetic,actor_6,2025-01-29,steve scalise make emotional return congress june shooting lawmaker thanks police hero saved others baseball field,steve scalise make emotional return congress june shooting lawmaker thanks police hero saved others baseball field,Politics & Governance,0.9559200504883747,"[0.005074188642056326, 0.9559200504883747, 0.03295454604325348, 0.00605121482631549]"
synthetic,actor_6,2025-01-29,web giant face battle not track consumer privacy legislation privacy regulation harder sell said privacy expert amy mushahwar attorney reed smith consumer might not,web giant face battle not track consumer privacy legislation privacy regulation harder sell said privacy expert amy mushahwar attorney reed smith consumer might not,Technology & Cyber,0.60212224958958,"[0.18235421446888814, 0.12109362855226488, 0.09442990738926693, 0.60212224958958]"
synthetic,actor_6,2025-01-29,college grad fight unpaid internship full time work hard find confronting worst job market decade many college graduate expected land paid job turning unpaid,college grad fight unpaid internship full time work hard find confronting worst job market decade many college graduate expected land paid job turning unpaid,Economy & Business,0.9368179786977539,"[0.9368179786977539, 0.03490026425338692, 0.01985210652425789, 0.00842965052460133]"
synthetic,actor_6,2025-01-29,civil right group sue block missouri voter id law beyond unacceptable state missouri launched photo id requirement not sufficiently preparing educating voter funding,civil right group sue block missouri voter id law beyond unacceptable state missouri launched photo id requirement not sufficiently preparing educating voter funding,Politics & Governance,0.9835477803080234,"[0.004794456704625868, 0.9835477803080234, 0.007854471075038678, 0.003803291912311969]"
synthetic,actor_6,2025-01-29,bird strike research suggests dna technique help stop bird airplane collision dna sequencing added arsenal not dna bird rather poop dna sequence,bird strike research suggests dna technique help stop bird airplane collision dna sequencing added arsenal not dna bird rather poop dna sequence,Technology & Cyber,0.6802615770365057,"[0.032246227039580494, 0.14789256020347083, 0.13959963572044293, 0.6802615770365057]"
synthetic,actor_6,2025-01-29,draft day trailer kevin costner talking football kevin costner career football line first trailer draft day veteran actor star upcoming,draft day trailer kevin costner talking football kevin costner career football line first trailer draft day veteran actor star upcoming,Society & Health,0.9973477324261805,"[0.0008545845299770905, 0.0011690320121009574, 0.9973477324261805, 0.0006286510317415153]"
synthetic,actor_6,2025-01-29,veteran discharged misconduct higher risk homelessness military discharge subsequent transition civilian living long associated homelessness poor mental health,veteran discharged misconduct higher risk homelessness military discharge subsequent transition civilian living long associated homelessness poor mental health,Politics & Governance,0.9174780182436457,"[0.03375228068890879, 0.9174780182436457, 0.03171546205151012, 0.01705423901593536]"
synthetic,actor_7,2025-01-29,citylove tour boise instagram next citylove blog series little rock arkansas suggestion project people general awesomeness,citylove tour boise instagram next citylove blog series little rock arkansas suggestion project people general awesomeness,Society & Health,0.8866267246134312,"[0.018622873243274836, 0.055999264658357625, 0.8866267246134312, 0.038751137484936415]"
synthetic,actor_7,2025-01-29,tax refund travel deal less twenty three mile beach lounging sand castle plus mile inland canal equal saving,tax refund travel deal less twenty three mile beach lounging sand castle plus mile inland canal equal saving,Society & Health,0.9361565753433109,"[0.0417218749261693, 0.012407062557028933, 0.9361565753433109, 0.009714487173490922]"
synthetic,actor_7,2025-01-29,feel others pain make two mind respond differently encounter misfortune,feel others pain make two mind respond differently encounter misfortune,Society & Health,0.54713592385917,"[0.19059448615869276, 0.18720904670368982, 0.54713592385917, 0.07506054327844747]"
synthetic,actor_7,2025-01-29,bunny chow people ordering bunny chow say neither bunny nor chow say portion loaf want whole half quarter type filling half lamb,bunny chow people ordering bunny chow say neither bunny nor chow say portion loaf want whole half quarter type filling half lamb,Society & Health,0.7469261020441353,"[0.058480011986621644, 0.15817336265665402, 0.7469261020441353, 0.036420523312588916]"
synthetic,actor_7,2025-01-29,newsroom drama good girl revolt premiering amazon era free love blatant workplace sexism,newsroom drama good girl revolt premiering amazon era free love blatant workplace sexism,Society & Health,0.6859474752773476,"[0.153808574826316, 0.11983827099002464, 0.6859474752773476, 0.04040567890631178]"
synthetic,actor_7,2025-01-29,colorado first day legal weed going pretty hilariously photo one weed line good measure like weed father like weed son weed line colorado pic twitter com xxrz j kln chris,colorado first day legal weed going pretty hilariously photo one weed line good measure like weed father like weed son weed line colorado pic twitter com xxrz j kln chris,Society & Health,0.6369901507427345,"[0.09724930201572579, 0.23074760062019578, 0.6369901507427345, 0.03501294662134398]"
synthetic,actor_7,2025-01-29,tasty cooking vacation want learn craft fresh pasta rome dig oyster south carolina,tasty cooking vacation want learn craft fresh pasta rome dig oyster south carolina,Society & Health,0.8219993796917632,"[0.028591224798792295, 0.1336644991076776, 0.8219993796917632, 0.015744896401766937]"
synthetic,actor_7,2025-01-29,kevin hart reportedly talk become new favorite hollywood santa claus merry early christmas,kevin hart reportedly talk become new favorite hollywood santa claus merry early christmas,Society & Health,0.918231228102872,"[0.02240629495361736, 0.03763225366758982, 0.918231228102872, 0.021730223275920786]"
synthetic,actor_7,2025-01-29,london olympics anniversary black white photo english capital ahead one year mark photo new royal baby reason people talking london week saturday mark one year since start,london olympics anniversary black white photo english capital ahead one year mark photo new royal baby reason people talking london week saturday mark one year since start,Society & Health,0.9063345810620647,"[0.0201981352595084, 0.05419648563879468, 0.9063345810620647, 0.01927079803963227]"
synthetic,actor_7,2025-01-29,nba postpones game response rising covid case least player ruled play health safety protocol related coronavirus,nba postpones game response rising covid case least player ruled play health safety protocol related coronavirus,Society & Health,0.6703935557477084,"[0.028267339448756392, 0.26947562950772985, 0.6703935557477084, 0.03186347529580534]"
synthetic,actor_7,2025-01-29,lebron james reflected kobe bryant legacy night death former los angeles laker daughter seven people died sunday helicopter crash calabasas california,lebron james reflected kobe bryant legacy night death former los angeles laker daughter seven people died sunday helicopter crash calabasas california,Society & Health,0.9273068882709673,"[0.00687909854631447, 0.06187026212288792, 0.9273068882709673, 0.003943751059830397]"
synthetic,actor_7,2025-01-29,gave coffee week going back going approach coffee like dessert every,gave coffee week going back going approach coffee like dessert every,Economy & Business,0.4536881108926685,"[0.4536881108926685, 0.08528964961035526, 0.4203699305177155, 0.04065230897926092]"
synthetic,actor_7,2025-01-29,workout clothes become sexy photo lady treadmill next looked flawless decked clothes looked like something might wear town,workout clothes become sexy photo lady treadmill next looked flawless decked clothes looked like something might wear town,Society & Health,0.9927154892928983,"[0.0013725086414377718, 0.004336237735454627, 0.9927154892928983, 0.0015757643302094014]"
synthetic,actor_7,2025-01-29,trailer netflix sand castle sends nicholas hoult henry cavill battle iraq war drama premiere april,trailer netflix sand castle sends nicholas hoult henry cavill battle iraq war drama premiere april,Society & Health,0.9426835597409388,"[0.007132489892848659, 0.041529320353631945, 0.9426835597409388, 0.008654630012580598]"
synthetic,actor_7,2025-01-29,tracy morgan performs first standup routine deadly car crash month since appeared onstage like,tracy morgan performs first standup routine deadly car crash month since appeared onstage like,Society & Health,0.7985959274261277,"[0.07153688217401585, 0.10619847804590106, 0.7985959274261277, 0.023668712353955474]"
synthetic,actor_7,2025-01-29,back kylie jenner share first photo since giving birth moment six month making,back kylie jenner share first photo since giving birth moment six month making,Society & Health,0.9634197925607472,"[0.01548217757835972, 0.014219633064573672, 0.9634197925607472, 0.006878396796319588]"
synthetic,actor_7,2025-01-29,new radio astronomy observatory australian outback askap officially opened csiro october th impressive telescope antenna meter diameter spread square meter working together one,new radio astronomy observatory australian outback askap officially opened csiro october th impressive telescope antenna meter diameter spread square meter working together one,Society & Health,0.6410418546447504,"[0.07187822154279161, 0.17613718215204843, 0.6410418546447504, 0.11094274166040972]"
synthetic,actor_7,2025-01-29,mcconnell admits republican vote defund planned parenthood senate democrat big enough number prevent u thing,mcconnell admits republican vote defund planned parenthood senate democrat big enough number prevent u thing,Politics & Governance,0.9939387843650237,"[0.0018769660760981903, 0.9939387843650237, 0.003009592844175528, 0.001174656714702733]"
synthetic,actor_7,2025-01-29,black owned etsy jewelry shop support always power spend money,black owned etsy jewelry shop support always power spend money,Society & Health,0.6018846076616687,"[0.24895195678970566, 0.13344069943434553, 0.6018846076616687, 0.01572273611428002]"
synthetic,actor_7,2025-01-29,alicia silverstone bares almost bullet magazine talk clueless silverstone may regret comparison today young hollywood mug shot bunch definitely come,alicia silverstone bares almost bullet magazine talk clueless silverstone may regret comparison today young hollywood mug shot bunch definitely come,Society & Health,0.9020000680299529,"[0.02017922090373215, 0.05876351584918275, 0.9020000680299529, 0.019057195217132072]"
synthetic,actor_8,2025-01-29,myanmar aung san suu kyi visit rahkine first time since thousand rohingya fled nobel peace prize winner faced heavy international criticism not taking higher profile responding u n official called ethnic cleansing army,myanmar aung san suu kyi visit rahkine first time since thousand rohingya fled nobel peace prize winner faced heavy international criticism not taking higher profile responding u n official called ethnic cleansing army,Politics & Governance,0.9139993820789035,"[0.014947471324730807, 0.9139993820789035, 0.05913555755566015, 0.011917589040705627]"
synthetic,actor_8,2025-01-29,pivotal union election move ahead amazon warehouse alabama worker soon determine whether retail giant first unionized facility u,pivotal union election move ahead amazon warehouse alabama worker soon determine whether retail giant first unionized facility u,Politics & Governance,0.5289576023716899,"[0.3640698876336585, 0.5289576023716899, 0.05953011862454241, 0.04744239137010926]"
synthetic,actor_8,2025-01-29,google expand superfast fiber internet service cause celebrate san antonio,google expand superfast fiber internet service cause celebrate san antonio,Technology & Cyber,0.7838923981251177,"[0.07665520634733178, 0.06055595712653331, 0.07889643840101718, 0.7838923981251177]"
synthetic,actor_8,2025-01-29,security camera film meteor streaking across ohio sky spectacular display seen far away wisconsin missouri michigan,security camera film meteor streaking across ohio sky spectacular display seen far away wisconsin missouri michigan,Technology & Cyber,0.400774858317772,"[0.03380161043461605, 0.2573031514450556, 0.3081203798025564, 0.400774858317772]"
synthetic,actor_8,2025-01-29,silk road key player brian farrell sentenced year prison brian farrell plead guilty charge conspiracy distribute heroin cocaine methamphetamine,silk road key player brian farrell sentenced year prison brian farrell plead guilty charge conspiracy distribute heroin cocaine methamphetamine,Society & Health,0.440968930252592,"[0.08150720581394363, 0.338419453535614, 0.440968930252592, 0.13910441039785046]"
synthetic,actor_8,2025-01-29,danger lurking around web fb leaf teen privacy door ajar zuckerberg ever put place million parent single mother doting father immediate extended family decide whether changed facebook privacy setting would beneficial teenager manner,danger lurking around web fb leaf teen privacy door ajar zuckerberg ever put place million parent single mother doting father immediate extended family decide whether changed facebook privacy setting would beneficial teenager manner,Technology & Cyber,0.5646498511533092,"[0.04229708862968681, 0.21093720761233747, 0.18211585260466653, 0.5646498511533092]"
synthetic,actor_8,2025-01-29,beau biden called father joe best coach could asked,beau biden called father joe best coach could asked,Society & Health,0.49136681108089775,"[0.035478497039065575, 0.4550754493684123, 0.49136681108089775, 0.01807924251162431]"
synthetic,actor_8,2025-01-29,much homework lower test score researcher say conclusion group australian researcher taken aggregate result several recent study,much homework lower test score researcher say conclusion group australian researcher taken aggregate result several recent study,Technology & Cyber,0.7017395205586558,"[0.09411105426711071, 0.16016727867336322, 0.043982146500870255, 0.7017395205586558]"
synthetic,actor_8,2025-01-29,changing terrifying nature new cyber warfare hidden battlefield history first known cyber war casualty piling read vanity fair,changing terrifying nature new cyber warfare hidden battlefield history first known cyber war casualty piling read vanity fair,Technology & Cyber,0.41669631329402534,"[0.04518739564483797, 0.24435370995278663, 0.29376258110835013, 0.41669631329402534]"
synthetic,actor_8,2025-01-29,amy schumer wedding vow raunchy expect like awful sh,amy schumer wedding vow raunchy expect like awful sh,Society & Health,0.9128533695198084,"[0.022437018911499983, 0.052631604679477716, 0.9128533695198084, 0.012078006889213852]"
synthetic,actor_8,2025-01-29,best vine week one video aug th aug st vine twitter micro video social network perhaps best form entertainment generation distraction,best vine week one video aug th aug st vine twitter micro video social network perhaps best form entertainment generation distraction,Technology & Cyber,0.6376453578980504,"[0.07642524740571645, 0.036732611571467746, 0.24919678312476531, 0.6376453578980504]"
synthetic,actor_8,2025-01-29,wyoming future must depend innovative gumption mineral revenue trickle buying power stalled slumping,wyoming future must depend innovative gumption mineral revenue trickle buying power stalled slumping,Politics & Governance,0.3784074689197745,"[0.3614494162362794, 0.3784074689197745, 0.1963687725652252, 0.06377434227872089]"
synthetic,actor_8,2025-01-29,dysfunctional way adapted hell workplace not pretty,dysfunctional way adapted hell workplace not pretty,Economy & Business,0.39499728865442196,"[0.39499728865442196, 0.17137578992486213, 0.39261229540118553, 0.04101462601953037]"
synthetic,actor_8,2025-01-29,simple way tech company keeping woman quitting adobe prof give great maternity leave benny earn woman loyalty duh,simple way tech company keeping woman quitting adobe prof give great maternity leave benny earn woman loyalty duh,Economy & Business,0.6875513892840216,"[0.6875513892840216, 0.09643759916051112, 0.11863166072237269, 0.09737935083309461]"
synthetic,actor_8,2025-01-29,amazing goal defied physic u goalkeeper,amazing goal defied physic u goalkeeper,Society & Health,0.7488801040670395,"[0.05206918600067777, 0.11364254570654907, 0.7488801040670395, 0.08540816422573357]"
synthetic,actor_8,2025-01-29,syrian opposition realism u russian deal,syrian opposition realism u russian deal,Politics & Governance,0.89706031146074,"[0.023963944967464176, 0.89706031146074, 0.061112362781017095, 0.01786338079077865]"
synthetic,actor_8,2025-01-29,combat racial bias airbnb host try blind reservation discrimination airbnb host challenge need solve,combat racial bias airbnb host try blind reservation discrimination airbnb host challenge need solve,Society & Health,0.5072613834663176,"[0.09401942788097593, 0.3019582190132243, 0.5072613834663176, 0.09676096963948227]"
synthetic,actor_8,2025-01-29,wada appeal ruling world anti doping agency wada appeal acquittal kostas kenteris katerina thanou doping charge iaaf not pair cleared charge relating missing dope test greek athletics federation last week wada chairman dick pound said convinced iaaf appeal decision support accept federation ruling go court arbitration sport added kenteris lawyer gregory ioannidis reacted angrily pound comment comment like help embarrass sporting governing body create hostage situation iaaf strengthen case told bbc sport kenteris thanou charged avoiding drug test tel aviv chicago athens failing notify anti doping official whereabouts olympics withdrew athens game missing drug test olympic village august independent tribunal ruled duo not informed needed attend drug test athens however former coach christos tzekos banned four year tribunal kenteris thanou still face trial charge brought separately greek prosecutor missing drug test faking motorcycle accident avoid testing athens game,wada appeal ruling world anti doping agency wada appeal acquittal kostas kenteris katerina thanou doping charge iaaf not pair cleared charge relating missing dope test greek athletics federation last week wada chairman dick pound said convinced iaaf appeal decision support accept federation ruling go court arbitration sport added kenteris lawyer gregory ioannidis reacted angrily pound comment comment like help embarrass sporting governing body create hostage situation iaaf strengthen case told bbc sport kenteris thanou charged avoiding drug test tel aviv chicago athens failing notify anti doping official whereabouts olympics withdrew athens game missing drug test olympic village august independent tribunal ruled duo not informed needed attend drug test athens however former coach christos tzekos banned four year tribunal kenteris thanou still face trial charge brought separately greek prosecutor missing drug test faking motorcycle accident avoid testing athens game,Society & Health,0.897351657501025,"[0.017247438640127746, 0.07160584755346044, 0.897351657501025, 0.01379505630538663]"
synthetic,actor_8,2025-01-29,u economy show solid gdp growth u economy grown expected expanding annual rate last quarter gross domestic product figure ahead government estimated month ago rise reflects stronger spending business capital equipment smaller expected trade deficit gdp measure country economic health reflecting value good service produce new gdp figure announced commerce department friday also topped growth rate economist forecast ahead friday announcement growth annual rate third quarter year came best figure five year however positive economic climate may lead rise interest rate many expecting u rate rise march january march quarter economy expected grow annual rate economist forecast final quarter business increased spending capital equipment software third quarter consumer spending grew final quarter third quarter,u economy show solid gdp growth u economy grown expected expanding annual rate last quarter gross domestic product figure ahead government estimated month ago rise reflects stronger spending business capital equipment smaller expected trade deficit gdp measure country economic health reflecting value good service produce new gdp figure announced commerce department friday also topped growth rate economist forecast ahead friday announcement growth annual rate third quarter year came best figure five year however positive economic climate may lead rise interest rate many expecting u rate rise march january march quarter economy expected grow annual rate economist forecast final quarter business increased spending capital equipment software third quarter consumer spending grew final quarter third quarter,Economy & Business,0.970504057956155,"[0.970504057956155, 0.023632730591710067, 0.0014006253670799135, 0.004462586085054898]"
synthetic,actor_8,2025-01-29,longest lasting stellar eclipse ever observed say hello longest lasting stellar eclipse ever observed,longest lasting stellar eclipse ever observed say hello longest lasting stellar eclipse ever observed,Society & Health,0.4157485321803116,"[0.07110779398222461, 0.38227480091330673, 0.4157485321803116, 0.130868872924157]"
synthetic,actor_1,2025-02-05,hillary clinton really want think tough wall street bernie sander campaign took cheap shot,hillary clinton really want think tough wall street bernie sander campaign took cheap shot,Politics & Governance,0.9833301793453298,"[0.009043242653121725, 0.9833301793453298, 0.006751203852475603, 0.0008753741490726467]"
synthetic,actor_1,2025-02-05,battle mosul coming end iraq face long challenging road toward reconstruction reconciliation,battle mosul coming end iraq face long challenging road toward reconstruction reconciliation,Politics & Governance,0.777435398404164,"[0.03851264053095978, 0.777435398404164, 0.14509136769057498, 0.03896059337430114]"
synthetic,actor_1,2025-02-05,first vote trump muslim ban republican fail test list lawmaker record supporter banning grandma america,first vote trump muslim ban republican fail test list lawmaker record supporter banning grandma america,Politics & Governance,0.9916844774277933,"[0.0018592975631120433, 0.9916844774277933, 0.0058130467536216075, 0.0006431782554729215]"
synthetic,actor_1,2025-02-05,life lesson fake dry cleaner worked dry cleaning business no dry cleaning equipment since employee not lot manage however experience dry cleaner better lesson business studying mba,life lesson fake dry cleaner worked dry cleaning business no dry cleaning equipment since employee not lot manage however experience dry cleaner better lesson business studying mba,Economy & Business,0.6252780369673447,"[0.6252780369673447, 0.11883484938453868, 0.22303277040257485, 0.03285434324554173]"
synthetic,actor_1,2025-02-05,live rv save money ever thought chucking taking road full time free roam could join million american full time rvers,live rv save money ever thought chucking taking road full time free roam could join million american full time rvers,Economy & Business,0.4175982176698446,"[0.4175982176698446, 0.16637752258661495, 0.31780152296573316, 0.09822273677780727]"
synthetic,actor_1,2025-02-05,court reject bn tobacco case u government claim accusing country biggest tobacco company covering effect smoking thrown appeal court demand bn bn filed clinton administration rejected decision court washington found case could not brought federal anti racketeering law among accused altria group rj reynolds tobacco lorillard tobacco liggett group brown williamson case government claimed tobacco firm manipulated nicotine level increase addiction targeted teenager multi billion dollar advertising campaign lied danger smoking ignored research contrary prosecutor wanted cigarette firm surrender bn profit accumulated past year impose tougher rule marketing product court appeal district columbia ruled u government could not sue firm legislation drawn counteract mafia infiltration business tobacco company deny illegally conspired promote smoking defraud public also say already met many government demand landmark bn settlement reached state share tobacco company closed higher ruling altria rising reynolds showing gain,court reject bn tobacco case u government claim accusing country biggest tobacco company covering effect smoking thrown appeal court demand bn bn filed clinton administration rejected decision court washington found case could not brought federal anti racketeering law among accused altria group rj reynolds tobacco lorillard tobacco liggett group brown williamson case government claimed tobacco firm manipulated nicotine level increase addiction targeted teenager multi billion dollar advertising campaign lied danger smoking ignored research contrary prosecutor wanted cigarette firm surrender bn profit accumulated past year impose tougher rule marketing product court appeal district columbia ruled u government could not sue firm legislation drawn counteract mafia infiltration business tobacco company deny illegally conspired promote smoking defraud public also say already met many government demand landmark bn settlement reached state share tobacco company closed higher ruling altria rising reynolds showing gain,Economy & Business,0.7817370889676876,"[0.7817370889676876, 0.19707743836499117, 0.0027416355686603194, 0.018443837098661098]"
synthetic,actor_1,2025-02-05,photo show little cuba struggling economy changed half century economy basically stood still half century often difficult tell difference present day photo cuba one decade old,photo show little cuba struggling economy changed half century economy basically stood still half century often difficult tell difference present day photo cuba one decade old,Society & Health,0.35290545891786873,"[0.2782151530008692, 0.33799467172568, 0.35290545891786873, 0.03088471635558213]"
synthetic,actor_1,2025-02-05,fed investigating exxon climate change investigation called moment reckoning corporation,fed investigating exxon climate change investigation called moment reckoning corporation,Politics & Governance,0.5606267673941366,"[0.39805713469025655, 0.5606267673941366, 0.023178416750781913, 0.01813768116482484]"
synthetic,actor_1,2025-02-05,new ftc study percent consumer credit report error year ongoing debate accuracy credit report various study claimed percent report contain error credit report error big deal yes absolutely,new ftc study percent consumer credit report error year ongoing debate accuracy credit report various study claimed percent report contain error credit report error big deal yes absolutely,Economy & Business,0.8172473251317899,"[0.8172473251317899, 0.08469309198715651, 0.04073034364800674, 0.05732923923304684]"
synthetic,actor_1,2025-02-05,workplace happiness survey find friend important salary study shown part country work also dramatic effect happiness office,workplace happiness survey find friend important salary study shown part country work also dramatic effect happiness office,Economy & Business,0.8205121964578185,"[0.8205121964578185, 0.07294399838131042, 0.05335649334864545, 0.05318731181222561]"
synthetic,actor_1,2025-02-05,let moving company hold property hostage check moving company state fmcsa licensed quickly search state fmcsa website,let moving company hold property hostage check moving company state fmcsa licensed quickly search state fmcsa website,Economy & Business,0.6919221654532967,"[0.6919221654532967, 0.1719708421202731, 0.04662381357451191, 0.08948317885191831]"
synthetic,actor_1,2025-02-05,american city adding job great recession affected nearly every person united state recovery fared better part,american city adding job great recession affected nearly every person united state recovery fared better part,Economy & Business,0.7033266602442269,"[0.7033266602442269, 0.18396494593134674, 0.0993521384926946, 0.013356255331731844]"
synthetic,actor_1,2025-02-05,step create magic new year point time many u stop reflect past year see change could made new year make next year better previous one three step consider want create magic new year,step create magic new year point time many u stop reflect past year see change could made new year make next year better previous one three step consider want create magic new year,Economy & Business,0.4277309779248147,"[0.4277309779248147, 0.05414007706640268, 0.3722227275645526, 0.14590621744423005]"
synthetic,actor_1,2025-02-05,house price rebound say halifax uk house price increased december first monthly rise since september halifax said uk biggest mortgage lender said price rose whole second half year average price house uk stand halifax said survey seems fly face recent evidence uk housing market slowing substantially response interest rate rise last week nationwide said house price fell december annual inflation running three year low tuesday figure bank england showed number mortgage approved uk fallen lowest level nearly decade new loan november fell october lowest rate since september bank england said growth unsecured lending personal loan credit card also slowed last month capital economics past predicted sharp fall uk house price branded halifax finding temporary surprise would reversed coming month month month volatility halifax house price data not distract fact clear downward trend house price capital economics statement said expert believe five interest rate rise since november cutting borrower appetite debt despite recording price rise december halifax survey concluded continuing sign genuine slowdown housing market martin elli halifax chief economist said no need revise bank prediction made last month price would fall sound housing market fundamental continue underpin market ensuring market remains healthy house price fall slightly mr elli said bank prediction price drop come true first annual fall nine year bank said recent pattern house price rising fastest north england continued december north west yorkshire humber halifax said price rose two region respectively month send scale price south east london fell respectively biggest decline seen wale price fell area experienced strong house price growth overall halifax said price final quarter higher previous quarter smallest quarterly rise since second quarter bank said result annual house price inflation dipped final month,house price rebound say halifax uk house price increased december first monthly rise since september halifax said uk biggest mortgage lender said price rose whole second half year average price house uk stand halifax said survey seems fly face recent evidence uk housing market slowing substantially response interest rate rise last week nationwide said house price fell december annual inflation running three year low tuesday figure bank england showed number mortgage approved uk fallen lowest level nearly decade new loan november fell october lowest rate since september bank england said growth unsecured lending personal loan credit card also slowed last month capital economics past predicted sharp fall uk house price branded halifax finding temporary surprise would reversed coming month month month volatility halifax house price data not distract fact clear downward trend house price capital economics statement said expert believe five interest rate rise since november cutting borrower appetite debt despite recording price rise december halifax survey concluded continuing sign genuine slowdown housing market martin elli halifax chief economist said no need revise bank prediction made last month price would fall sound housing market fundamental continue underpin market ensuring market remains healthy house price fall slightly mr elli said bank prediction price drop come true first annual fall nine year bank said recent pattern house price rising fastest north england continued december north west yorkshire humber halifax said price rose two region respectively month send scale price south east london fell respectively biggest decline seen wale price fell area experienced strong house price growth overall halifax said price final quarter higher previous quarter smallest quarterly rise since second quarter bank said result annual house price inflation dipped final month,Economy & Business,0.9760876846249995,"[0.9760876846249995, 0.014613730873607301, 0.0045540554618349, 0.0047445290395582915]"
synthetic,actor_1,2025-02-05,country hate america several country dislike american leadership also undergone recent political upheaval mass demonstration,country hate america several country dislike american leadership also undergone recent political upheaval mass demonstration,Politics & Governance,0.7492346504826728,"[0.18208058040239133, 0.7492346504826728, 0.06072091350294959, 0.007963855611986478]"
synthetic,actor_1,2025-02-05,professional certificate lead higher pay study say certificate program course study typically completed less two year despite perception,professional certificate lead higher pay study say certificate program course study typically completed less two year despite perception,Economy & Business,0.39710997405120796,"[0.39710997405120796, 0.27472019660319535, 0.15527675958359646, 0.17289306976200022]"
synthetic,actor_1,2025-02-05,koch organizing local zoo transit school board,koch organizing local zoo transit school board,Politics & Governance,0.7737060773964051,"[0.096440885200078, 0.7737060773964051, 0.09923586430964881, 0.030617173093868272]"
synthetic,actor_1,2025-02-05,woman business q stephanie streeter ceo director libbey inc,woman business q stephanie streeter ceo director libbey inc,Economy & Business,0.9942970055260043,"[0.9942970055260043, 0.0014151512796307358, 0.002875793934252168, 0.0014120492601127144]"
synthetic,actor_1,2025-02-05,restaurant fear sale hit proposed stricter drunk driving law cnbc distilled spirit council echoed sentiment join organization including engaged traffic,restaurant fear sale hit proposed stricter drunk driving law cnbc distilled spirit council echoed sentiment join organization including engaged traffic,Economy & Business,0.5770193797271843,"[0.5770193797271843, 0.17429018705186552, 0.2327375369396862, 0.015952896281264034]"
synthetic,actor_1,2025-02-05,billion new credit card debt represents clear impetus change responsible credit card use recipe saving money considering lucrative reward percent rate fraud protection available thing word sentence responsible important likely ignored,billion new credit card debt represents clear impetus change responsible credit card use recipe saving money considering lucrative reward percent rate fraud protection available thing word sentence responsible important likely ignored,Economy & Business,0.9799800993881483,"[0.9799800993881483, 0.00985326014679254, 0.0038613552769088326, 0.00630528518815029]"
synthetic,actor_2,2025-02-05,inspection factory abroad found superficial riddled flaw inspector came went walmart certified factory guangdong province china approving production,inspection factory abroad found superficial riddled flaw inspector came went walmart certified factory guangdong province china approving production,Economy & Business,0.4061707069579072,"[0.4061707069579072, 0.16001320675669406, 0.38352069287516505, 0.05029539341023368]"
synthetic,actor_2,2025-02-05,europe fiscal union proposal forefront crisis debate mean time european central bank remain institution capable acting quickly avert disaster,europe fiscal union proposal forefront crisis debate mean time european central bank remain institution capable acting quickly avert disaster,Politics & Governance,0.506650433669682,"[0.4403077282906396, 0.506650433669682, 0.0353551112519652, 0.01768672678771335]"
synthetic,actor_2,2025-02-05,roaming charge avoid phone bill earlier year canadian family greeted mobile bill vacation arizona culprit,roaming charge avoid phone bill earlier year canadian family greeted mobile bill vacation arizona culprit,Economy & Business,0.35646082474519003,"[0.35646082474519003, 0.2381858581897205, 0.3188718578620882, 0.0864814592030014]"
synthetic,actor_2,2025-02-05,tim cook sends memo reassure apple employee trump win apple north star changed company ceo wrote u employee wednesday,tim cook sends memo reassure apple employee trump win apple north star changed company ceo wrote u employee wednesday,Technology & Cyber,0.5317045490112055,"[0.39996407324450395, 0.03877326669031586, 0.029558111053974725, 0.5317045490112055]"
synthetic,actor_2,2025-02-05,sec chair delayed job act rule secure legacy internal email reveal job act aim reduce regulatory burden small business start ups relaxing various security regulation,sec chair delayed job act rule secure legacy internal email reveal job act aim reduce regulatory burden small business start ups relaxing various security regulation,Economy & Business,0.5727864183219123,"[0.5727864183219123, 0.3510718159036703, 0.02690016051151486, 0.049241605262902464]"
synthetic,actor_2,2025-02-05,jamie dimon snafu jpmorgan derivative loss united state trying pull greatest financial tailspin history dice rolling braggadacio key officer one nation largest bank exactly kind thing congress taxpayer voter find scary,jamie dimon snafu jpmorgan derivative loss united state trying pull greatest financial tailspin history dice rolling braggadacio key officer one nation largest bank exactly kind thing congress taxpayer voter find scary,Economy & Business,0.48893073155100164,"[0.48893073155100164, 0.465477438085102, 0.031194431928532964, 0.014397398435363386]"
synthetic,actor_2,2025-02-05,supermarket key making america stop wasting food grocery store throw stunning amount food change,supermarket key making america stop wasting food grocery store throw stunning amount food change,Economy & Business,0.6606545242431393,"[0.6606545242431393, 0.14436940143541652, 0.15454597198889203, 0.04043010233255226]"
synthetic,actor_2,2025-02-05,election deal faltered heath role tory failed hold onto power liberal demanded sir edward heath quit return co operation document released year reveal failed negotiation prime minister following dramatic february general election liberal leader jeremy thorpe appeared willing form coalition government partly collapsed conservative leader role prompting queen ask harold wilson form labour government february general election surprised nation created hung parliament no party overall control sir edward gone country fresh mandate amid spiralling economic crisis miner strike subsequent three day week labour emerged seat mp short number mr wilson needed form majority sir edward received vote fewer mp believed authority remain number providing liberal mp would support government said liberal could keep labour three way lend ad hoc support minority government help draw government programme three cabinet member coalition conservative according document released national archive friendly easy first meeting indicated sir edward mr thorpe thought making deal mr thorpe high spirit led party historic jump support also argued grand coalition three main party sir edward said impossible labour left set pair settled trying conservative liberal pact hour later sir edward hope deal unravelled mr thorpe colleague refused support jeremy said encountering rather embarrassing problem colleague prime minister personally read telephone memo mr heath feel could not agree serve long prime minister asked view said no not close ted thought far able man would perfectly happy serve colleague difficult following day stickling point clearly become two fold mr thorpe colleague wanted electoral reform sir edward resignation mr thorpe told sir edward sorry obviously hell nightmare stilt somehow personally hope work something four hour later sir edward called liberal leader back downing street last attempt deal minute meeting show chance coalition government quickly evaporated pm said bound tell mr thorpe colleague told would not agree serve prime minister mr thorpe liberty verify talking one two prime minister colleague document show sir edward mulled resigning perhaps returning coalition government labour led coalition already knew mr wilson would not form coalition either liberal conservative opposition labour left within hour final talk mr thorpe sir edward told nation resigning queen invited mr wilson form new minority government,election deal faltered heath role tory failed hold onto power liberal demanded sir edward heath quit return co operation document released year reveal failed negotiation prime minister following dramatic february general election liberal leader jeremy thorpe appeared willing form coalition government partly collapsed conservative leader role prompting queen ask harold wilson form labour government february general election surprised nation created hung parliament no party overall control sir edward gone country fresh mandate amid spiralling economic crisis miner strike subsequent three day week labour emerged seat mp short number mr wilson needed form majority sir edward received vote fewer mp believed authority remain number providing liberal mp would support government said liberal could keep labour three way lend ad hoc support minority government help draw government programme three cabinet member coalition conservative according document released national archive friendly easy first meeting indicated sir edward mr thorpe thought making deal mr thorpe high spirit led party historic jump support also argued grand coalition three main party sir edward said impossible labour left set pair settled trying conservative liberal pact hour later sir edward hope deal unravelled mr thorpe colleague refused support jeremy said encountering rather embarrassing problem colleague prime minister personally read telephone memo mr heath feel could not agree serve long prime minister asked view said no not close ted thought far able man would perfectly happy serve colleague difficult following day stickling point clearly become two fold mr thorpe colleague wanted electoral reform sir edward resignation mr thorpe told sir edward sorry obviously hell nightmare stilt somehow personally hope work something four hour later sir edward called liberal leader back downing street last attempt deal minute meeting show chance coalition government quickly evaporated pm said bound tell mr thorpe colleague told would not agree serve prime minister mr thorpe liberty verify talking one two prime minister colleague document show sir edward mulled resigning perhaps returning coalition government labour led coalition already knew mr wilson would not form coalition either liberal conservative opposition labour left within hour final talk mr thorpe sir edward told nation resigning queen invited mr wilson form new minority government,Politics & Governance,0.9661597126086078,"[0.012809276666264371, 0.9661597126086078, 0.013939308877830453, 0.0070917018472973735]"
synthetic,actor_2,2025-02-05,largest employer state,largest employer state,Politics & Governance,0.7516081701188077,"[0.22062785929921858, 0.7516081701188077, 0.01879353471780154, 0.008970435864172193]"
synthetic,actor_2,2025-02-05,young entrepreneurial merrill lutsky sold combinator backed startup returning harvard researching student startup incubator came across posmetrics founder ceo merrill lutsky browsing list student partner rough draft venture investment fund invests student startup boston area,young entrepreneurial merrill lutsky sold combinator backed startup returning harvard researching student startup incubator came across posmetrics founder ceo merrill lutsky browsing list student partner rough draft venture investment fund invests student startup boston area,Economy & Business,0.8633759573106344,"[0.8633759573106344, 0.0894719243127124, 0.02204903480232667, 0.0251030835743264]"
synthetic,actor_2,2025-02-05,foreclosure spell financial demise latino middle class crisis faced latino homeowner involves housing majority wealth tied home foreclosed latino lose equity needed future,foreclosure spell financial demise latino middle class crisis faced latino homeowner involves housing majority wealth tied home foreclosed latino lose equity needed future,Economy & Business,0.6980560931691988,"[0.6980560931691988, 0.2787269343453749, 0.015117105109838313, 0.008099867375587903]"
synthetic,actor_2,2025-02-05,ryan zinke tale two fish secretary push reshape interior department cut number agency oversee fish laden stream,ryan zinke tale two fish secretary push reshape interior department cut number agency oversee fish laden stream,Politics & Governance,0.9135119880911313,"[0.01630416609008991, 0.9135119880911313, 0.05734431080826408, 0.012839535010514781]"
synthetic,actor_2,2025-02-05,gas price drop cent two week according survey new york oct reuters average price gallon regular gasoline united state fell cent,gas price drop cent two week according survey new york oct reuters average price gallon regular gasoline united state fell cent,Economy & Business,0.8594837146442039,"[0.8594837146442039, 0.03491140095406322, 0.0907902161695956, 0.01481466823213718]"
synthetic,actor_2,2025-02-05,snap top expectation pricing long awaited ipo snap inc hold richest valuation u tech ipo since facebook,snap top expectation pricing long awaited ipo snap inc hold richest valuation u tech ipo since facebook,Economy & Business,0.43921146875595224,"[0.43921146875595224, 0.1275940750063007, 0.11937902970499027, 0.31381542653275685]"
synthetic,actor_2,2025-02-05,student loan debit card encourages indebted graduate shop consumer advocate say idea spending save student loan make sense using flashy reward,student loan debit card encourages indebted graduate shop consumer advocate say idea spending save student loan make sense using flashy reward,Economy & Business,0.7004509883529917,"[0.7004509883529917, 0.23345155215596491, 0.042571249069185434, 0.023526210421857947]"
synthetic,actor_2,2025-02-05,make mind dude deficit hawk dove time larger deficit time moving toward budget surplus want need cyclical budget deficit offset slump not want structural budget deficit get larger economy hit expansionary stride not yet,make mind dude deficit hawk dove time larger deficit time moving toward budget surplus want need cyclical budget deficit offset slump not want structural budget deficit get larger economy hit expansionary stride not yet,Economy & Business,0.6070965907511213,"[0.6070965907511213, 0.19024429668440612, 0.16259012463082365, 0.040068987933649006]"
synthetic,actor_2,2025-02-05,pfizer allergan scrap billion merger tax loophole pressure announcement followed unveiling new u treasury rule monday aimed curbing deal,pfizer allergan scrap billion merger tax loophole pressure announcement followed unveiling new u treasury rule monday aimed curbing deal,Economy & Business,0.6209303431011156,"[0.6209303431011156, 0.31537450784553134, 0.03468347972589015, 0.029011669327462818]"
synthetic,actor_2,2025-02-05,billionaire think obama socialist hardly count news anymore put upon billionaire start fulminating barack obama like koch,billionaire think obama socialist hardly count news anymore put upon billionaire start fulminating barack obama like koch,Politics & Governance,0.7682439005564129,"[0.19136281417081227, 0.7682439005564129, 0.028747707642463136, 0.011645577630311649]"
synthetic,actor_2,2025-02-05,make financial resolution february make financial resolution clock struck midnight jan okay not late consider making one right following three simple rule resolution,make financial resolution february make financial resolution clock struck midnight jan okay not late consider making one right following three simple rule resolution,Economy & Business,0.7533998779184613,"[0.7533998779184613, 0.08648511737837906, 0.13022455488063, 0.029890449822529492]"
synthetic,actor_2,2025-02-05,world bank fails stop attack arrest villager protesting big project human right campaigner say bank response border complete apathy,world bank fails stop attack arrest villager protesting big project human right campaigner say bank response border complete apathy,Politics & Governance,0.5970147613650151,"[0.2926810589303849, 0.5970147613650151, 0.054012977016611015, 0.05629120268798895]"
synthetic,actor_3,2025-02-05,old man golf course complains people not working truly donald trump republican,old man golf course complains people not working truly donald trump republican,Politics & Governance,0.9366733079764723,"[0.007409402250758225, 0.9366733079764723, 0.05197349147514654, 0.003943798297622854]"
synthetic,actor_3,2025-02-05,could staying facebook hurt career raise hand heard improper facebook post could hurt chance potential employer well okay,could staying facebook hurt career raise hand heard improper facebook post could hurt chance potential employer well okay,Economy & Business,0.31901980689574894,"[0.31901980689574894, 0.2160463783363056, 0.1542215907859107, 0.31071222398203474]"
synthetic,actor_3,2025-02-05,hail smash passenger jet windshield force emergency landing scariest minute life,hail smash passenger jet windshield force emergency landing scariest minute life,Society & Health,0.4672523437720924,"[0.18774917704648234, 0.2828249804986908, 0.4672523437720924, 0.062173498682734335]"
synthetic,actor_3,2025-02-05,economist wrong boil thing really two road follow environment economy either muddle along sub par rate percent balance restored go path running debt effort produce higher growth rate near term,economist wrong boil thing really two road follow environment economy either muddle along sub par rate percent balance restored go path running debt effort produce higher growth rate near term,Economy & Business,0.8907645016402328,"[0.8907645016402328, 0.07684890982622247, 0.01797822490078256, 0.014408363632762178]"
synthetic,actor_3,2025-02-05,career thing past short millennials like commitment job no exception average millennial expected change job course working year long gone lifelong loyalty corporation steadfast servitude year end waiting next promotion,career thing past short millennials like commitment job no exception average millennial expected change job course working year long gone lifelong loyalty corporation steadfast servitude year end waiting next promotion,Economy & Business,0.8210732825461613,"[0.8210732825461613, 0.09408222396486382, 0.06321178898642488, 0.021632704502549897]"
synthetic,actor_3,2025-02-05,best run city america order determine performance nation largest city wall st reviewed largest u city,best run city america order determine performance nation largest city wall st reviewed largest u city,Economy & Business,0.6802171905406245,"[0.6802171905406245, 0.11526862689891834, 0.19493690156199953, 0.00957728099845773]"
synthetic,actor_3,2025-02-05,libya take bn unfrozen fund libya withdrawn bn asset u asset previously frozen almost year libyan central bank said move came u lifted trade ban reward tripoli giving weapon mass destruction vowing compensate lockerbie victim original size libya fund central bank told reuters however withdrawal not mean libya cut tie u added process opening account bank united state central bank vice president farhat omar ben gadaravice said previously frozen asset invested various country believed included equity holding bank u ban trade economic activity tripoli imposed president ronald regan series u deemed terrorist act including lockerbie air crash suspended april banker two country working unfreeze libya asset,libya take bn unfrozen fund libya withdrawn bn asset u asset previously frozen almost year libyan central bank said move came u lifted trade ban reward tripoli giving weapon mass destruction vowing compensate lockerbie victim original size libya fund central bank told reuters however withdrawal not mean libya cut tie u added process opening account bank united state central bank vice president farhat omar ben gadaravice said previously frozen asset invested various country believed included equity holding bank u ban trade economic activity tripoli imposed president ronald regan series u deemed terrorist act including lockerbie air crash suspended april banker two country working unfreeze libya asset,Economy & Business,0.6239203956701496,"[0.6239203956701496, 0.34611095928827923, 0.02228954853349392, 0.007679096508077338]"
synthetic,actor_3,2025-02-05,social medium picture say first cardinal sin profile picture smirk bad smirk universal facial expression contempt hatred disdain profile basically telling world want people connect,social medium picture say first cardinal sin profile picture smirk bad smirk universal facial expression contempt hatred disdain profile basically telling world want people connect,Society & Health,0.3853329932025407,"[0.1665629939536505, 0.30900971311875364, 0.3853329932025407, 0.13909429972505516]"
synthetic,actor_3,2025-02-05,time bomb tax code congress president nothing tax system end year thing tax law blow,time bomb tax code congress president nothing tax system end year thing tax law blow,Politics & Governance,0.8334099275078092,"[0.1549247062478601, 0.8334099275078092, 0.0045166526472793, 0.007148713597051492]"
synthetic,actor_3,2025-02-05,keeping romneys not money honey bulging bank account not brand someone bad seed plenty kind giving millionaire plenty cruel greedy grouch world real problem romneys money relate,keeping romneys not money honey bulging bank account not brand someone bad seed plenty kind giving millionaire plenty cruel greedy grouch world real problem romneys money relate,Economy & Business,0.8936983545551698,"[0.8936983545551698, 0.02951986309247369, 0.062332058508317405, 0.0144497238440391]"
synthetic,actor_3,2025-02-05,krugman obamacare shock coming affordable care act k obamacare go fully effect beginning next year prediction disaster,krugman obamacare shock coming affordable care act k obamacare go fully effect beginning next year prediction disaster,Politics & Governance,0.6877636064964348,"[0.27359856762013457, 0.6877636064964348, 0.022070326102603795, 0.01656749978082695]"
synthetic,actor_3,2025-02-05,bad habit must break productive habit may seem minor add amount personal choice immediate pleasure lasting one worst habit losing track really matter,bad habit must break productive habit may seem minor add amount personal choice immediate pleasure lasting one worst habit losing track really matter,Economy & Business,0.47035124380537885,"[0.47035124380537885, 0.14710020123129253, 0.33729933777328175, 0.04524921719004692]"
synthetic,actor_3,2025-02-05,ball drop smart money move make dec wrapping finance may want think making move could mean money retirement smaller tax bill perhaps new eyeglass,ball drop smart money move make dec wrapping finance may want think making move could mean money retirement smaller tax bill perhaps new eyeglass,Economy & Business,0.8697117540931926,"[0.8697117540931926, 0.06760294161478865, 0.02969180865079791, 0.03299349564122083]"
synthetic,actor_3,2025-02-05,bad trade sucker punched massive illegally subsidized import american steel producer laid thousand worker bedrock community ohio illinois texas alabama past three month,bad trade sucker punched massive illegally subsidized import american steel producer laid thousand worker bedrock community ohio illinois texas alabama past three month,Politics & Governance,0.6648942619911884,"[0.2565953169389902, 0.6648942619911884, 0.0596963685146219, 0.018814052555199575]"
synthetic,actor_3,2025-02-05,way content could turn away visitor fortunately bounce rate reduced several common content problem turn user away understanding help improve content retain greatest possible audience,way content could turn away visitor fortunately bounce rate reduced several common content problem turn user away understanding help improve content retain greatest possible audience,Technology & Cyber,0.4591021790831873,"[0.38348136501224844, 0.0751335980640184, 0.08228285784054575, 0.4591021790831873]"
synthetic,actor_3,2025-02-05,warning warning kind duty warn auto repair owner manager salesperson kind responsibility damage due failure warn occur client come expertise advice,warning warning kind duty warn auto repair owner manager salesperson kind responsibility damage due failure warn occur client come expertise advice,Economy & Business,0.4944421779447751,"[0.4944421779447751, 0.26228836863999766, 0.17452126000192283, 0.06874819341330457]"
synthetic,actor_3,2025-02-05,disruption leadership implication female entrepreneurship woman entrepreneur biologically hardwired harness time tend care communal impact others choose tool wisely use social medium already changed world,disruption leadership implication female entrepreneurship woman entrepreneur biologically hardwired harness time tend care communal impact others choose tool wisely use social medium already changed world,Economy & Business,0.7407832394171772,"[0.7407832394171772, 0.09772837203243756, 0.032753208193509575, 0.1287351803568757]"
synthetic,actor_3,2025-02-05,slow recovery continues recovery continues remains weak indeed bit weaker forecast april revised forecast world growth percent april percent today headline number make thing look worse really,slow recovery continues recovery continues remains weak indeed bit weaker forecast april revised forecast world growth percent april percent today headline number make thing look worse really,Economy & Business,0.6382087608813034,"[0.6382087608813034, 0.15870447689752626, 0.14916183383636314, 0.05392492838480736]"
synthetic,actor_3,2025-02-05,lesson big business gladly taken home major corporation get bad rap medium online not hard understand many thing,lesson big business gladly taken home major corporation get bad rap medium online not hard understand many thing,Economy & Business,0.6936368541652644,"[0.6936368541652644, 0.11447233101310673, 0.10289012037746881, 0.0890006944441602]"
synthetic,actor_3,2025-02-05,victoria calbert missouri woman allegedly cashed counterfeit check walmart fake check scam rise according federal trade commission usually innocent people not store,victoria calbert missouri woman allegedly cashed counterfeit check walmart fake check scam rise according federal trade commission usually innocent people not store,Economy & Business,0.7227522737102704,"[0.7227522737102704, 0.11959850611927349, 0.13196213072696764, 0.025687089443488634]"
synthetic,actor_4,2025-02-05,tpp future u economy absolutely no doubt country face serious issue income inequality killing trade deal offer least hope better future american economy not way fix pressing problem,tpp future u economy absolutely no doubt country face serious issue income inequality killing trade deal offer least hope better future american economy not way fix pressing problem,Politics & Governance,0.5399294011129241,"[0.4104077657901068, 0.5399294011129241, 0.022871905476153195, 0.026790927620816002]"
synthetic,actor_4,2025-02-05,dagger tutankhamun tomb made iron meteorite dagger entombed king tutankhamun made iron meteorite new analysis metal composition show,dagger tutankhamun tomb made iron meteorite dagger entombed king tutankhamun made iron meteorite new analysis metal composition show,Society & Health,0.46582748716725525,"[0.06576955697212661, 0.1624218356929253, 0.46582748716725525, 0.3059811201676929]"
synthetic,actor_4,2025-02-05,almost third mass shooting death related domestic violence evidence domestic violence gun deadly mix,almost third mass shooting death related domestic violence evidence domestic violence gun deadly mix,Politics & Governance,0.899529268896791,"[0.009465947004108513, 0.899529268896791, 0.0813790032591188, 0.0096257808399817]"
synthetic,actor_4,2025-02-05,healthy travel tip europe bound traveler piece cautionary advice vacationer exploring europe summer novelty travel maintaining one health wellness become less priority traveler spend time outside remain active likely improved attitude less stress,healthy travel tip europe bound traveler piece cautionary advice vacationer exploring europe summer novelty travel maintaining one health wellness become less priority traveler spend time outside remain active likely improved attitude less stress,Society & Health,0.9569998929172199,"[0.030867459817815687, 0.009071855913045586, 0.9569998929172199, 0.00306079135191895]"
synthetic,actor_4,2025-02-05,thought sxsw company active social medium account multiple representative sxsw exception rule great thing worry many company focus use social medium sell product tool embrace community true two way fashion,thought sxsw company active social medium account multiple representative sxsw exception rule great thing worry many company focus use social medium sell product tool embrace community true two way fashion,Economy & Business,0.5039555100724866,"[0.5039555100724866, 0.02819195320215883, 0.13016163726398616, 0.3376908994613683]"
synthetic,actor_4,2025-02-05,amazon studio executive suspended harassment accusation somebody power feel imperative speak producer isa hackett say,amazon studio executive suspended harassment accusation somebody power feel imperative speak producer isa hackett say,Society & Health,0.6288640726537559,"[0.20348943517733903, 0.1108458661984224, 0.6288640726537559, 0.05680062597048272]"
synthetic,actor_4,2025-02-05,fed plan shut dakota access pipeline protest camp hundred protester dec get face prosecution,fed plan shut dakota access pipeline protest camp hundred protester dec get face prosecution,Politics & Governance,0.9409256294548805,"[0.02698904862000433, 0.9409256294548805, 0.02093297160769642, 0.011152350317418997]"
synthetic,actor_4,2025-02-05,singing sand dune sound shaped sand grain size study show video jane j lee plagued whipping desert wind sand dune signal displeasure haunting moan reverberate,singing sand dune sound shaped sand grain size study show video jane j lee plagued whipping desert wind sand dune signal displeasure haunting moan reverberate,Society & Health,0.5879739109952359,"[0.03742058905478187, 0.068004039488323, 0.5879739109952359, 0.30660146046165926]"
synthetic,actor_4,2025-02-05,time cramer short show obviously jim cramer not always wrong picked many winner overall record no better one would expect random chance,time cramer short show obviously jim cramer not always wrong picked many winner overall record no better one would expect random chance,Society & Health,0.8217957046103731,"[0.05294918556819885, 0.10067079636519252, 0.8217957046103731, 0.024584313456235518]"
synthetic,actor_4,2025-02-05,netanyahu as as although never voted living israel along majority voting israeli always counted netanyahu take protect security israeli citizen extension jew,netanyahu although never voted living israel along majority voting israeli always counted netanyahu take protect security israeli citizen extension jew,Politics & Governance,0.9716138835252397,"[0.005623414620508249, 0.9716138835252397, 0.01789958866547116, 0.004863113188780885]"
synthetic,actor_4,2025-02-05,not everyone want latest iphone remember flip phone still,not everyone want latest iphone remember flip phone still,Technology & Cyber,0.642079644234941,"[0.07660513499247029, 0.1295117860750982, 0.15180343469749044, 0.642079644234941]"
synthetic,actor_4,2025-02-05,idina menzel say karma behind donald trump rumored inauguration day problem president elect reportedly difficult time finding anyone perform big day,idina menzel say karma behind donald trump rumored inauguration day problem president elect reportedly difficult time finding anyone perform big day,Politics & Governance,0.5362919306372167,"[0.02677649235577712, 0.5362919306372167, 0.42562436312240937, 0.011307213884596778]"
synthetic,actor_4,2025-02-05,gawker medium founder face personal bankruptcy judge refused extend protection shielding nick denton liability,gawker medium founder face personal bankruptcy judge refused extend protection shielding nick denton liability,Economy & Business,0.520714775286554,"[0.520714775286554, 0.23244806461494483, 0.19590619807064907, 0.05093096202785212]"
synthetic,actor_4,2025-02-05,oscar red carpet photo see dress jewelry photo sure golden globe grammys fun oscar biggest celebs think jennifer,oscar red carpet photo see dress jewelry photo sure golden globe grammys fun oscar biggest celebs think jennifer,Society & Health,0.9998561629703608,"[6.408091932920326e-05, 1.9324235071204835e-05, 0.9998561629703608, 6.0431875238842656e-05]"
synthetic,actor_4,2025-02-05,trump terrible rocket man golf strike blt steak edition since mid republic report trump terrible ranked week disgraceful figure trump administration,trump terrible rocket man golf strike blt steak edition since mid republic report trump terrible ranked week disgraceful figure trump administration,Politics & Governance,0.981636962605303,"[0.0033767910796173046, 0.981636962605303, 0.012866124718833983, 0.0021201215962457502]"
synthetic,actor_4,2025-02-05,ambassador slammed donald trump amid uae campaign isolate qatar planet trump president yousef al otaiba wrote email election night,ambassador slammed donald trump amid uae campaign isolate qatar planet trump president yousef al otaiba wrote email election night,Politics & Governance,0.9987057203236073,"[9.65899173210617e-05, 0.9987057203236073, 0.0011001453507018012, 9.754440836991355e-05]"
synthetic,actor_4,2025-02-05,box way pad saving account healthy saving account great way start building financial foundation essential emergency fund use unexpected bill hit mailbox tragedy strike,box way pad saving account healthy saving account great way start building financial foundation essential emergency fund use unexpected bill hit mailbox tragedy strike,Economy & Business,0.8388759430540976,"[0.8388759430540976, 0.058390966504440804, 0.07366247954615451, 0.02907061089530709]"
synthetic,actor_4,2025-02-05,spotify failed miserably trying predict vma winner taylor swift,spotify failed miserably trying predict vma winner taylor swift,Society & Health,0.9067700695747438,"[0.023364565270432566, 0.05098900321253529, 0.9067700695747438, 0.018876361942288422]"
synthetic,actor_4,2025-02-05,selma anniversary nears lawmaker actually trying strengthen voting right,selma anniversary nears lawmaker actually trying strengthen voting right,Politics & Governance,0.95432916128214,"[0.014079105652569411, 0.95432916128214, 0.0228162749026946, 0.008775458162596209]"
synthetic,actor_4,2025-02-05,famous fraudsters con artist scammer merriam webster online dictionary defines fraud intentional perversion truth order induce another,famous fraudsters con artist scammer merriam webster online dictionary defines fraud intentional perversion truth order induce another,Society & Health,0.4748064082355713,"[0.18334622895959168, 0.27047023653164953, 0.4748064082355713, 0.07137712627318751]"
synthetic,actor_5,2025-02-05,new york want make easier new yorkers say piece get troubled run bureaucracy unyielding unhelpful,new york want make easier new yorkers say piece get troubled run bureaucracy unyielding unhelpful,Society & Health,0.5159271321906228,"[0.08542284663797511, 0.29511490728683404, 0.5159271321906228, 0.10353511388456804]"
synthetic,actor_5,2025-02-05,smartphone may tracking every move iphone android chance every single move make tracked location location including,smartphone may tracking every move iphone android chance every single move make tracked location location including,Technology & Cyber,0.5657883876127423,"[0.09778376663836605, 0.11155640725546928, 0.22487143849342228, 0.5657883876127423]"
synthetic,actor_5,2025-02-05,silk road dark web dream dead not long ago silk road not bustling black market drug living representation every cryptoanarchist,silk road dark web dream dead not long ago silk road not bustling black market drug living representation every cryptoanarchist,Society & Health,0.5055836796852615,"[0.10432065012976588, 0.17557236338157484, 0.5055836796852615, 0.21452330680339776]"
synthetic,actor_5,2025-02-05,dozen hearing later lawmaker pressed va dysfunction,dozen hearing later lawmaker pressed va dysfunction,Politics & Governance,0.8980547445571807,"[0.03383020684868568, 0.8980547445571807, 0.05261918807500884, 0.015495860519124698]"
synthetic,actor_5,2025-02-05,poll show want dna breakthrough worry scientist may playing god american excited possibility scientific breakthrough brought dna research new huffpost yougov,poll show want dna breakthrough worry scientist may playing god american excited possibility scientific breakthrough brought dna research new huffpost yougov,Technology & Cyber,0.7710546238004197,"[0.01823726850368009, 0.1677538136109077, 0.04295429408499246, 0.7710546238004197]"
synthetic,actor_5,2025-02-05,tampa bay thriving bakery scene photo nothing draw eye like case filled dessert mazzaro offer variety italian cooky including homemade biscotti,tampa bay thriving bakery scene photo nothing draw eye like case filled dessert mazzaro offer variety italian cooky including homemade biscotti,Society & Health,0.9578196622781606,"[0.01204699924979921, 0.01558166512935842, 0.9578196622781606, 0.014551673342681638]"
synthetic,actor_5,2025-02-05,chilling training video released militia men charged michigan gov kidnap plot sick robbed enslaved state enemy period say one suspect video,chilling training video released militia men charged michigan gov kidnap plot sick robbed enslaved state enemy period say one suspect video,Politics & Governance,0.7265364046258257,"[0.047283859078122235, 0.7265364046258257, 0.18488681820668876, 0.04129291808936348]"
synthetic,actor_5,2025-02-05,enact usa freedom act proposed act huge step forward nation effort redesign surveillance program protect privacy american citizen without sacrificing compelling need protect national security legislation signed president without delay,enact usa freedom act proposed act huge step forward nation effort redesign surveillance program protect privacy american citizen without sacrificing compelling need protect national security legislation signed president without delay,Politics & Governance,0.9618579770803742,"[0.014081469873470148, 0.9618579770803742, 0.008681600024547244, 0.015378953021608448]"
synthetic,actor_5,2025-02-05,doctor speak better care reconciliation act physician across nation deeply concerned proposed senate health care bill,doctor speak better care reconciliation act physician across nation deeply concerned proposed senate health care bill,Politics & Governance,0.9810546081242167,"[0.009622763537454051, 0.9810546081242167, 0.006897255822804645, 0.0024253725155246575]"
synthetic,actor_5,2025-02-05,relaxing ski resort retreat winter badrutt palace epitome ski world luxury resort elite time gourmet dining palace,relaxing ski resort retreat winter badrutt palace epitome ski world luxury resort elite time gourmet dining palace,Society & Health,0.9876838332996218,"[0.0033925215997788927, 0.00722324865872738, 0.9876838332996218, 0.0017003964418720015]"
synthetic,actor_5,2025-02-05,people see climate change affecting life problem heidi cullen blame changer hillary rosner according recent yale survey american believe global,people see climate change affecting life problem heidi cullen blame changer hillary rosner according recent yale survey american believe global,Politics & Governance,0.6755014781293406,"[0.12852106442260267, 0.6755014781293406, 0.05366131896288389, 0.14231613848517297]"
synthetic,actor_5,2025-02-05,beware investment pro time year pro come drove full offer rest u prediction coming year counterintuitive appreciate fact emperor no clothes pretending expertise exist,beware investment pro time year pro come drove full offer rest u prediction coming year counterintuitive appreciate fact emperor no clothes pretending expertise exist,Economy & Business,0.3316459738490435,"[0.3316459738490435, 0.26713395318394645, 0.3312505183087603, 0.06996955465824989]"
synthetic,actor_5,2025-02-05,scientist may found fix nut allergy,scientist may found fix nut allergy,Technology & Cyber,0.8581734456864846,"[0.02129337588785413, 0.08634293301678723, 0.03419024540887421, 0.8581734456864846]"
synthetic,actor_5,2025-02-05,already spent money matter much time money spent given right want continue path take different one,already spent money matter much time money spent given right want continue path take different one,Economy & Business,0.5176222289458788,"[0.5176222289458788, 0.2916587557382443, 0.15577928545936928, 0.03493972985650755]"
synthetic,actor_5,2025-02-05,comey memo trump floated idea jailing journalist make talk president wanted stop leak pouring white house,comey memo trump floated idea jailing journalist make talk president wanted stop leak pouring white house,Politics & Governance,0.9939294157361706,"[0.0016664654139988352, 0.9939294157361706, 0.003734706580212569, 0.0006694122696178808]"
synthetic,actor_5,2025-02-05,one simple change boost motivation according science simply fun play big role motivating behavior,one simple change boost motivation according science simply fun play big role motivating behavior,Technology & Cyber,0.561633168960632,"[0.10975935946537135, 0.07099294717450758, 0.2576145243994891, 0.561633168960632]"
synthetic,actor_5,2025-02-05,bank payout pinochet victim u bank said donate victim former chilean military ruler augusto pinochet regime madrid court settlement riggs bank put money special fund managed madrid based charity salvador allende foundation help abused victim bank accused illegally concealing gen pinochet asset people killed political reason gen pinochet regime official report say last month u court riggs bank pleaded guilty failing report suspicious activity relating account held gen pinochet government equatorial guinea occasion ordered pay fine gen pinochet never put trial human right violation rule despite several high profile case facing charge relating murder one chilean disappearance nine others also investigated tax evasion tax fraud embezzlement state fund general opponent rejoiced settlement agreed court spanish capital madrid lawyer victim eduardo contreras told reuters news agency demonstrates horror pinochet dictatorship not mystery anyone whole world know victim deserve reparation riggs spokesman mark hendrix said settlement detail announced next week opportunity move enables institution put matter behind u told reuters settlement follows legal complaint filed bank spanish judge baltasar garzon alleging illegally concealed asset bank agreed create fund victim charge dropped,bank payout pinochet victim u bank said donate victim former chilean military ruler augusto pinochet regime madrid court settlement riggs bank put money special fund managed madrid based charity salvador allende foundation help abused victim bank accused illegally concealing gen pinochet asset people killed political reason gen pinochet regime official report say last month u court riggs bank pleaded guilty failing report suspicious activity relating account held gen pinochet government equatorial guinea occasion ordered pay fine gen pinochet never put trial human right violation rule despite several high profile case facing charge relating murder one chilean disappearance nine others also investigated tax evasion tax fraud embezzlement state fund general opponent rejoiced settlement agreed court spanish capital madrid lawyer victim eduardo contreras told reuters news agency demonstrates horror pinochet dictatorship not mystery anyone whole world know victim deserve reparation riggs spokesman mark hendrix said settlement detail announced next week opportunity move enables institution put matter behind u told reuters settlement follows legal complaint filed bank spanish judge baltasar garzon alleging illegally concealed asset bank agreed create fund victim charge dropped,Economy & Business,0.6467301777445276,"[0.6467301777445276, 0.3260819534206022, 0.010558879394028, 0.01662898944084222]"
synthetic,actor_5,2025-02-05,north carolina proposal would ban welfare recipient buying lottery ticket north carolina lawmaker drafted legislation would ban welfare recipient people bankruptcy buying,north carolina proposal would ban welfare recipient buying lottery ticket north carolina lawmaker drafted legislation would ban welfare recipient people bankruptcy buying,Politics & Governance,0.6454148425912922,"[0.28945227161905834, 0.6454148425912922, 0.04758237502973459, 0.01755051075991489]"
synthetic,actor_5,2025-02-05,sleep study look link shut eye exam score,sleep study look link shut eye exam score,Technology & Cyber,0.5740967235516081,"[0.07486186106917314, 0.03619090283145161, 0.31485051254776714, 0.5740967235516081]"
synthetic,actor_5,2025-02-05,top college basketball senior,top college basketball senior,Society & Health,0.8159961139466168,"[0.09476827686261309, 0.06257588910211487, 0.8159961139466168, 0.026659720088655258]"
synthetic,actor_6,2025-02-05,obvious scientific discovery make shake head study published april journal plo one researcher used large national study american find,obvious scientific discovery make shake head study published april journal plo one researcher used large national study american find,Technology & Cyber,0.9173449828949153,"[0.030007770952061023, 0.03432308992595945, 0.018324156227064185, 0.9173449828949153]"
synthetic,actor_6,2025-02-05,tim roth say grandfather sexually abused dad f ing rapist,tim roth say grandfather sexually abused dad f ing rapist,Society & Health,0.7473833443276906,"[0.037678781334080716, 0.18136272197585854, 0.7473833443276906, 0.03357515236237004]"
synthetic,actor_6,2025-02-05,rush limbaugh boycott reddit twitter facebook user take part update update limbaugh issued apology saturday said part choice word not best attempt,rush limbaugh boycott reddit twitter facebook user take part update update limbaugh issued apology saturday said part choice word not best attempt,Technology & Cyber,0.4151231283731155,"[0.06081362555363015, 0.17362447365577033, 0.350438772417484, 0.4151231283731155]"
synthetic,actor_6,2025-02-05,running time,running time,Politics & Governance,0.4067093758598929,"[0.10971212840882573, 0.4067093758598929, 0.38178746684442527, 0.10179102888685612]"
synthetic,actor_6,2025-02-05,google pressing fed get driverless car road google make case congress tuesday,google pressing fed get driverless car road google make case congress tuesday,Technology & Cyber,0.8561398974651604,"[0.06653740727592747, 0.06795380028519545, 0.00936889497371674, 0.8561398974651604]"
synthetic,actor_6,2025-02-05,donald trump currently googled presidential candidate classiest successful google search ever created god,donald trump currently googled presidential candidate classiest successful google search ever created god,Politics & Governance,0.8610860864894506,"[0.03493859468390294, 0.8610860864894506, 0.06880878430277196, 0.03516653452387455]"
synthetic,actor_6,2025-02-05,tesla unveiled quickest car actually buy new battery upgrade extends range car,tesla unveiled quickest car actually buy new battery upgrade extends range car,Economy & Business,0.7088103100392905,"[0.7088103100392905, 0.04350836009405195, 0.09167089841937415, 0.15601043144728333]"
synthetic,actor_6,2025-02-05,skype type stuff trial beyond prepared like surgeon assistant best practice would dictate another set eye ear importantly technical assistant plenty college graduate not working tech savvy hire one,skype type stuff trial beyond prepared like surgeon assistant best practice would dictate another set eye ear importantly technical assistant plenty college graduate not working tech savvy hire one,Society & Health,0.4397102637426255,"[0.2032066913318498, 0.06058991440945648, 0.4397102637426255, 0.2964931305160682]"
synthetic,actor_6,2025-02-05,greatest psychologist realm human endeavor no one person ever stand clearly greater great field many great no one person ever shine brightest psychology exception charles darwin tower field,greatest psychologist realm human endeavor no one person ever stand clearly greater great field many great no one person ever shine brightest psychology exception charles darwin tower field,Society & Health,0.34124048398481704,"[0.09438656644941956, 0.26302305242316837, 0.34124048398481704, 0.301349897142595]"
synthetic,actor_6,2025-02-05,twitter may increase character limit believe ceo jack dorsey made point,twitter may increase character limit believe ceo jack dorsey made point,Technology & Cyber,0.4861769325022523,"[0.2252439987699806, 0.08351994600727607, 0.20505912272049115, 0.4861769325022523]"
synthetic,actor_6,2025-02-05,scientist learning disability okay intelligence like pretty much everything else subjective spectrum may lower average one every single area anything good job whether scientist clinician business woman,scientist learning disability okay intelligence like pretty much everything else subjective spectrum may lower average one every single area anything good job whether scientist clinician business woman,Technology & Cyber,0.5693907005464275,"[0.2861302911818125, 0.09064943419514444, 0.053829574076615504, 0.5693907005464275]"
synthetic,actor_6,2025-02-05,consumer still consumer think call consumer anymore sure consume product much important u participate brand keeping vital relevant life make brand well brand,consumer still consumer think call consumer anymore sure consume product much important u participate brand keeping vital relevant life make brand well brand,Economy & Business,0.9055959547368228,"[0.9055959547368228, 0.009965526246959323, 0.06376303918611638, 0.02067547983010157]"
synthetic,actor_6,2025-02-05,alan alda stony brook university center communicating science aim satisfy kid curiosity would willing go writing explanation flame one year old would find,alan alda stony brook university center communicating science aim satisfy kid curiosity would willing go writing explanation flame one year old would find,Technology & Cyber,0.44992859508880323,"[0.0827963932660031, 0.20666912685499977, 0.2606058847901938, 0.44992859508880323]"
synthetic,actor_6,2025-02-05,watch cargo ship blast supply space station,watch cargo ship blast supply space station,Technology & Cyber,0.704578653392948,"[0.03279916530025209, 0.10207267727531164, 0.1605495040314883, 0.704578653392948]"
synthetic,actor_6,2025-02-05,linkedin user might want change password asap bad,linkedin user might want change password asap bad,Technology & Cyber,0.402787783408412,"[0.2901936786077324, 0.20058100060261044, 0.10643753738124531, 0.402787783408412]"
synthetic,actor_6,2025-02-05,complicated traveling relationship realized also alone co dependency everywhere went saw traveler massive camera dangling around neck snapping photo photo photo seemingly disengaged experience obsessed remembering,complicated traveling relationship realized also alone co dependency everywhere went saw traveler massive camera dangling around neck snapping photo photo photo seemingly disengaged experience obsessed remembering,Society & Health,0.9922913937464588,"[0.002263153207088541, 0.0019344537550796607, 0.9922913937464588, 0.003510999291372998]"
synthetic,actor_6,2025-02-05,orbiting pac man may help solve space junk problem video game inspired spacecraft could catch space debris one big chomp,orbiting pac man may help solve space junk problem video game inspired spacecraft could catch space debris one big chomp,Technology & Cyber,0.9830946429763748,"[0.005174436768694576, 0.0031860906232246563, 0.00854482963170589, 0.9830946429763748]"
synthetic,actor_6,2025-02-05,like mike court bill james classroom generation ago young player across country shooting layup tongue waggling air simply like mike mathematical classroom similar role playing enhance learning rather like mike let see like bill james,like mike court bill james classroom generation ago young player across country shooting layup tongue waggling air simply like mike mathematical classroom similar role playing enhance learning rather like mike let see like bill james,Politics & Governance,0.46041316406296756,"[0.04145480841424475, 0.46041316406296756, 0.4095580529072517, 0.0885739746155359]"
synthetic,actor_6,2025-02-05,trump anti extremism proposal could alienate muslim cut fund fight white nationalist not exactly win win,trump anti extremism proposal could alienate muslim cut fund fight white nationalist not exactly win win,Politics & Governance,0.9764367315743215,"[0.005214354580230064, 0.9764367315743215, 0.015946221056594604, 0.002402692788853773]"
synthetic,actor_6,2025-02-05,mar rover curiosity update self portrait new image released first destination announced photo nasa friday released latest image sent back mar rover curiosity including high resolution self portrait,mar rover curiosity update self portrait new image released first destination announced photo nasa friday released latest image sent back mar rover curiosity including high resolution self portrait,Technology & Cyber,0.7568595584982396,"[0.026811612768807443, 0.03442153255906194, 0.1819072961738911, 0.7568595584982396]"
synthetic,actor_7,2025-02-05,software fatal uber crash reportedly recognized woman ignored first kind accident killed pedestrian arizona earlier year,software fatal uber crash reportedly recognized woman ignored first kind accident killed pedestrian arizona earlier year,Politics & Governance,0.37927207886619557,"[0.12200662208706947, 0.37927207886619557, 0.19587941281885107, 0.3028418862278838]"
synthetic,actor_7,2025-02-05,open wallet amazing item week cheap celeb find week many lister great ensemble though load red carpet event,open wallet amazing item week cheap celeb find week many lister great ensemble though load red carpet event,Society & Health,0.9350087337182423,"[0.0320371403562552, 0.017179319071750566, 0.9350087337182423, 0.01577480685375198]"
synthetic,actor_7,2025-02-05,student loan borrower struggle co signer die go bankrupt,student loan borrower struggle co signer die go bankrupt,Economy & Business,0.5753929348549236,"[0.5753929348549236, 0.25876074830766077, 0.13964000515403646, 0.026206311683379117]"
synthetic,actor_7,2025-02-05,real life place behind favorite desktop background revealed always thought umm mount fuji actually mount rainier washington state major glacier,real life place behind favorite desktop background revealed always thought umm mount fuji actually mount rainier washington state major glacier,Society & Health,0.7928946796780155,"[0.03162541076662819, 0.1561091927253577, 0.7928946796780155, 0.019370716829998604]"
synthetic,actor_7,2025-02-05,open letter dylan farrow favorite woody allen movie answer know seven year old woody allen took,open letter dylan farrow favorite woody allen movie answer know seven year old woody allen took,Society & Health,0.9709027176902192,"[0.007911771351298568, 0.014384245591337445, 0.9709027176902192, 0.006801265367144762]"
synthetic,actor_7,2025-02-05,medical marijuana patient facing prison growing pot cancer,medical marijuana patient facing prison growing pot cancer,Politics & Governance,0.9094301221386454,"[0.05156731472510243, 0.9094301221386454, 0.023606182789784446, 0.015396380346467831]"
synthetic,actor_7,2025-02-05,way save cash day ball drop day christmas mean lot different thing lot different people obligatory gift return post christmas sale pouring last eggnog coffee end holiday music public space public airwave,way save cash day ball drop day christmas mean lot different thing lot different people obligatory gift return post christmas sale pouring last eggnog coffee end holiday music public space public airwave,Society & Health,0.43818338204520924,"[0.33294031986561184, 0.05876384348834459, 0.43818338204520924, 0.1701124546008344]"
synthetic,actor_7,2025-02-05,ben carson suggests obama iran deal anti semitic expressing eagerness weigh matter economy foreign policy gop presidential candidate ben,ben carson suggests obama iran deal anti semitic expressing eagerness weigh matter economy foreign policy gop presidential candidate ben,Politics & Governance,0.9978377676001466,"[0.0015967027940810995, 0.9978377676001466, 0.0002831122238771909, 0.0002824173818951408]"
synthetic,actor_7,2025-02-05,michigan ohio state pregame player get others face game video even though team usually fired annual rivalry matchup perhaps player fueled ohio state,michigan ohio state pregame player get others face game video even though team usually fired annual rivalry matchup perhaps player fueled ohio state,Society & Health,0.8707482398890558,"[0.04501425347658389, 0.05440140910737303, 0.8707482398890558, 0.02983609752698722]"
synthetic,actor_7,2025-02-05,apple new iphone se next big thing small,apple new iphone se next big thing small,Technology & Cyber,0.8572252248948615,"[0.05707069710997895, 0.04022942927712551, 0.045474648718034145, 0.8572252248948615]"
synthetic,actor_7,2025-02-05,renter mostly screwed one city actually affordable ditch unaffordable apartment move de moines,renter mostly screwed one city actually affordable ditch unaffordable apartment move de moines,Society & Health,0.47369060306666716,"[0.2720192338268047, 0.22392682601194866, 0.47369060306666716, 0.030363337094579595]"
synthetic,actor_7,2025-02-05,keira knightley get caught storm red carpet,keira knightley get caught storm red carpet,Society & Health,0.8363650335811882,"[0.046933894782193494, 0.08081021727447069, 0.8363650335811882, 0.035890854362147694]"
synthetic,actor_7,2025-02-05,brown star trouble,brown star trouble,Society & Health,0.9584513816648109,"[0.005339785039011021, 0.023654543787550285, 0.9584513816648109, 0.012554289508627723]"
synthetic,actor_7,2025-02-05,nick cannon still not ready date split mariah carey figured yet,nick cannon still not ready date split mariah carey figured yet,Society & Health,0.9085525526822712,"[0.02004838700667367, 0.058240681506762364, 0.9085525526822712, 0.013158378804292815]"
synthetic,actor_7,2025-02-05,city escape calm mind winter live atlanta escape rome georgia nestled foothill appalachian mountain,city escape calm mind winter live atlanta escape rome georgia nestled foothill appalachian mountain,Society & Health,0.9251550102664449,"[0.010193544467082519, 0.05179362210420951, 0.9251550102664449, 0.012857823162263061]"
synthetic,actor_7,2025-02-05,lindsey vonn tweet fierce war cry likely last olympic downhill race count,lindsey vonn tweet fierce war cry likely last olympic downhill race count,Society & Health,0.680974510225178,"[0.02958254319943354, 0.2736494697030152, 0.680974510225178, 0.015793476872373455]"
synthetic,actor_7,2025-02-05,voting official fed donald trump talk rigged election say virtually impossible gop nominee wasting time,voting official fed donald trump talk rigged election say virtually impossible gop nominee wasting time,Politics & Governance,0.9945433482918198,"[0.0014769391682154913, 0.9945433482918198, 0.0033414809985906984, 0.0006382315413738395]"
synthetic,actor_7,2025-02-05,tropical island resort caribbean getaway inside german aircraft hangar life give aircraft hangar make indoor tropical island oh let not forget tropical sea size,tropical island resort caribbean getaway inside german aircraft hangar life give aircraft hangar make indoor tropical island oh let not forget tropical sea size,Society & Health,0.910640158112241,"[0.013101923455226488, 0.062410068207893736, 0.910640158112241, 0.01384785022463869]"
synthetic,actor_7,2025-02-05,world record holding sky diver talk free fall foot reached mile per hour altimeter wrist unwinding rapidly no sense speed,world record holding sky diver talk free fall foot reached mile per hour altimeter wrist unwinding rapidly no sense speed,Society & Health,0.6820935669893416,"[0.05507915806379837, 0.12823210979169586, 0.6820935669893416, 0.1345951651551642]"
synthetic,actor_7,2025-02-05,friend theme song performed favorite film character no one told gon na sung way,friend theme song performed favorite film character no one told gon na sung way,Society & Health,0.9897035433488801,"[0.003455763834446293, 0.0036996053300219797, 0.9897035433488801, 0.0031410874866516446]"
synthetic,actor_8,2025-02-05,ikea new free food deal powerful psychology behind end fascinating customer may completely aware ikea deal manipulate may fine anyway,ikea new free food deal powerful psychology behind end fascinating customer may completely aware ikea deal manipulate may fine anyway,Economy & Business,0.6002907736483083,"[0.6002907736483083, 0.06311840358796651, 0.120709528114822, 0.2158812946489032]"
synthetic,actor_8,2025-02-05,labor group encourages green card holder become citizen,labor group encourages green card holder become citizen,Politics & Governance,0.7144763288516975,"[0.11857795286300175, 0.7144763288516975, 0.14347137900982837, 0.023474339275472465]"
synthetic,actor_8,2025-02-05,retired research chimp really enjoying new home,retired research chimp really enjoying new home,Technology & Cyber,0.5525044182165529,"[0.07583165215634148, 0.13656651166256914, 0.2350974179645364, 0.5525044182165529]"
synthetic,actor_8,2025-02-05,social science could help build better kony campaign kony story raise concern viral activism bringing awareness righteous cause may fact fail produce action social scientist studied tension decade research shed light viral campaign activism work,social science could help build better kony campaign kony story raise concern viral activism bringing awareness righteous cause may fact fail produce action social scientist studied tension decade research shed light viral campaign activism work,Technology & Cyber,0.8453836795815518,"[0.07077367006450393, 0.07914304758394965, 0.004699602769994608, 0.8453836795815518]"
synthetic,actor_8,2025-02-05,julia louis dreyfus golden globe dress see red carpet look photo want sure check huffpost style twitter facebook tumblr pinterest instagram huffpoststyle,julia louis dreyfus golden globe dress see red carpet look photo want sure check huffpost style twitter facebook tumblr pinterest instagram huffpoststyle,Society & Health,0.998860171810094,"[0.000219749890374075, 0.00022109497361953845, 0.998860171810094, 0.0006989833259124108]"
synthetic,actor_8,2025-02-05,unfair country woman wall st according recently available data yemeni woman pakistani woman literate compared,unfair country woman wall st according recently available data yemeni woman pakistani woman literate compared,Economy & Business,0.8927523966719983,"[0.8927523966719983, 0.04787243833186849, 0.046053166825787056, 0.01332199817034598]"
synthetic,actor_8,2025-02-05,not like food tv training woman leader culinary entrepreneurship end matter food prepared male female chef long best meal,not like food tv training woman leader culinary entrepreneurship end matter food prepared male female chef long best meal,Economy & Business,0.48724232531597184,"[0.48724232531597184, 0.10612621654770854, 0.34221845904594994, 0.06441299909036981]"
synthetic,actor_8,2025-02-05,carly fiorina exceptional one particular way want high powered job woman share goal,carly fiorina exceptional one particular way want high powered job woman share goal,Economy & Business,0.5649966575302775,"[0.5649966575302775, 0.18365469770993623, 0.19238785775331538, 0.05896078700647094]"
synthetic,actor_8,2025-02-05,stuffed elk head old bar rust belt photo old shot beer joint mainstay nearly rust belt mill town place yang factory yin big part many mill worker daily routine,stuffed elk head old bar rust belt photo old shot beer joint mainstay nearly rust belt mill town place yang factory yin big part many mill worker daily routine,Society & Health,0.8403896673496287,"[0.07219805928368259, 0.06825559260534379, 0.8403896673496287, 0.01915668076134478]"
synthetic,actor_8,2025-02-05,leave home go shopping regret leave home go shopping summer jennifer boaro prefers strategy put credit card,leave home go shopping regret leave home go shopping summer jennifer boaro prefers strategy put credit card,Economy & Business,0.5814370496894888,"[0.5814370496894888, 0.0409636066922599, 0.36026791337251673, 0.017331430245734504]"
synthetic,actor_8,2025-02-05,first ever full color image pluto,first ever full color image pluto,Society & Health,0.4501845032478593,"[0.020009959762778747, 0.14975374692157067, 0.4501845032478593, 0.3800517900677913]"
synthetic,actor_8,2025-02-05,alexander wang spring collection get animated fashion gif day photo week fashgif take sexy white dress alexander wang spring collection cut out,alexander wang spring collection get animated fashion gif day photo week fashgif take sexy white dress alexander wang spring collection cut,Society & Health,0.9906860782049834,"[0.0025568376813809323, 0.0046686766182862825, 0.9906860782049834, 0.0020884074953492955]"
synthetic,actor_8,2025-02-05,australia join hunt alien huge dish telescope find unless actually look,australia join hunt alien huge dish telescope find unless actually look,Technology & Cyber,0.40295511410768803,"[0.05449986927367979, 0.164837125808446, 0.3777078908101863, 0.40295511410768803]"
synthetic,actor_8,2025-02-05,apple name jeff williams new coo tech giant also appointed new senior vice president hardware technology,apple name jeff williams new coo tech giant also appointed new senior vice president hardware technology,Technology & Cyber,0.8596282989393356,"[0.07038073867332348, 0.02527959749470426, 0.044711364892636656, 0.8596282989393356]"
synthetic,actor_8,2025-02-05,planet around red dwarf star may face water trapping phenomenon hold clue alien life aerial view front aialik glacier flowing harding icefield kenai peninsula alaska menou,planet around red dwarf star may face water trapping phenomenon hold clue alien life aerial view front aialik glacier flowing harding icefield kenai peninsula alaska menou,Technology & Cyber,0.5298813477410729,"[0.0292800442724059, 0.09857953999398754, 0.34225906799253375, 0.5298813477410729]"
synthetic,actor_8,2025-02-05,congratulation army secretary jared kushner hi hi hey another army secretary way,congratulation army secretary jared kushner hi hi hey another army secretary way,Politics & Governance,0.9281753928556895,"[0.011317711414495338, 0.9281753928556895, 0.048957718320585014, 0.011549177409229954]"
synthetic,actor_8,2025-02-05,trump doctor dismisses question mental stability stress excellent health white house doctor ronny jackson really really want everyone know trump stamen impressive,trump doctor dismisses question mental stability stress excellent health white house doctor ronny jackson really really want everyone know trump stamen impressive,Politics & Governance,0.9282648211892481,"[0.007947587152518027, 0.9282648211892481, 0.06058451239879475, 0.0032030792594392216]"
synthetic,actor_8,2025-02-05,deadly waiting game syrian refugee syrian waiting everywhere waiting next airstrike waiting cross another border waiting smuggler call back say room rubber dinghy worse sail waiting rescued middle sea waiting die starvation,deadly waiting game syrian refugee syrian waiting everywhere waiting next airstrike waiting cross another border waiting smuggler call back say room rubber dinghy worse sail waiting rescued middle sea waiting die starvation,Politics & Governance,0.774823541802408,"[0.017183615023652708, 0.774823541802408, 0.1800418444966015, 0.02795099867733785]"
synthetic,actor_8,2025-02-05,four force facing global economy behind number lie unusually complex set force shaping world economy decline price oil evolution exchange rate highly visible crisis legacy lower potential growth play behind scene role important nevertheless let briefly review,four force facing global economy behind number lie unusually complex set force shaping world economy decline price oil evolution exchange rate highly visible crisis legacy lower potential growth play behind scene role important nevertheless let briefly review,Economy & Business,0.7367890303613797,"[0.7367890303613797, 0.21121515090432255, 0.025511599602687972, 0.026484219131609893]"
synthetic,actor_8,2025-02-05,important symbol investor dol right decision dol help stop rip k participant wolf sheep clothing misuse privileged position adviser k plan make unconscionable profit expense employee long overdue,important symbol investor dol right decision dol help stop rip k participant wolf sheep clothing misuse privileged position adviser k plan make unconscionable profit expense employee long overdue,Economy & Business,0.6553179429601295,"[0.6553179429601295, 0.20041965406393178, 0.11349671893256888, 0.030765684043369882]"
synthetic,actor_1,2025-02-12,influencer week cancer conquering super bowl linebacker doctor hoped redefine atlantic coast conference defensive player year mark herzlich cancer survivor,influencer week cancer conquering super bowl linebacker doctor hoped redefine atlantic coast conference defensive player year mark herzlich cancer survivor,Society & Health,0.7063766276145192,"[0.09900861056805914, 0.1431486698808367, 0.7063766276145192, 0.05146609193658486]"
synthetic,actor_1,2025-02-12,reason shop h nothing fashion one nine major company least percent woman leadership,reason shop h nothing fashion one nine major company least percent woman leadership,Economy & Business,0.616596439769375,"[0.616596439769375, 0.03515379606230499, 0.32571388455910505, 0.022535879609215135]"
synthetic,actor_1,2025-02-12,many good mortgage loan not made housing sector today not providing economic stimulus come expect period economic recovery major reason underwriting rule practice much stricter today financial crisis,many good mortgage loan not made housing sector today not providing economic stimulus come expect period economic recovery major reason underwriting rule practice much stricter today financial crisis,Economy & Business,0.9241197712385174,"[0.9241197712385174, 0.05720277023527771, 0.01302256792682412, 0.005654890599380742]"
synthetic,actor_1,2025-02-12,russia get investment blessing soaring oil sale budget surplus mean russian debt no longer risky investment one world leading credit rating agency say standard poor classed russian bond investment grade former speculative rating russia reputation among investor hurt recent month heavy tax bill asset seizure imposed company oil giant yukos p said solidity government finance outweighed risk russia net creditor rather debtor gold foreign currency reserve bn beat foreign public debt bn two major rating agency fitch moody long since upped rating russia sovereign debt p held back fear government dragging foot economic legal reform though finally followed suit agency made clear improved rating not mean risk thing past instead russian government coffer brimming tax revenue energy sale p said government debt looking good bet improvement significant outweight serious growing political risk continues key rating constraint russia wrote p credit analyst helena hessel yukos saga high profile political risk m hessel alludes company founder ex chief executive mikhail khodorkovsky jail trial tax evasion fraud many believe real motive prosecution threatened use wealth set political alternative president vladimir putin company meanwhile widely believed fallen victim kremlin wish get russian energy resource far possible back state control,russia get investment blessing soaring oil sale budget surplus mean russian debt no longer risky investment one world leading credit rating agency say standard poor classed russian bond investment grade former speculative rating russia reputation among investor hurt recent month heavy tax bill asset seizure imposed company oil giant yukos p said solidity government finance outweighed risk russia net creditor rather debtor gold foreign currency reserve bn beat foreign public debt bn two major rating agency fitch moody long since upped rating russia sovereign debt p held back fear government dragging foot economic legal reform though finally followed suit agency made clear improved rating not mean risk thing past instead russian government coffer brimming tax revenue energy sale p said government debt looking good bet improvement significant outweight serious growing political risk continues key rating constraint russia wrote p credit analyst helena hessel yukos saga high profile political risk hessel alludes company founder ex chief executive mikhail khodorkovsky jail trial tax evasion fraud many believe real motive prosecution threatened use wealth set political alternative president vladimir putin company meanwhile widely believed fallen victim kremlin wish get russian energy resource far possible back state control,Economy & Business,0.8983261730714235,"[0.8983261730714235, 0.09964524926311183, 0.00019414838268115993, 0.0018344292827833536]"
synthetic,actor_1,2025-02-12,june job report upside surprise report positive revision whiff increased labor force participation bit pop wage suggests not improving job market one improving bit faster thought,june job report upside surprise report positive revision whiff increased labor force participation bit pop wage suggests not improving job market one improving bit faster thought,Economy & Business,0.7498499987465815,"[0.7498499987465815, 0.15228338407227632, 0.06532941424195937, 0.032537202939182885]"
synthetic,actor_1,2025-02-12,giving bank lent ash wednesday church san francisco announced removing million well fargo called bank put immediate freeze foreclosure repent misconduct effort part several national campaign get consumer community group remove money big bank transfer account credit union smaller financial institution told bank desperate thrown lifeline taxpayer stronger better able weather crisis yet continue scream protest lobby capitol hill ignominy reform simple greed hey bank giving lent,giving bank lent ash wednesday church san francisco announced removing million well fargo called bank put immediate freeze foreclosure repent misconduct effort part several national campaign get consumer community group remove money big bank transfer account credit union smaller financial institution told bank desperate thrown lifeline taxpayer stronger better able weather crisis yet continue scream protest lobby capitol hill ignominy reform simple greed hey bank giving lent,Economy & Business,0.9351172362441136,"[0.9351172362441136, 0.060161964598555544, 0.001130932431368653, 0.003589866725962135]"
synthetic,actor_1,2025-02-12,greatest job title history mankind photo find rest collection world wide interweb see lot great job simply,greatest job title history mankind photo find rest collection world wide interweb see lot great job simply,Society & Health,0.6776788901190495,"[0.20081150547291143, 0.07273886430429317, 0.6776788901190495, 0.04877074010374592]"
synthetic,actor_1,2025-02-12,growing discount airline learn hard way leave worker behind,growing discount airline learn hard way leave worker behind,Economy & Business,0.8224779648292847,"[0.8224779648292847, 0.05358010920309094, 0.10968540021101074, 0.014256525756613347]"
synthetic,actor_1,2025-02-12,united state need ladenschlussgesetz u never prohibit store opening sunday past thanksgiving feel scale tipped away holding anything sacred even special,united state need ladenschlussgesetz u never prohibit store opening sunday past thanksgiving feel scale tipped away holding anything sacred even special,Society & Health,0.4097166013771149,"[0.3272453519118436, 0.23224614223298592, 0.4097166013771149, 0.03079190447805568]"
synthetic,actor_1,2025-02-12,way impress mortgage lender cfpb new ability repay rule lender still leery real estate crash best show mortgage lender handle home loan,way impress mortgage lender cfpb new ability repay rule lender still leery real estate crash best show mortgage lender handle home loan,Economy & Business,0.8807503487958602,"[0.8807503487958602, 0.01846899164157162, 0.08946409080201032, 0.011316568760557585]"
synthetic,actor_1,2025-02-12,best paying job high school graduate,best paying job high school graduate,Economy & Business,0.6321936377183456,"[0.6321936377183456, 0.10941435246448578, 0.23625790089515294, 0.022134108922015585]"
synthetic,actor_1,2025-02-12,reposition restrategize reinvent tip new age professional certainly fact world changing every day new development technology society rewrite guideline interact family colleague customer,reposition restrategize reinvent tip new age professional certainly fact world changing every day new development technology society rewrite guideline interact family colleague customer,Economy & Business,0.6750964754642451,"[0.6750964754642451, 0.06909714518403781, 0.15180405585588053, 0.10400232349583652]"
synthetic,actor_1,2025-02-12,state widest gap rich poor,state widest gap rich poor,Politics & Governance,0.5816107610678586,"[0.3143089747538445, 0.5816107610678586, 0.08564055912352109, 0.01843970505477589]"
synthetic,actor_1,2025-02-12,troubled marsh sec scrutiny u stock market regulator investigating troubled insurance broker marsh mclennan shareholder transaction firm said security exchange commission asked information transaction involving holder firm share marsh said co operating fully sec investigation marsh also focus inquiry new york attorney general whether insurer rigged market since inquiry launched october marsh replaced chief executive held boardroom shake meet criticism lessening number company executive board prosecutor allege marsh world biggest insurance broker u insurance firm may fixed bid corporate cover issue heart inquiry new york top law officer eliot spitzer separate prosecution five insurer state california sec investigation called related party transaction includes dealing trident fund managed mmc capital company private equity firm marsh new chief executive michael cherkasky trying negotiate settlement mr spitzer mr spitzer built reputation fierce critic campaigner corporate america misdeed uncertainty unleashed scandal prompted three credit rating agency standard poor moody fitch downgrade marsh recent week according financial time insurance analyst questioning whether marsh able maintain strong record earning growth draw forecast first quarter next year doubt also exist much company may pay regulator lawyer put scandal behind,troubled marsh sec scrutiny u stock market regulator investigating troubled insurance broker marsh mclennan shareholder transaction firm said security exchange commission asked information transaction involving holder firm share marsh said co operating fully sec investigation marsh also focus inquiry new york attorney general whether insurer rigged market since inquiry launched october marsh replaced chief executive held boardroom shake meet criticism lessening number company executive board prosecutor allege marsh world biggest insurance broker u insurance firm may fixed bid corporate cover issue heart inquiry new york top law officer eliot spitzer separate prosecution five insurer state california sec investigation called related party transaction includes dealing trident fund managed mmc capital company private equity firm marsh new chief executive michael cherkasky trying negotiate settlement mr spitzer mr spitzer built reputation fierce critic campaigner corporate america misdeed uncertainty unleashed scandal prompted three credit rating agency standard poor moody fitch downgrade marsh recent week according financial time insurance analyst questioning whether marsh able maintain strong record earning growth draw forecast first quarter next year doubt also exist much company may pay regulator lawyer put scandal behind,Economy & Business,0.9784578661216051,"[0.9784578661216051, 0.014917929750765493, 0.0010238206863224491, 0.00560038344130698]"
synthetic,actor_1,2025-02-12,paving growth path thanks pair pant made bold move save enough money buy something without realizing raised gold standard new gold standard come two scary question next else want,paving growth path thanks pair pant made bold move save enough money buy something without realizing raised gold standard new gold standard come two scary question next else want,Economy & Business,0.553494530346665,"[0.553494530346665, 0.07413030464049666, 0.3118400966972459, 0.06053506831559242]"
synthetic,actor_1,2025-02-12,time boost retirement saving dramatically consider scary statistic four family headed someone age nothing set aside old age,time boost retirement saving dramatically consider scary statistic four family headed someone age nothing set aside old age,Economy & Business,0.5313278505704071,"[0.5313278505704071, 0.05404622793270113, 0.3712740876507898, 0.043351833846102035]"
synthetic,actor_1,2025-02-12,glenn hubbard naive think fed stimulus solve job crisis would much comfortable fact congress would take burden u address issue bernanke,glenn hubbard naive think fed stimulus solve job crisis would much comfortable fact congress would take burden u address issue bernanke,Economy & Business,0.512493791815724,"[0.512493791815724, 0.31656256273363786, 0.12558548168631428, 0.04535816376432384]"
synthetic,actor_1,2025-02-12,program getting veteran home sure va loan best fit every military borrower veteran sterling credit enough cash cover healthy payment might want seek conventional financing far norm service member family,program getting veteran home sure va loan best fit every military borrower veteran sterling credit enough cash cover healthy payment might want seek conventional financing far norm service member family,Economy & Business,0.5631780171369689,"[0.5631780171369689, 0.32034941976380854, 0.09636067715036671, 0.020111885948855913]"
synthetic,actor_1,2025-02-12,executive onboarding subordinate perspective everything communicates everything new leader say say new leader get many miss unintended consequence say say people think not directly affected,executive onboarding subordinate perspective everything communicates everything new leader say say new leader get many miss unintended consequence say say people think not directly affected,Economy & Business,0.3877203587974964,"[0.3877203587974964, 0.3527764457192201, 0.1797863707946317, 0.07971682468865185]"
synthetic,actor_1,2025-02-12,clue entrepreneur head entrepreneur find head least percent time probably not pushing limit not taking enough risk probably not working idea worth challenge know ask help not let bravado ego mask anxiety,clue entrepreneur head entrepreneur find head least percent time probably not pushing limit not taking enough risk probably not working idea worth challenge know ask help not let bravado ego mask anxiety,Economy & Business,0.6334836854832919,"[0.6334836854832919, 0.19696342598073147, 0.0967988981176839, 0.0727539904182928]"
synthetic,actor_2,2025-02-12,apparently place hell woman help actually pretty screwed new study find,apparently place hell woman help actually pretty screwed new study find,Society & Health,0.3492713774511773,"[0.16152599945132023, 0.14486412818049388, 0.3492713774511773, 0.3443384949170086]"
synthetic,actor_2,2025-02-12,avoid debt collector nightmare debt collector calling right debt collector must tell within five day initial contact,avoid debt collector nightmare debt collector calling right debt collector must tell within five day initial contact,Economy & Business,0.6256625311547236,"[0.6256625311547236, 0.17238065809799963, 0.1766666165034143, 0.025290194243862616]"
synthetic,actor_2,2025-02-12,u insurer marsh cut job job go u insurance broker marsh mclennan shake following bigger expected loss insurer said cut part cost cutting drive aimed saving million dollar marsh posted loss last three month profit year blamed payout settle price rigging lawsuit brought new york attorney general elliot spitzer settlement announced january marsh took pre tax charge october december quarter top charge previous quarter clearly difficult year mmc financial history marsh chief executive michael cherkasky said ongoing restructuring drive group also led hit fourth quarter world biggest insurer said analyst expect latest round cut focus brokerage unit employ staff latest layoff take total number job go firm expected lead annual saving part effort cut cost company said halving dividend payment cent share cent move enable save looking ahead mr cherkasky forecast profitable growth year ahead operating margin upper teen opportunity margin expansion meanwhile company also announced would spin mmc capital private equity unit manages bn trident fund operation group employee marsh not say move would take place said signed letter intent insurer hit headline october last year faced accusation price rigging new york attorney general elliot spitzer sued company accusing receiving illegal payment steer client selected firm well rigging bid fixing price january marsh agreed pay settle suit figure line placement fee collected agreed change business practice february former senior executive pleaded guilty criminal charge wide ranging probe fraud bid rigging insurance industry january former senior vice president also pleaded guilty criminal charge related investigation effort reform business practises marsh said already introduced new leadership new compliance procedure new way dealing customer result ready put matter behind u move ahead restore trust client placed u rebuild shareholder value mr cherkasky said,u insurer marsh cut job job go u insurance broker marsh mclennan shake following bigger expected loss insurer said cut part cost cutting drive aimed saving million dollar marsh posted loss last three month profit year blamed payout settle price rigging lawsuit brought new york attorney general elliot spitzer settlement announced january marsh took pre tax charge october december quarter top charge previous quarter clearly difficult year mmc financial history marsh chief executive michael cherkasky said ongoing restructuring drive group also led hit fourth quarter world biggest insurer said analyst expect latest round cut focus brokerage unit employ staff latest layoff take total number job go firm expected lead annual saving part effort cut cost company said halving dividend payment cent share cent move enable save looking ahead mr cherkasky forecast profitable growth year ahead operating margin upper teen opportunity margin expansion meanwhile company also announced would spin mmc capital private equity unit manages bn trident fund operation group employee marsh not say move would take place said signed letter intent insurer hit headline october last year faced accusation price rigging new york attorney general elliot spitzer sued company accusing receiving illegal payment steer client selected firm well rigging bid fixing price january marsh agreed pay settle suit figure line placement fee collected agreed change business practice february former senior executive pleaded guilty criminal charge wide ranging probe fraud bid rigging insurance industry january former senior vice president also pleaded guilty criminal charge related investigation effort reform business practises marsh said already introduced new leadership new compliance procedure new way dealing customer result ready put matter behind u move ahead restore trust client placed u rebuild shareholder value mr cherkasky said,Economy & Business,0.9921003183659951,"[0.9921003183659951, 0.004983601317661492, 0.0003353118371024436, 0.0025807684792406955]"
synthetic,actor_2,2025-02-12,people fail cash dream idea better question asking quality idea asking quality plan cash idea,people fail cash dream idea better question asking quality idea asking quality plan cash idea,Economy & Business,0.6255945910083749,"[0.6255945910083749, 0.18906935326833554, 0.11320284581338984, 0.07213320990989971]"
synthetic,actor_2,2025-02-12,parent plus loan take retirement let not allow perceived hopelessness situation fester lead debilitating anxiety deep depression,parent plus loan take retirement let not allow perceived hopelessness situation fester lead debilitating anxiety deep depression,Economy & Business,0.49508579045038653,"[0.49508579045038653, 0.15296878329394156, 0.2857705062361837, 0.06617492001948816]"
synthetic,actor_2,2025-02-12,thing entrepreneur differently mere mortal entrepreneurship path people ability pursue stick challenge entrepreneurship go beyond simple day day task even skill required achieve success,thing entrepreneur differently mere mortal entrepreneurship path people ability pursue stick challenge entrepreneurship go beyond simple day day task even skill required achieve success,Economy & Business,0.8450346137475596,"[0.8450346137475596, 0.057577743400542516, 0.06372530603820489, 0.033662336813692954]"
synthetic,actor_2,2025-02-12,cashing customer laziness win retail great value offer cost entry edge convenience real differentiator call leveraging laziness watch shopper gravitate towards,cashing customer laziness win retail great value offer cost entry edge convenience real differentiator call leveraging laziness watch shopper gravitate towards,Economy & Business,0.585176090356839,"[0.585176090356839, 0.10459379823505585, 0.2499418533474748, 0.0602882580606303]"
synthetic,actor_2,2025-02-12,secret great communicator,secret great communicator,Society & Health,0.6682922174988286,"[0.09600460220350653, 0.1911810448287926, 0.6682922174988286, 0.04452213546887225]"
synthetic,actor_2,2025-02-12,cyprus bank tax fallout country compensate saver president say cypriot bank depositor required forfeit part saving deal brokered euro zone finance minister,cyprus bank tax fallout country compensate saver president say cypriot bank depositor required forfeit part saving deal brokered euro zone finance minister,Economy & Business,0.939450358798349,"[0.939450358798349, 0.04533334796137292, 0.011685859426008634, 0.0035304338142692483]"
synthetic,actor_2,2025-02-12,google embracing team work workplace wellness tech giant released new research tuesday building productive cohesive team,google embracing team work workplace wellness tech giant released new research tuesday building productive cohesive team,Economy & Business,0.5936006756029831,"[0.5936006756029831, 0.02561064961853345, 0.024906818348463023, 0.3558818564300204]"
synthetic,actor_2,2025-02-12,step star employee thing right start help avoid ax give firm foothold workplace position hire honing attribute also help spot quality winner come work,step star employee thing right start help avoid ax give firm foothold workplace position hire honing attribute also help spot quality winner come work,Economy & Business,0.8107982613158072,"[0.8107982613158072, 0.017342076129895776, 0.12482977052596696, 0.04702989202833001]"
synthetic,actor_2,2025-02-12,ukraine insider oligarch derail maidan revolution midst war heightened nationalism ukraine many demonstrator participated protest maidan square one year ago gripped profound sense shock wonder happened country,ukraine insider oligarch derail maidan revolution midst war heightened nationalism ukraine many demonstrator participated protest maidan square one year ago gripped profound sense shock wonder happened country,Politics & Governance,0.9206806420800433,"[0.03426812736891933, 0.9206806420800433, 0.03669325304099054, 0.008357977510046828]"
synthetic,actor_2,2025-02-12,group brainstorming waste time brainstorming continues used feel intuitively right one placebo talent management cabinet believed work spite clear absence evidence go ahead schedule brainstorming meeting expect accomplish much,group brainstorming waste time brainstorming continues used feel intuitively right one placebo talent management cabinet believed work spite clear absence evidence go ahead schedule brainstorming meeting expect accomplish much,Economy & Business,0.5044824086294437,"[0.5044824086294437, 0.3160705135180052, 0.11703352582846113, 0.06241355202408997]"
synthetic,actor_2,2025-02-12,ryanair bn boeing plane deal budget airline ryanair placed order boeing plane deal valued bn bn lead new ryanair job also option aircraft move brings ryanair boeing order book firm order option ryanair said new plane would help cut operating cost carrier reported drop quarterly profit earlier year hit higher fuel cost however reported result airline upbeat prospect despite tough competition budget airline market ryanair chairman david bonderman said significantly reduced unit operating cost allowed u reduce air fare year last five year new order new pricing place ryanair expects unit operating cost excluding fuel continue fall year next five year added end year ryanair taken delivery new plane new order due delivery airline said plane delivered able carry million passenger year making europe largest airline new job created next seven year added order seen good news boeing recent year overtaken european plane maker airbus world biggest selling plane maker,ryanair bn boeing plane deal budget airline ryanair placed order boeing plane deal valued bn bn lead new ryanair job also option aircraft move brings ryanair boeing order book firm order option ryanair said new plane would help cut operating cost carrier reported drop quarterly profit earlier year hit higher fuel cost however reported result airline upbeat prospect despite tough competition budget airline market ryanair chairman david bonderman said significantly reduced unit operating cost allowed u reduce air fare year last five year new order new pricing place ryanair expects unit operating cost excluding fuel continue fall year next five year added end year ryanair taken delivery new plane new order due delivery airline said plane delivered able carry million passenger year making europe largest airline new job created next seven year added order seen good news boeing recent year overtaken european plane maker airbus world biggest selling plane maker,Economy & Business,0.6703189679923159,"[0.6703189679923159, 0.057864692656502466, 0.22149258196118893, 0.05032375738999276]"
synthetic,actor_2,2025-02-12,taylor swift america merchant princess following recent blockbuster album launch million sale counting u musician taylor swift could perhaps lay claim crown america merchant princess could teach many retailer shopper marketer thing two science selling stuff,taylor swift america merchant princess following recent blockbuster album launch million sale counting u musician taylor swift could perhaps lay claim crown america merchant princess could teach many retailer shopper marketer thing two science selling stuff,Society & Health,0.5561464108569364,"[0.36709919051150613, 0.02484493568938861, 0.5561464108569364, 0.05190946294216877]"
synthetic,actor_2,2025-02-12,san francisco could look like fisherman wharf public realm plan fisherman wharf public realm plan reimagines popular tourist destination,san francisco could look like fisherman wharf public realm plan fisherman wharf public realm plan reimagines popular tourist destination,Society & Health,0.5268013981233246,"[0.12994801275745102, 0.2673977396685648, 0.5268013981233246, 0.0758528494506595]"
synthetic,actor_2,2025-02-12,volkswagen diesel settlement fund range clean air effort settlement would largest ever automotive buyback offer u history expensive auto industry scandal,volkswagen diesel settlement fund range clean air effort settlement would largest ever automotive buyback offer u history expensive auto industry scandal,Economy & Business,0.7157835477798952,"[0.7157835477798952, 0.16427905443215682, 0.09388900515565571, 0.026048392632292337]"
synthetic,actor_2,2025-02-12,ceo earn public trust make money good,ceo earn public trust make money good,Economy & Business,0.8551769520242097,"[0.8551769520242097, 0.09203414581019027, 0.03279710765526753, 0.019991794510332377]"
synthetic,actor_2,2025-02-12,victory american walgreen invert avoid u tax conservative telling u since wave inversion began expect corporation moral patriotic write rule let get away immoral unpatriotic betrayal u taxpayer next order business get congress pas legislation,victory american walgreen invert avoid u tax conservative telling u since wave inversion began expect corporation moral patriotic write rule let get away immoral unpatriotic betrayal u taxpayer next order business get congress pa legislation,Politics & Governance,0.6662150013430859,"[0.28158240929525774, 0.6662150013430859, 0.040965797474121685, 0.011236791887534708]"
synthetic,actor_2,2025-02-12,credit suisse settle doj case mortgage security billion news came deutsche bank agreed billion settlement doj sale pooling toxic mortgage security,credit suisse settle doj case mortgage security billion news came deutsche bank agreed billion settlement doj sale pooling toxic mortgage security,Economy & Business,0.9642784321183036,"[0.9642784321183036, 0.024870687052962574, 0.003346249461176774, 0.007504631367557253]"
synthetic,actor_3,2025-02-12,people using apple pay mobile payment new technology let u pay thing phone sound pretty amazing right convenient easy use could revolutionize way pay thing making cash credit card obsolete technology everyone clamoring use right,people using apple pay mobile payment new technology let u pay thing phone sound pretty amazing right convenient easy use could revolutionize way pay thing making cash credit card obsolete technology everyone clamoring use right,Technology & Cyber,0.526878955076618,"[0.4419505498655948, 0.010829581685481069, 0.02034091337230613, 0.526878955076618]"
synthetic,actor_3,2025-02-12,taking startup public fraught negative old day every entrepreneur dreamed easily taking startup public making big today rate startup going public ipo initial public offering dead zone still less half rate year ago smart entrepreneur avoid option like plague,taking startup public fraught negative old day every entrepreneur dreamed easily taking startup public making big today rate startup going public ipo initial public offering dead zone still less half rate year ago smart entrepreneur avoid option like plague,Economy & Business,0.9534475669014566,"[0.9534475669014566, 0.02711834566674384, 0.008026928305189243, 0.011407159126610472]"
synthetic,actor_3,2025-02-12,former atheist mark zuckerberg get religion went period questioned thing post facebook,former atheist mark zuckerberg get religion went period questioned thing post facebook,Politics & Governance,0.5610190906210348,"[0.04267277976843782, 0.5610190906210348, 0.13688991503530365, 0.2594182145752238]"
synthetic,actor_3,2025-02-12,elvis presley library card could fetch thousand auction library card presley year old signed check copy courageous heart life andrew,elvis presley library card could fetch thousand auction library card presley year old signed check copy courageous heart life andrew,Society & Health,0.3991662790020123,"[0.3708968869900847, 0.1199867835703763, 0.3991662790020123, 0.10995005043752669]"
synthetic,actor_3,2025-02-12,whole food fight keep corporate board clubby,whole food fight keep corporate board clubby,Economy & Business,0.5302375625003543,"[0.5302375625003543, 0.19233684596680053, 0.22896305005536363, 0.0484625414774816]"
synthetic,actor_3,2025-02-12,inequality government perp not bystander congress president decided craft budget lead ten million people unemployed underemployed high level unemployment put downward pressure worker wage especially bottom third labor force mean federal budget limit growth employment way redistributes income upwards inequality happen result government policy people actually want see inequality reduced poor middle class share benefit growth not likely happy president obama speech topic comment government bystander ignores real source problem therefore not likely come much way real solution,inequality government perp not bystander congress president decided craft budget lead ten million people unemployed underemployed high level unemployment put downward pressure worker wage especially bottom third labor force mean federal budget limit growth employment way redistributes income upwards inequality happen result government policy people actually want see inequality reduced poor middle class share benefit growth not likely happy president obama speech topic comment government bystander ignores real source problem therefore not likely come much way real solution,Economy & Business,0.6423492774286613,"[0.6423492774286613, 0.3452553560294386, 0.002444848514480217, 0.009950518027419841]"
synthetic,actor_3,2025-02-12,ride hailing driver probably make even less think mit paper find uber called methodology finding working paper deeply flawed,ride hailing driver probably make even less think mit paper find uber called methodology finding working paper deeply flawed,Economy & Business,0.5581634050492895,"[0.5581634050492895, 0.09651830775818956, 0.23003214274956932, 0.11528614444295165]"
synthetic,actor_3,2025-02-12,one ceo quote sum resilience flood drenched south carolina sunny day first time seen sun many day,one ceo quote sum resilience flood drenched south carolina sunny day first time seen sun many day,Economy & Business,0.36886231950156984,"[0.36886231950156984, 0.23765624110382777, 0.30045069946783504, 0.09303073992676744]"
synthetic,actor_3,2025-02-12,eurozone bank relying less crisis funding divergence give headache ecb add detail background national data contrast italian bank used facility,eurozone bank relying less crisis funding divergence give headache ecb add detail background national data contrast italian bank used facility,Politics & Governance,0.5419298118312237,"[0.3549773857887579, 0.5419298118312237, 0.054165453127986415, 0.04892734925203206]"
synthetic,actor_3,2025-02-12,disaster claim less bn insurer sought calm fear face huge loss earthquake giant wave killed least people southern asia munich swiss world two biggest reinsurers said exposure less disaster rebuilding cost likely cheaper developed country many affected not insurance analyst said swiss said total claim likely less bn bn swiss belief cost would substantial unlikely double digit billion financial time reported munich world largest reinsurance company said exposure less euro least country affected sri lanka indonesia india thailand among worst hit region resort western tourist expected among main claimant lloyd london told financial time expected exposure limited holiday resort personal accident travel insurance marine risk spokeswoman hanover europe fifth largest reinsurance firm estimated tsunami related damage claim would low double digit million euro company paid million euro cover damage caused recently four major hurricane u insurer not long assess economic impact damage report casualty destruction still coming many thing unclear early tell said serge troeber deputy head swiss natural disaster department need complicated process estimate damage unlike hurricane run model anticipated company total claim would less hurricane company put allianz leading german insurer said not know yet exposure would however said tidal wave unlikely significant impact business zurich financial said could not yet assess cost disaster impact u insurance company not expected heavy analyst said u insurer relatively little exposure asia pas lot risk reinsurance company special catastrophe fund insured damage could fraction billion dollar worth destruction sri lanka india thailand indonesia maldive island malaysia said prudential equity group insurance analyst jay gelb u insurer likely minimal no exposure likely bermuda based reinsurance company might exposure said paul newsome insurance analyst ag edward co many affected country indonesia sri lanka maldives not usually buy insurance kind disaster said u based insurance expert early estimate world bank put amount aid needed worst affected country including sri lanka india indonesia thailand bn bn similar cash offered central america hurricane mitch mitch killed people caused damage bn cost tsunami individual involved incalculable not fathom cost poor society nameless fisherman fishing village wiped hundred thousand livelihood gone said jan egeland head un office coordination humanitarian affair tourist cutting short holiday affected area may suffer financial impact association british insurer warned travel insurance not normally cover cutting short holiday said loss possession usually covered association stressed importance checking wording travel policy,disaster claim less bn insurer sought calm fear face huge loss earthquake giant wave killed least people southern asia munich swiss world two biggest reinsurers said exposure less disaster rebuilding cost likely cheaper developed country many affected not insurance analyst said swiss said total claim likely less bn bn swiss belief cost would substantial unlikely double digit billion financial time reported munich world largest reinsurance company said exposure less euro least country affected sri lanka indonesia india thailand among worst hit region resort western tourist expected among main claimant lloyd london told financial time expected exposure limited holiday resort personal accident travel insurance marine risk spokeswoman hanover europe fifth largest reinsurance firm estimated tsunami related damage claim would low double digit million euro company paid million euro cover damage caused recently four major hurricane u insurer not long assess economic impact damage report casualty destruction still coming many thing unclear early tell said serge troeber deputy head swiss natural disaster department need complicated process estimate damage unlike hurricane run model anticipated company total claim would less hurricane company put allianz leading german insurer said not know yet exposure would however said tidal wave unlikely significant impact business zurich financial said could not yet assess cost disaster impact u insurance company not expected heavy analyst said u insurer relatively little exposure asia pa lot risk reinsurance company special catastrophe fund insured damage could fraction billion dollar worth destruction sri lanka india thailand indonesia maldive island malaysia said prudential equity group insurance analyst jay gelb u insurer likely minimal no exposure likely bermuda based reinsurance company might exposure said paul newsome insurance analyst ag edward co many affected country indonesia sri lanka maldives not usually buy insurance kind disaster said u based insurance expert early estimate world bank put amount aid needed worst affected country including sri lanka india indonesia thailand bn bn similar cash offered central america hurricane mitch mitch killed people caused damage bn cost tsunami individual involved incalculable not fathom cost poor society nameless fisherman fishing village wiped hundred thousand livelihood gone said jan egeland head un office coordination humanitarian affair tourist cutting short holiday affected area may suffer financial impact association british insurer warned travel insurance not normally cover cutting short holiday said loss possession usually covered association stressed importance checking wording travel policy,Economy & Business,0.9615020066837591,"[0.9615020066837591, 0.02611626561800383, 0.0027246769525740406, 0.009657050745662957]"
synthetic,actor_3,2025-02-12,simple way improve relationship money money mention stir strong emotion whether little lot connection use acquisition people brazenly grab grasp others vilify unequal distribution,simple way improve relationship money money mention stir strong emotion whether little lot connection use acquisition people brazenly grab grasp others vilify unequal distribution,Economy & Business,0.8064812291202413,"[0.8064812291202413, 0.07528660000925078, 0.044519312404007035, 0.07371285846650079]"
synthetic,actor_3,2025-02-12,tax deduction student tax break student might not able offer good news rising tuition cost point way,tax deduction student tax break student might not able offer good news rising tuition cost point way,Economy & Business,0.6421033932968021,"[0.6421033932968021, 0.310374349872866, 0.030419214090256746, 0.01710304274007518]"
synthetic,actor_3,2025-02-12,subway received serious complaint jared year ago company say regret complaint not properly handled,subway received serious complaint jared year ago company say regret complaint not properly handled,Economy & Business,0.3932336586653866,"[0.3932336586653866, 0.2706312446024545, 0.27647900470343834, 0.05965609202872056]"
synthetic,actor_3,2025-02-12,wall street big barrier change even something still wrong wall street takeaway extraordinary,wall street big barrier change even something still wrong wall street takeaway extraordinary,Economy & Business,0.6079784294401092,"[0.6079784294401092, 0.3296773044461592, 0.044139477484062065, 0.018204788629669528]"
synthetic,actor_3,2025-02-12,safest state america,safest state america,Politics & Governance,0.7731801209748291,"[0.13184890151500897, 0.7731801209748291, 0.08409367812880868, 0.01087729938135326]"
synthetic,actor_3,2025-02-12,president trump would massive disaster u water gop nominee environmental policy vague best dangerous worst,president trump would massive disaster u water gop nominee environmental policy vague best dangerous worst,Politics & Governance,0.9939291412267585,"[0.0026095525290944646, 0.9939291412267585, 0.0029424117708490697, 0.0005188944732981152]"
synthetic,actor_3,2025-02-12,fake til make please instead let offer six way gain relationship edge business life require poser recommend seek help give assist empower support,fake til make please instead let offer six way gain relationship edge business life require poser recommend seek help give assist empower support,Economy & Business,0.48142717802310364,"[0.48142717802310364, 0.2162753559115481, 0.2360907311843002, 0.0662067348810481]"
synthetic,actor_3,2025-02-12,plain english greek foreclosure review material scored zero readability document know score low irs publication standard regulator servicers wanted match,plain english greek foreclosure review material scored zero readability document know score low irs publication standard regulator servicers wanted match,Economy & Business,0.41151972235034184,"[0.41151972235034184, 0.2178843993566821, 0.32771037158667266, 0.042885506706303256]"
synthetic,actor_3,2025-02-12,billion new credit card debt represents clear impetus change responsible credit card use recipe saving money considering lucrative reward percent rate fraud protection available thing word sentence responsible important likely ignored,billion new credit card debt represents clear impetus change responsible credit card use recipe saving money considering lucrative reward percent rate fraud protection available thing word sentence responsible important likely ignored,Economy & Business,0.9799800993881483,"[0.9799800993881483, 0.00985326014679254, 0.0038613552769088326, 0.00630528518815029]"
synthetic,actor_3,2025-02-12,teacher slam trump call gun school f king insane educator tell president want teach not shoot,teacher slam trump call gun school f king insane educator tell president want teach not shoot,Politics & Governance,0.9721658734085811,"[0.003497007764886586, 0.9721658734085811, 0.022645309001573757, 0.0016918098249587067]"
synthetic,actor_4,2025-02-12,conservative medium throw virginia gop candidate bus election loss ed gillespie republican swamp thing relied president donald trump say,conservative medium throw virginia gop candidate bus election loss ed gillespie republican swamp thing relied president donald trump say,Politics & Governance,0.9991960823342255,"[0.0002053078815547576, 0.9991960823342255, 0.0004918694044531482, 0.00010674037976630935]"
synthetic,actor_4,2025-02-12,bring brain work wife infant son arrived boarding door baby arm bag hand found caught example one biggest workplace problem time,bring brain work wife infant son arrived boarding door baby arm bag hand found caught example one biggest workplace problem time,Economy & Business,0.45955546484727805,"[0.45955546484727805, 0.10799076915757563, 0.308606730497807, 0.12384703549733948]"
synthetic,actor_4,2025-02-12,expect shuttered abortion clinic reopen soon daunting task front u determining whether reopen health center,expect shuttered abortion clinic reopen soon daunting task front u determining whether reopen health center,Politics & Governance,0.6802318192779914,"[0.11431730389506367, 0.6802318192779914, 0.1686375111542034, 0.03681336567274146]"
synthetic,actor_4,2025-02-12,jet packing dystopia cross posted tomdispatch com year ago sat roof house watching neighborhood,jet packing dystopia cross posted tomdispatch com year ago sat roof house watching neighborhood,Politics & Governance,0.8507511283728147,"[0.01620731784584215, 0.8507511283728147, 0.12094881321177352, 0.012092740569569655]"
synthetic,actor_4,2025-02-12,celebrity couple broke getting married,celebrity couple broke getting married,Society & Health,0.9371987417160126,"[0.01780880646468476, 0.036584974175273954, 0.9371987417160126, 0.008407477644028659]"
synthetic,actor_4,2025-02-12,china ripe medium explosion asia set drive global medium growth beyond china india filling two top spot analyst predicted japan south korea singapore also strong player china demographic give edge medium conference london heard world populous country population bn million middle class consumer forty per cent fall key year old demographic result attracting huge foreign investment medium communication analyst told financial time new medium broadcasting conference last week interest china among international medium group surged recent month beijing issued rule allowing foreign investment joint venture television radio film production company news corporation viacom sony picture among big name involved joint venture chinese player million chinese listen radio station tv station broadcast channel china central television cctv state broadcaster claim audience billion people country million household million receive cable tv programme rest could potential audience satellite broadcasting china plan launch state administration radio film television sarft regulates broadcasting plan move programme digital continuing roll new digital channel boosted demand quality content creating significant opportunity chinese foreign content provider according recent report china authority tightened control foreign investment tv production joint venture limited foreign company one joint venture banned involvement found unfriendly according report sarft said strong ideological component production broadcast television programme added china must understand political tendency background overseas partner prevent joint venture cooperation bringing harmful foreign thinking culture production sector according financial time china correspondent new rule highlight political sensitivity surround foreign involvement china medium sector despite beijing decision open state dominated sector international investment well traditional broadcasting chinese foreign entrepreneur alike see fortune waiting made new medium like mobile service online gaming mobile game already account revenue china million mobile user online gaming sale predicted top billion u dollar next year according uk based journal screen digest video market also seen big opportunity although piracy level still high despite anti piracy drive past year cinema industry deployment digital screen accelerated not modernise venue also curb piracy regulate distribution li ruigang president commercial broadcaster shanghai medium group told conference china new medium market already experiencing explosive growth particularly strong charged broadband service mobile value added service leading china watcher founder cga consultancy jeanne marie gescher agreed time ripe foreign medium group tap china huge medium market potential china medium driven investor not care people consume medium want people consume mr gescher concluded,china ripe medium explosion asia set drive global medium growth beyond china india filling two top spot analyst predicted japan south korea singapore also strong player china demographic give edge medium conference london heard world populous country population bn million middle class consumer forty per cent fall key year old demographic result attracting huge foreign investment medium communication analyst told financial time new medium broadcasting conference last week interest china among international medium group surged recent month beijing issued rule allowing foreign investment joint venture television radio film production company news corporation viacom sony picture among big name involved joint venture chinese player million chinese listen radio station tv station broadcast channel china central television cctv state broadcaster claim audience billion people country million household million receive cable tv programme rest could potential audience satellite broadcasting china plan launch state administration radio film television sarft regulates broadcasting plan move programme digital continuing roll new digital channel boosted demand quality content creating significant opportunity chinese foreign content provider according recent report china authority tightened control foreign investment tv production joint venture limited foreign company one joint venture banned involvement found unfriendly according report sarft said strong ideological component production broadcast television programme added china must understand political tendency background overseas partner prevent joint venture cooperation bringing harmful foreign thinking culture production sector according financial time china correspondent new rule highlight political sensitivity surround foreign involvement china medium sector despite beijing decision open state dominated sector international investment well traditional broadcasting chinese foreign entrepreneur alike see fortune waiting made new medium like mobile service online gaming mobile game already account revenue china million mobile user online gaming sale predicted top billion u dollar next year according uk based journal screen digest video market also seen big opportunity although piracy level still high despite anti piracy drive past year cinema industry deployment digital screen accelerated not modernise venue also curb piracy regulate distribution li ruigang president commercial broadcaster shanghai medium group told conference china new medium market already experiencing explosive growth particularly strong charged broadband service mobile value added service leading china watcher founder cga consultancy jeanne marie gescher agreed time ripe foreign medium group tap china huge medium market potential china medium driven investor not care people consume medium want people consume mr gescher concluded,Economy & Business,0.5604088916524383,"[0.5604088916524383, 0.0649394299960117, 0.003869081061042183, 0.3707825972905078]"
synthetic,actor_4,2025-02-12,new jersey governor chris christie veto minimum wage hike hour legislation would made new jersey third state adopt per hour minimum wage,new jersey governor chris christie veto minimum wage hike hour legislation would made new jersey third state adopt per hour minimum wage,Politics & Governance,0.9028488705622658,"[0.07329972651236394, 0.9028488705622658, 0.017477098436565582, 0.006374304488804589]"
synthetic,actor_4,2025-02-12,u russian crew return earth day space nasa astronaut jeff williams spent total day orbit time astronaut u history th world,u russian crew return earth day space nasa astronaut jeff williams spent total day orbit time astronaut u history th world,Technology & Cyber,0.9099761189519717,"[0.008844901530866183, 0.0377332353989799, 0.04344574411818214, 0.9099761189519717]"
synthetic,actor_4,2025-02-12,volcano study show surprising shift gravity may lead better prediction volcanic eruption continuous gravity measurement active volcano relatively rare result coming mount etna italy,volcano study show surprising shift gravity may lead better prediction volcanic eruption continuous gravity measurement active volcano relatively rare result coming mount etna italy,Technology & Cyber,0.7071824111699322,"[0.052103644054125715, 0.08027747096157732, 0.16043647381436474, 0.7071824111699322]"
synthetic,actor_4,2025-02-12,robin ramirez amiko fountain marilyn johnson charged running million counterfeit coupon ring manufacturer distribute nearly billion coupon per year worth estimated billion according,robin ramirez amiko fountain marilyn johnson charged running million counterfeit coupon ring manufacturer distribute nearly billion coupon per year worth estimated billion according,Economy & Business,0.7313857718095105,"[0.7313857718095105, 0.08208782301429733, 0.12654070904315282, 0.05998569613303933]"
synthetic,actor_4,2025-02-12,jack szostak life lab autocatalytic set first met jack szostak simon foundation spring world science festival announced life lab three five year conversation follows,jack szostak life lab autocatalytic set first met jack szostak simon foundation spring world science festival announced life lab three five year conversation follows,Technology & Cyber,0.4372455456969856,"[0.0771723998562037, 0.05987740970984859, 0.425704644736962, 0.4372455456969856]"
synthetic,actor_4,2025-02-12,breaking rule feeling good intriguingly people lie cheat indiscriminately simply get away even no chance found people show level aversion acting unethically want way profit dishonesty also preserve sense moral being,breaking rule feeling good intriguingly people lie cheat indiscriminately simply get away even no chance found people show level aversion acting unethically want way profit dishonesty also preserve sense moral,Society & Health,0.37492450937503935,"[0.20381412267633275, 0.197815539974658, 0.37492450937503935, 0.22344582797396992]"
synthetic,actor_4,2025-02-12,quote every entrepreneur need get succeed year old ceo quick disregard billion dollar offer zuckerberg brash action make no sense peter theil argues entrepreneur like zuckerberg make perfect sense,quote every entrepreneur need get succeed year old ceo quick disregard billion dollar offer zuckerberg brash action make no sense peter theil argues entrepreneur like zuckerberg make perfect sense,Economy & Business,0.7434932450575695,"[0.7434932450575695, 0.06754812812527432, 0.09003075965202174, 0.09892786716513446]"
synthetic,actor_4,2025-02-12,ethic attorney say rep john conyers verbally abused staffer melanie sloan said reported behavior told mentally unstable,ethic attorney say rep john conyers verbally abused staffer melanie sloan said reported behavior told mentally unstable,Politics & Governance,0.8485907520263223,"[0.024099168927108137, 0.8485907520263223, 0.10594679935838439, 0.021363279688185265]"
synthetic,actor_4,2025-02-12,danish lottery mistake player accidentally told million video heart leapt started thinking thing going money take family holiday buy,danish lottery mistake player accidentally told million video heart leapt started thinking thing going money take family holiday buy,Economy & Business,0.6906333473390267,"[0.6906333473390267, 0.019300916777104413, 0.251898303099079, 0.038167432784789915]"
synthetic,actor_4,2025-02-12,sound saturn space oddity robert saturn sighting favorite bit stargazing since ziggy stardust spider mar touched,sound saturn space oddity robert saturn sighting favorite bit stargazing since ziggy stardust spider mar touched,Technology & Cyber,0.6395553993815596,"[0.03042558839800106, 0.10089234850281727, 0.2291266637176221, 0.6395553993815596]"
synthetic,actor_4,2025-02-12,lisbon protest rally austerity portugal still head second largest union signed labour reform pact said time would significantly,lisbon protest rally austerity portugal still head second largest union signed labour reform pact said time would significantly,Politics & Governance,0.6759595638721292,"[0.18288226873279526, 0.6759595638721292, 0.1170906362901447, 0.024067531104930786]"
synthetic,actor_4,2025-02-12,oceanographer u german geotraces meet high arctic ninety five percent earth water lie ocean planet dominated saltwater mapping chemistry global ocean requires global effort,oceanographer u german geotraces meet high arctic ninety five percent earth water lie ocean planet dominated saltwater mapping chemistry global ocean requires global effort,Technology & Cyber,0.7032810664303577,"[0.047435072170953656, 0.19015184892588127, 0.05913201247280732, 0.7032810664303577]"
synthetic,actor_4,2025-02-12,microsoft going marijuana business weed never looked corporate,microsoft going marijuana business weed never looked corporate,Economy & Business,0.6825461310681424,"[0.6825461310681424, 0.18559330499484256, 0.05979291825521302, 0.0720676456818021]"
synthetic,actor_4,2025-02-12,finding new home old phone using old mobile phone not good environment social benefit research found developing nation old mobile phone help close digital divide forum future research found low cost recycled handset mean useful second life poorer nation forum found needed done collect old phone rather let rot landfill site report reveals approximately million mobile phone go use every year uk million swapped newer model year get returned mobile phone firm recycling use slowly growing mass unrecycled discarded phone reached million handset equivalent tonne waste estimate james goodman report author senior adviser forum future quite common people two three phone lying around said mr goodman many older phone could end landfill site leaking potentially toxic material made wider world said mr goodman far better said hand phone back operator send overseas enjoy second lease life heard environmental argument handing phone back said mr goodman strong social argument older mobile phone proving particularly useful poorer nation people want use mobile keep touch friend family not income buy date model forum future report took depth look romania reconditioned mobile phone proving popular interesting country really crap fixed line network said mr goodman real desire people get mobile phone relatively low wage romania one poorest country europe mean people afford shiny new phone affordability handset real barrier getting one said reconditioned handset boosted take mobile report revealed almost one third romanian pre pay mobile phone user using reconditioned handset used handset tend one third price new handset georgeta minciu romanian part time cleaner said normally mobile phone would not possible wage single parent keeping touch daughter important way afford phone said mr goodman said phone operator consumer needed ensure britain mobile mountain made overseas added keen use mobile not accept old handset year old people not going want said,finding new home old phone using old mobile phone not good environment social benefit research found developing nation old mobile phone help close digital divide forum future research found low cost recycled handset mean useful second life poorer nation forum found needed done collect old phone rather let rot landfill site report reveals approximately million mobile phone go use every year uk million swapped newer model year get returned mobile phone firm recycling use slowly growing mass unrecycled discarded phone reached million handset equivalent tonne waste estimate james goodman report author senior adviser forum future quite common people two three phone lying around said mr goodman many older phone could end landfill site leaking potentially toxic material made wider world said mr goodman far better said hand phone back operator send overseas enjoy second lease life heard environmental argument handing phone back said mr goodman strong social argument older mobile phone proving particularly useful poorer nation people want use mobile keep touch friend family not income buy date model forum future report took depth look romania reconditioned mobile phone proving popular interesting country really crap fixed line network said mr goodman real desire people get mobile phone relatively low wage romania one poorest country europe mean people afford shiny new phone affordability handset real barrier getting one said reconditioned handset boosted take mobile report revealed almost one third romanian pre pay mobile phone user using reconditioned handset used handset tend one third price new handset georgeta minciu romanian part time cleaner said normally mobile phone would not possible wage single parent keeping touch daughter important way afford phone said mr goodman said phone operator consumer needed ensure britain mobile mountain made overseas added keen use mobile not accept old handset year old people not going want said,Technology & Cyber,0.9183571017460336,"[0.058176165436642446, 0.01586429387704194, 0.0076024389402820185, 0.9183571017460336]"
synthetic,actor_5,2025-02-12,nasa tested powerful rocket booster history booster generated million pound thrust,nasa tested powerful rocket booster history booster generated million pound thrust,Technology & Cyber,0.41844893323011406,"[0.08665211471036141, 0.35981724191601144, 0.13508171014351308, 0.41844893323011406]"
synthetic,actor_5,2025-02-12,oscar air drop food celebrity ultimate hunger game junior mint anyone,oscar air drop food celebrity ultimate hunger game junior mint anyone,Society & Health,0.9838451744214377,"[0.0041865466735919385, 0.006221478338614302, 0.9838451744214377, 0.005746800566355877]"
synthetic,actor_5,2025-02-12,poll business leader weigh disruption future tech,poll business leader weigh disruption future tech,Economy & Business,0.7241344520281954,"[0.7241344520281954, 0.20210229121528955, 0.005109362568559655, 0.06865389418795555]"
synthetic,actor_5,2025-02-12,five way explore tokyo like rev run konichiwa mean good afternoon word saying hello,five way explore tokyo like rev run konichiwa mean good afternoon word saying hello,Society & Health,0.8312856705302756,"[0.06521936617409528, 0.07373677797104783, 0.8312856705302756, 0.029758185324581302]"
synthetic,actor_5,2025-02-12,bombshell study show brain even awesome knew human brain memory capacity shown time greater previous research suggested,bombshell study show brain even awesome knew human brain memory capacity shown time greater previous research suggested,Technology & Cyber,0.9734775486954319,"[0.005803856645772402, 0.0091247801467209, 0.011593814512074847, 0.9734775486954319]"
synthetic,actor_5,2025-02-12,senator warren fierce advocacy student loan reform elizabeth warren vocal proponent college affordability student loan reform since election u senate senator used fierce persistence knowledge finance industry advocate behalf student borrower,senator warren fierce advocacy student loan reform elizabeth warren vocal proponent college affordability student loan reform since election u senate senator used fierce persistence knowledge finance industry advocate behalf student borrower,Politics & Governance,0.9674083545692064,"[0.029935553781035077, 0.9674083545692064, 0.0019857668333402054, 0.0006703248164183235]"
synthetic,actor_5,2025-02-12,leave people wearable device hard truth leading healthy lifestyle buying something wearing something consuming something something,leave people wearable device hard truth leading healthy lifestyle buying something wearing something consuming something something,Society & Health,0.3553948508506622,"[0.34371220270350256, 0.22407520902241818, 0.3553948508506622, 0.0768177374234171]"
synthetic,actor_5,2025-02-12,keeping dad happy wallet safe two top five crime reported connected shopping online advanced payment scam non delivery auction item,keeping dad happy wallet safe two top five crime reported connected shopping online advanced payment scam non delivery auction item,Economy & Business,0.36269965624687706,"[0.36269965624687706, 0.08419504082097504, 0.21182420441243002, 0.34128109851971794]"
synthetic,actor_5,2025-02-12,democrat want extend civil right protection unpaid intern unpaid intern covered discrimination law considered employee,democrat want extend civil right protection unpaid intern unpaid intern covered discrimination law considered employee,Politics & Governance,0.8002607682990827,"[0.11651063734922466, 0.8002607682990827, 0.060919297424617595, 0.02230929692707514]"
synthetic,actor_5,2025-02-12,sign pok mon go craze last forever nintendo stock pika peaked,sign pok mon go craze last forever nintendo stock pika peaked,Economy & Business,0.279859751765319,"[0.279859751765319, 0.2402800035418422, 0.27747073753280105, 0.2023895071600377]"
synthetic,actor_5,2025-02-12,reg mead richard mile amateur english treasure hunter find million celtic coin bailiwick jersey according guardian largest previous find island occurred discovery coin check,reg mead richard mile amateur english treasure hunter find million celtic coin bailiwick jersey according guardian largest previous find island occurred discovery coin check,Society & Health,0.5866096321342417,"[0.21583262853467958, 0.06697534585669677, 0.5866096321342417, 0.13058239347438194]"
synthetic,actor_5,2025-02-12,wage gap no one talking problem men v woman,wage gap no one talking problem men v woman,Politics & Governance,0.4499820377071962,"[0.3881717580809314, 0.4499820377071962, 0.11559547464340537, 0.046250729568467194]"
synthetic,actor_5,2025-02-12,scientist close making incredible discovery,scientist close making incredible discovery,Technology & Cyber,0.8427817610247008,"[0.028265519760761644, 0.10196385523801121, 0.026988863976526428, 0.8427817610247008]"
synthetic,actor_5,2025-02-12,asteroid qe give earth close shave may video fact agency plan send robotic probe one potentially hazardous asteroid nasa recently,asteroid qe give earth close shave may video fact agency plan send robotic probe one potentially hazardous asteroid nasa recently,Technology & Cyber,0.9010895142469342,"[0.029924831323543587, 0.034914524544202796, 0.03407112988531945, 0.9010895142469342]"
synthetic,actor_5,2025-02-12,thanks coronavirus great time refinance debt catch much demand lender reasonably handle,thanks coronavirus great time refinance debt catch much demand lender reasonably handle,Economy & Business,0.5023021803085429,"[0.5023021803085429, 0.15883387922487632, 0.3000701500919518, 0.03879379037462894]"
synthetic,actor_5,2025-02-12,google battle state sponsored cyber attack per month internet search leader led way notifying user government spying,google battle state sponsored cyber attack per month internet search leader led way notifying user government spying,Technology & Cyber,0.6737469943608653,"[0.09566695054828891, 0.21373295203464102, 0.01685310305620477, 0.6737469943608653]"
synthetic,actor_5,2025-02-12,trump tax accountant one work like everything else trump slapped name end,trump tax accountant one work like everything else trump slapped name end,Politics & Governance,0.9478121413612555,"[0.017895494669278495, 0.9478121413612555, 0.03175632136557701, 0.0025360426038890855]"
synthetic,actor_5,2025-02-12,loyalty card idea tv addict viewer could soon rewarded watching tv loyalty card come screen near household hooked sky could soon using smartcards conjunction set top box broadcaster sky itv could offer viewer loyalty point return watching particular channel programme sky activate spare slot set top box january marketing magazine new medium age reported sky set top box two slot one viewer decryption card dormant loyalty card become common addition wallet high street brand rush keep customer series incentive offered store card similar scheme look set enter highly competitive world multi channel tv viewer stay loyal particular tv channel could rewarded free tv content freebie retail partner broadcaster aiming content child could offer smartcards give membership exclusive content club parent could pre pay content kind tv pocket money card said nigel whalley managing director medium consultancy decipher viewer could even rewarded watching ad break idea ad bingo touted firm keen make money new market said mr whalley credit card chipped could used set top box pay movie gambling gaming idea intelligent card box offer lot possibility ingenuity content player said mr whalley bbc revenue generating activity little interest new development may prompt change freeview set top box said mr whalley currently freeview box not slot would allow viewer use smartcard million household sky box sky hoping increase million loyalty card could play role particularly reducing number people cancel sky subscription said ian fogg analyst jupiter research,loyalty card idea tv addict viewer could soon rewarded watching tv loyalty card come screen near household hooked sky could soon using smartcards conjunction set top box broadcaster sky itv could offer viewer loyalty point return watching particular channel programme sky activate spare slot set top box january marketing magazine new medium age reported sky set top box two slot one viewer decryption card dormant loyalty card become common addition wallet high street brand rush keep customer series incentive offered store card similar scheme look set enter highly competitive world multi channel tv viewer stay loyal particular tv channel could rewarded free tv content freebie retail partner broadcaster aiming content child could offer smartcards give membership exclusive content club parent could pre pay content kind tv pocket money card said nigel whalley managing director medium consultancy decipher viewer could even rewarded watching ad break idea ad bingo touted firm keen make money new market said mr whalley credit card chipped could used set top box pay movie gambling gaming idea intelligent card box offer lot possibility ingenuity content player said mr whalley bbc revenue generating activity little interest new development may prompt change freeview set top box said mr whalley currently freeview box not slot would allow viewer use smartcard million household sky box sky hoping increase million loyalty card could play role particularly reducing number people cancel sky subscription said ian fogg analyst jupiter research,Technology & Cyber,0.6503942521333657,"[0.24297154641302798, 0.0064487653914359015, 0.10018543606217035, 0.6503942521333657]"
synthetic,actor_5,2025-02-12,james corden highlight disturbing trend wake texas church shooting say nothing,james corden highlight disturbing trend wake texas church shooting say nothing,Society & Health,0.7075460613478084,"[0.024072286092933305, 0.2557176060241104, 0.7075460613478084, 0.012664046535147739]"
synthetic,actor_5,2025-02-12,exploring king landing game throne tour dubrovnik spot joffrey hit face excrement ivana tell u relishing reliving moment game throne bad boy king received dessert,exploring king landing game throne tour dubrovnik spot joffrey hit face excrement ivana tell u relishing reliving moment game throne bad boy king received dessert,Society & Health,0.9805065705191971,"[0.0040770297232961905, 0.009664411289652482, 0.9805065705191971, 0.005751988467854207]"
synthetic,actor_6,2025-02-12,corporation opposed north carolina anti lgbt law helped elect supporter corporate contribution helped elect state republican legislative majority,corporation opposed north carolina anti lgbt law helped elect supporter corporate contribution helped elect state republican legislative majority,Politics & Governance,0.9635979083788558,"[0.029945542734412668, 0.9635979083788558, 0.0043890068821995, 0.002067542004531997]"
synthetic,actor_6,2025-02-12,venture capital investing less dollar venture capital investing tendency boring unless passive investor give massive amount work lot risk diminished return course passive investor merely invest sit back,venture capital investing less dollar venture capital investing tendency boring unless passive investor give massive amount work lot risk diminished return course passive investor merely invest sit back,Economy & Business,0.8091846032361559,"[0.8091846032361559, 0.08326566154075679, 0.08010864773757853, 0.027441087485508733]"
synthetic,actor_6,2025-02-12,watch top youtube video week looking see popular youtube video week look no bringing,watch top youtube video week looking see popular youtube video week look no bringing,Technology & Cyber,0.9378268455816627,"[0.011415559830441242, 0.011129997576730137, 0.039627597011165965, 0.9378268455816627]"
synthetic,actor_6,2025-02-12,neanderthal language speech shared modern human million year ago researcher say many believe modern language began around year ago paper name period million year ago,neanderthal language speech shared modern human million year ago researcher say many believe modern language began around year ago paper name period million year ago,Technology & Cyber,0.4123710606807445,"[0.07324128419587683, 0.28741473903530546, 0.22697291608807327, 0.4123710606807445]"
synthetic,actor_6,2025-02-12,spirit story box latest iphone app ghosthunters also track message time well pinch spirit story box could always used generate slam poetry,spirit story box latest iphone app ghosthunters also track message time well pinch spirit story box could always used generate slam poetry,Society & Health,0.6089273631166189,"[0.049622227888067395, 0.059103577106662294, 0.6089273631166189, 0.2823468318886515]"
synthetic,actor_6,2025-02-12,search war hit desktop pc another front going battle microsoft google opened end microsoft aim launch search software find kind file pc hard drive move answer google release search tool catalogue data desktop pc desktop search market becoming increasingly crowded google aol yahoo many smaller firm tout program help people find file microsoft made announcement forthcoming search software call financial analyst talk first quarter result john connors microsoft chief financial officer said test version desktop search software available download end year going heck great race search google microsoft yahoo said going really fun follow microsoft coming late desktop search arena software compare favourably program large number rival many fiercely dedicated population user program could based software microsoft owns result purchase lookout software early october october google released desktop search software catalogue file pc let user use one tool find e mail message spreadsheet text file presentation software also find webpage message sent via aol instant messenger many firm released desktop search system recently company blinkx copernic enfish x technology x friend job cataloguing huge amount information people increasingly store desktop home computer apple also debuted similar search system computer called spotlight due debut release tiger operating system due follow net giant aol yahoo latter recently bought stata lab get hand search software people use microsoft also reputedly working novel search system next version window codenamed longhorn however not likely appear recent activity search industry show need move beyond simple keyword based web search said kathy rittweger co founder blinkx finding information computer becoming difficult find relevant webpage amongst billion exist desktop search become important several reason according research message analyst radicati group information critical keeping many business running sits e mail message attachment jf sullivan spokesman e mail software firm sendmail said many organisation starting realise important messaging organisation way work key thing able manage information said also search increasingly key way people get around internet many people use search engine first page go getting net many others use desktop toolbars let search information no matter program using tool desktop lucrative way control people go online company google relies revenue advert knowledge people looking worth huge amount money invasiveness already led ask privacy implication tool,search war hit desktop pc another front going battle microsoft google opened end microsoft aim launch search software find kind file pc hard drive move answer google release search tool catalogue data desktop pc desktop search market becoming increasingly crowded google aol yahoo many smaller firm tout program help people find file microsoft made announcement forthcoming search software call financial analyst talk first quarter result john connors microsoft chief financial officer said test version desktop search software available download end year going heck great race search google microsoft yahoo said going really fun follow microsoft coming late desktop search arena software compare favourably program large number rival many fiercely dedicated population user program could based software microsoft owns result purchase lookout software early october october google released desktop search software catalogue file pc let user use one tool find e mail message spreadsheet text file presentation software also find webpage message sent via aol instant messenger many firm released desktop search system recently company blinkx copernic enfish x technology x friend job cataloguing huge amount information people increasingly store desktop home computer apple also debuted similar search system computer called spotlight due debut release tiger operating system due follow net giant aol yahoo latter recently bought stata lab get hand search software people use microsoft also reputedly working novel search system next version window codenamed longhorn however not likely appear recent activity search industry show need move beyond simple keyword based web search said kathy rittweger co founder blinkx finding information computer becoming difficult find relevant webpage amongst billion exist desktop search become important several reason according research message analyst radicati group information critical keeping many business running sits e mail message attachment jf sullivan spokesman e mail software firm sendmail said many organisation starting realise important messaging organisation way work key thing able manage information said also search increasingly key way people get around internet many people use search engine first page go getting net many others use desktop toolbars let search information no matter program using tool desktop lucrative way control people go online company google relies revenue advert knowledge people looking worth huge amount money invasiveness already led ask privacy implication tool,Technology & Cyber,0.9887460249081391,"[0.010958065779145425, 0.00018518162019097266, 0.00011072769252447278, 0.9887460249081391]"
synthetic,actor_6,2025-02-12,need job glassdoor present best place work difficult put finger exactly make employee happy career community website glassdoor released,need job glassdoor present best place work difficult put finger exactly make employee happy career community website glassdoor released,Economy & Business,0.868547663084827,"[0.868547663084827, 0.02017879399496946, 0.10020070620406192, 0.011072836716141605]"
synthetic,actor_6,2025-02-12,powerball lottery sole michigan winner yet come forward winner not come forward thursday evening claim third largest winner share ever u lottery,powerball lottery sole michigan winner yet come forward winner not come forward thursday evening claim third largest winner share ever u lottery,Economy & Business,0.7061583221548392,"[0.7061583221548392, 0.12501574730084497, 0.14335942003827382, 0.02546651050604206]"
synthetic,actor_6,2025-02-12,apple debut massive inch ipad pro advanced display ever built,apple debut massive inch ipad pro advanced display ever built,Technology & Cyber,0.8045283034640799,"[0.037959530692888654, 0.03971506877856895, 0.11779709706446242, 0.8045283034640799]"
synthetic,actor_6,2025-02-12,new technology could help find next harvey weinstein callisto already empowered survivor college campus people want see expand hollywood tech,new technology could help find next harvey weinstein callisto already empowered survivor college campus people want see expand hollywood tech,Technology & Cyber,0.578818839463195,"[0.0713422891080598, 0.1192845659015246, 0.2305543055272206, 0.578818839463195]"
synthetic,actor_6,2025-02-12,long drop hell adventure mongol rally land episode traveler undertaking mongol rally super resourceful open new idea road fourth episode,long drop hell adventure mongol rally land episode traveler undertaking mongol rally super resourceful open new idea road fourth episode,Society & Health,0.9500843038030253,"[0.010101763720130066, 0.029722269111401307, 0.9500843038030253, 0.010091663365443216]"
synthetic,actor_6,2025-02-12,blog picked word year term blog chosen top word u dictionary publisher merriam webster said blog headed list looked term site last twelve month blog web log become hugely popular started influence mainstream medium word merriam webster list associated major news event u presidential election natural disaster hit u merriam webster defines blog web site contains online personal journal reflection comment often hyperlink list looked word drawn every year discount term swear word everyone like look always cause problem affect effect merriam webster said blog word people asked defined explained often last month word appear version merriam webster printed dictionary however word already included printed version oxford english dictionary spokesman oxford university press said word put dictionary child learner reflecting mainstream use think word last year rather year said getting word derive blogosphere said added pretty recent thing way happens day got established quickly blog come many different form many act news site particular group subject written particular political slant others simply list interesting site term top related natural disaster struck u hurricane u election word incumbent electoral partisan reflected scale interest vote blog also proved useful side u election battle many pundit maintain journal able air opinion would never appear mainstream medium speculation president bush getting help debate via listening device first aired web log online journal also raised doubt document used u television news organisation cbs story president bush war record immediacy many blog also helped wield influence topic made national press despite fact number people reading even influential blog tiny statistic web influence ranking firm hitwise reveal popular political blog rack net visit per day one reason blog regularly updated online journal become popular software used put together make easy people air view online according blog analysis firm technorati number blog existence blogosphere doubled every five half month last month technorati estimate number blog existence exceeded million speculate less quarter number regularly maintained according u research firm pew internet american life blog created every second another trend year increasing number weblogs detail daily life many ordinary worker job people know much many repressive regime developing nation blog embraced million people keen give plight voice,blog picked word year term blog chosen top word u dictionary publisher merriam webster said blog headed list looked term site last twelve month blog web log become hugely popular started influence mainstream medium word merriam webster list associated major news event u presidential election natural disaster hit u merriam webster defines blog web site contains online personal journal reflection comment often hyperlink list looked word drawn every year discount term swear word everyone like look always cause problem affect effect merriam webster said blog word people asked defined explained often last month word appear version merriam webster printed dictionary however word already included printed version oxford english dictionary spokesman oxford university press said word put dictionary child learner reflecting mainstream use think word last year rather year said getting word derive blogosphere said added pretty recent thing way happens day got established quickly blog come many different form many act news site particular group subject written particular political slant others simply list interesting site term top related natural disaster struck u hurricane u election word incumbent electoral partisan reflected scale interest vote blog also proved useful side u election battle many pundit maintain journal able air opinion would never appear mainstream medium speculation president bush getting help debate via listening device first aired web log online journal also raised doubt document used u television news organisation cbs story president bush war record immediacy many blog also helped wield influence topic made national press despite fact number people reading even influential blog tiny statistic web influence ranking firm hitwise reveal popular political blog rack net visit per day one reason blog regularly updated online journal become popular software used put together make easy people air view online according blog analysis firm technorati number blog existence blogosphere doubled every five half month last month technorati estimate number blog existence exceeded million speculate less quarter number regularly maintained according u research firm pew internet american life blog created every second another trend year increasing number weblogs detail daily life many ordinary worker job people know much many repressive regime developing nation blog embraced million people keen give plight voice,Technology & Cyber,0.6196980737565675,"[0.22333726616552285, 0.13755299055768166, 0.01941166952022802, 0.6196980737565675]"
synthetic,actor_6,2025-02-12,russian spacecraft dock iss delivering spacesuit repair kit supply next space station resupply delivery craft h ii transfer vehicle japan aerospace exploration agency,russian spacecraft dock iss delivering spacesuit repair kit supply next space station resupply delivery craft h ii transfer vehicle japan aerospace exploration agency,Technology & Cyber,0.6839790188610877,"[0.04527072071261859, 0.17180269649455274, 0.09894756393174094, 0.6839790188610877]"
synthetic,actor_6,2025-02-12,smelling cooky make think grandma house specific scent make recall memory intensely,smelling cooky make think grandma house specific scent make recall memory intensely,Society & Health,0.5192119511766751,"[0.1576475835222234, 0.1950983172928506, 0.5192119511766751, 0.12804214800825087]"
synthetic,actor_6,2025-02-12,google form new virtual reality division go,google form new virtual reality division go,Technology & Cyber,0.8594611000857053,"[0.03920105124172927, 0.03943668303226401, 0.06190116564030133, 0.8594611000857053]"
synthetic,actor_6,2025-02-12,male birth control working rabbit human next injection birth control pill completely blocking flow sperm trial,male birth control working rabbit human next injection birth control pill completely blocking flow sperm trial,Politics & Governance,0.48130799532932883,"[0.13134028999404768, 0.48130799532932883, 0.12892163399052986, 0.2584300806860937]"
synthetic,actor_6,2025-02-12,big bank aided firm center international bribery scandal unaoil relied bank cut deal corrupt regime,big bank aided firm center international bribery scandal unaoil relied bank cut deal corrupt regime,Economy & Business,0.7558263590503737,"[0.7558263590503737, 0.15730010190827534, 0.0723267186051498, 0.014546820436201084]"
synthetic,actor_6,2025-02-12,facebook pledge add local news newsfeeds people know happening around likely get involved help make difference said ceo mark zuckerberg,facebook pledge add local news newsfeeds people know happening around likely get involved help make difference said ceo mark zuckerberg,Technology & Cyber,0.51295991733269,"[0.1503959330976211, 0.25755921315069685, 0.07908493641899213, 0.51295991733269]"
synthetic,actor_6,2025-02-12,watch hawaii kilauea volcano spew lava pacific ocean impossible predict long last,watch hawaii kilauea volcano spew lava pacific ocean impossible predict long last,Technology & Cyber,0.5438163461071928,"[0.027233142257355507, 0.1730603820321839, 0.25589012960326774, 0.5438163461071928]"
synthetic,actor_6,2025-02-12,amazon get heat holocaust denial book company yank book country illegal following investigation,amazon get heat holocaust denial book company yank book country illegal following investigation,Economy & Business,0.4594742351430761,"[0.4594742351430761, 0.31521702343064617, 0.08594406659978425, 0.13936467482649353]"
synthetic,actor_7,2025-02-12,erica dasher andie macdowell first new york fashion week hard outshine actress andie macdowell newcomer erica dasher hold new abc family show jane,erica dasher andie macdowell first new york fashion week hard outshine actress andie macdowell newcomer erica dasher hold new abc family show jane,Society & Health,0.945344568633191,"[0.011510593463351848, 0.03093114467060768, 0.945344568633191, 0.012213693232849548]"
synthetic,actor_7,2025-02-12,u men olympic hockey team includes first black player year history think another kid going play olympics,u men olympic hockey team includes first black player year history think another kid going play olympics,Society & Health,0.9842276034238711,"[0.003812969567430167, 0.006462801673878861, 0.9842276034238711, 0.005496625334819969]"
synthetic,actor_7,2025-02-12,technology not policy drive economic growth president elect donald trump economic growth plan sparked debate economist left right side,technology not policy drive economic growth president elect donald trump economic growth plan sparked debate economist left right side,Politics & Governance,0.8124396047893581,"[0.14309282270671148, 0.8124396047893581, 0.01479970605090989, 0.02966786645302065]"
synthetic,actor_7,2025-02-12,donald trump tell pro trump super pac cut statement come report tying trump super pac,donald trump tell pro trump super pac cut statement come report tying trump super pac,Politics & Governance,0.96378962089057,"[0.0011757354895824545, 0.96378962089057, 0.03422395282687487, 0.0008106907929726056]"
synthetic,actor_7,2025-02-12,margot robbie hilariously honeymooned ellen barack obama yes read right,margot robbie hilariously honeymooned ellen barack obama yes read right,Society & Health,0.6126506124458895,"[0.03998315415836563, 0.32847349547508575, 0.6126506124458895, 0.018892737920659073]"
synthetic,actor_7,2025-02-12,target hacker stole pin source monday santander unit spain banco santander followed suit lowering daily limit cash withdrawal,target hacker stole pin source monday santander unit spain banco santander followed suit lowering daily limit cash withdrawal,Society & Health,0.3193527703907069,"[0.31167318919540976, 0.27227693767527783, 0.3193527703907069, 0.09669710273860543]"
synthetic,actor_7,2025-02-12,look new meteor shower thrill stargazer,look new meteor shower thrill stargazer,Technology & Cyber,0.46738455209037816,"[0.0673209494517864, 0.09716790188088885, 0.36812659657694674, 0.46738455209037816]"
synthetic,actor_7,2025-02-12,burkina faso night fall africa ouagandougou burkina faso finding way around ouagadougou capital burkina faso easy wide,burkina faso night fall africa ouagandougou burkina faso finding way around ouagadougou capital burkina faso easy wide,Society & Health,0.7306853517999788,"[0.05599359413541874, 0.18214727417670046, 0.7306853517999788, 0.03117377988790198]"
synthetic,actor_7,2025-02-12,ban hollywood godzilla king kong go battle big screen godzilla v kong slated release,ban hollywood godzilla king kong go battle big screen godzilla v kong slated release,Society & Health,0.7582447461969963,"[0.019784951213834667, 0.18879551160060193, 0.7582447461969963, 0.033174790988566974]"
synthetic,actor_7,2025-02-12,rachel weisz might well talking trump denial clip actress play historian defending work bigoted blowhard,rachel weisz might well talking trump denial clip actress play historian defending work bigoted blowhard,Society & Health,0.7308946178720961,"[0.017250677377307025, 0.24037851730381826, 0.7308946178720961, 0.011476187446778767]"
synthetic,actor_7,2025-02-12,jane seymour style evolution modestly covered skin tight short photo early career seymour personal style much like modestly covered dr quinn favored long flowy dress,jane seymour style evolution modestly covered skin tight short photo early career seymour personal style much like modestly covered dr quinn favored long flowy dress,Society & Health,0.9916766952791665,"[0.004167148536763438, 0.002013735596582283, 0.9916766952791665, 0.002142420587487807]"
synthetic,actor_7,2025-02-12,watch wild dinosaur impression,watch wild dinosaur impression,Society & Health,0.5157529052489064,"[0.01639255979252789, 0.026784722582324096, 0.5157529052489064, 0.44106981237624177]"
synthetic,actor_7,2025-02-12,video phone help deaf people deaf people prefer communicate using british sign language bsl could soon phone conversation relayed using webcam videophones interpreter video relay service piloted royal national institute deaf people rnid organisation say unless service provided rate voice call beyond people pocket rnid urging telecom regulator ofcom reduce cost service current per minute make ordinary phone call service work putting deaf person visual contact bsl interpreter via webcam video phone interpreter relay deaf person conversation using telephone translates person response sign language many deaf people especially born deaf bsl first preferred mean communication alternative use textphones mean type message relayed via operator past used textphones problem said robert currington taking part pilot communicate bsl written english not good take longer think english type message sometimes find difficult understand reply rnid say uk lagging behind country already making relay service available cost ordinary phone call no technical economic reason not providing equivalent access service deaf people said rnid technology director guido gybels u australia sign language relay service already made universally available cost voice call failing provide fund video relay service sign language user telecommunication sector effectively discriminating already disenfranchised group ofcom say plan review service telecom company obliged provide early next year new technology including video relay service discussed interested party near future spokesman said power limited legislation proposal extend existing arrangement cover new service would government consider said mr currington like many uk bsl user hoping way found make cost effective service available relay service make phone conversation pleasure said show emotion easily bsl way hearing people express emotion voice call,video phone help deaf people deaf people prefer communicate using british sign language bsl could soon phone conversation relayed using webcam videophones interpreter video relay service piloted royal national institute deaf people rnid organisation say unless service provided rate voice call beyond people pocket rnid urging telecom regulator ofcom reduce cost service current per minute make ordinary phone call service work putting deaf person visual contact bsl interpreter via webcam video phone interpreter relay deaf person conversation using telephone translates person response sign language many deaf people especially born deaf bsl first preferred mean communication alternative use textphones mean type message relayed via operator past used textphones problem said robert currington taking part pilot communicate bsl written english not good take longer think english type message sometimes find difficult understand reply rnid say uk lagging behind country already making relay service available cost ordinary phone call no technical economic reason not providing equivalent access service deaf people said rnid technology director guido gybels u australia sign language relay service already made universally available cost voice call failing provide fund video relay service sign language user telecommunication sector effectively discriminating already disenfranchised group ofcom say plan review service telecom company obliged provide early next year new technology including video relay service discussed interested party near future spokesman said power limited legislation proposal extend existing arrangement cover new service would government consider said mr currington like many uk bsl user hoping way found make cost effective service available relay service make phone conversation pleasure said show emotion easily bsl way hearing people express emotion voice call,Technology & Cyber,0.8271625074108346,"[0.08776829621184366, 0.06348532627678108, 0.0215838701005406, 0.8271625074108346]"
synthetic,actor_7,2025-02-12,ken starr resigns baylor chancellor amid football rape scandal starr university president last week stepping matter conscience,ken starr resigns baylor chancellor amid football rape scandal starr university president last week stepping matter conscience,Society & Health,0.5879753274927059,"[0.04304039132671673, 0.35711497158054073, 0.5879753274927059, 0.0118693096000367]"
synthetic,actor_7,2025-02-12,ferrum professional styler straightens hair give blowout ferrum styler exactly promised straightened hair gave volume looked like professionally,ferrum professional styler straightens hair give blowout ferrum styler exactly promised straightened hair gave volume looked like professionally,Society & Health,0.9686451740519747,"[0.011727269867614272, 0.014467201019075417, 0.9686451740519747, 0.005160355061335655]"
synthetic,actor_7,2025-02-12,kristen bell go deep secret healthy marriage dax shepard actress shared advice benefit,kristen bell go deep secret healthy marriage dax shepard actress shared advice benefit,Society & Health,0.926480571581598,"[0.03422120419895259, 0.030851690696311555, 0.926480571581598, 0.00844653352313782]"
synthetic,actor_7,2025-02-12,florida end road american road really good american car,florida end road american road really good american car,Society & Health,0.45494018204680253,"[0.24023563945703091, 0.26730601516840113, 0.45494018204680253, 0.03751816332776528]"
synthetic,actor_7,2025-02-12,reason not stressing new york fashion week manage new york fashion week way manage rest life lot advance preparation,reason not stressing new york fashion week manage new york fashion week way manage rest life lot advance preparation,Society & Health,0.9554927222103389,"[0.01945907756922836, 0.017856677219538018, 0.9554927222103389, 0.007191523000894715]"
synthetic,actor_7,2025-02-12,tip stay safe travel emergency far home foreign country emergency leave u dire circumstance even life threatening thankfully learned not survive thrive face misfortune tip stay safe travel emergency,tip stay safe travel emergency far home foreign country emergency leave u dire circumstance even life threatening thankfully learned not survive thrive face misfortune tip stay safe travel emergency,Society & Health,0.8471769601913486,"[0.03821384519690356, 0.09583973282869826, 0.8471769601913486, 0.01876946178304959]"
synthetic,actor_7,2025-02-12,getting bird bird filming animal lot complicated filming people take lot preparation one might think one want go well one never prepared enough,getting bird bird filming animal lot complicated filming people take lot preparation one might think one want go well one never prepared enough,Society & Health,0.5097932320664192,"[0.13029953583158263, 0.17740537167424222, 0.5097932320664192, 0.18250186042775596]"
synthetic,actor_8,2025-02-12,indonesian face fuel price rise indonesia government confirmed considering raising fuel price much million indonesian use kerosene basic cooking price heavily subsidised year president susilo bambang yudhoyono government said want curb fuel subsidy direct money aid programme poor critic argue cutting subsidy hurt poorer family government say want help million people left homeless indonesia aceh region following earthquake tsunami disaster late december indonesia pay subsidy importer order stabilise domestic fuel price higher oil price forced government spend holding price spent trillion rupiah bn bn fuel subsidy sum far excess original projection trillion rupiah since president yudhoyono government came power october indicated intention raising domestic fuel price cutting subsidy january march quarter year best time u increase fuel price said sri mulyani indrawati state minister national development planning still considering hike suitable moment sooner better state budget bbc correspondent jakarta rachel harvey told world business report likely strong public reaction price rise big question whether go one big short sharp shock raise price whether try stagger said indonesia previous government led president megawati sukarnoputri also attempted cut subsidy forced back face public protest,indonesian face fuel price rise indonesia government confirmed considering raising fuel price much million indonesian use kerosene basic cooking price heavily subsidised year president susilo bambang yudhoyono government said want curb fuel subsidy direct money aid programme poor critic argue cutting subsidy hurt poorer family government say want help million people left homeless indonesia aceh region following earthquake tsunami disaster late december indonesia pay subsidy importer order stabilise domestic fuel price higher oil price forced government spend holding price spent trillion rupiah bn bn fuel subsidy sum far excess original projection trillion rupiah since president yudhoyono government came power october indicated intention raising domestic fuel price cutting subsidy january march quarter year best time u increase fuel price said sri mulyani indrawati state minister national development planning still considering hike suitable moment sooner better state budget bbc correspondent jakarta rachel harvey told world business report likely strong public reaction price rise big question whether go one big short sharp shock raise price whether try stagger said indonesia previous government led president megawati sukarnoputri also attempted cut subsidy forced back face public protest,Economy & Business,0.5207829344038749,"[0.5207829344038749, 0.45651826710007787, 0.009318263599312395, 0.013380534896734922]"
synthetic,actor_8,2025-02-12,trump blame democrat blocking nominee even picked yet trump need job naming ambassador nominee democratic senate aide responds,trump blame democrat blocking nominee even picked yet trump need job naming ambassador nominee democratic senate aide responds,Politics & Governance,0.9989500141392154,"[0.00023222328865210584, 0.9989500141392154, 0.0006407310341690337, 0.00017703153796350886]"
synthetic,actor_8,2025-02-12,college mouth daughter graduate college fortunate enough receive job offer great company thrilled simultaneously terrified give short week eradicate calling around house bad case college mouth,college mouth daughter graduate college fortunate enough receive job offer great company thrilled simultaneously terrified give short week eradicate calling around house bad case college mouth,Economy & Business,0.6884292816846473,"[0.6884292816846473, 0.14227071610570255, 0.12844335992075018, 0.040856642288900125]"
synthetic,actor_8,2025-02-12,emma stone meryl streep star bring activist golden globe moment time call u use power collective voice find solution leave no woman behind,emma stone meryl streep star bring activist golden globe moment time call u use power collective voice find solution leave no woman behind,Society & Health,0.8958074279237314,"[0.03023836941564614, 0.059981793052378184, 0.8958074279237314, 0.01397240960824432]"
synthetic,actor_8,2025-02-12,google open retail store major u city end report according google extremely reliable source confirmed google building stand alone retail store,google open retail store major u city end report according google extremely reliable source confirmed google building stand alone retail store,Technology & Cyber,0.4892059508460209,"[0.3614380176649281, 0.0586224596792501, 0.09073357180980095, 0.4892059508460209]"
synthetic,actor_8,2025-02-12,cathedral move sculpture texters keep bumping kiss caused quite headache,cathedral move sculpture texters keep bumping kiss caused quite headache,Society & Health,0.4640727930037085,"[0.07097230538505794, 0.336282076492185, 0.4640727930037085, 0.1286728251190484]"
synthetic,actor_8,2025-02-12,become key person influence,become key person influence,Politics & Governance,0.5152285154030642,"[0.16156446103745106, 0.5152285154030642, 0.21337052880045512, 0.10983649475902942]"
synthetic,actor_8,2025-02-12,mueller reportedly making list stuff trump done office special counsel also told president lawyer trump not criminal target point,mueller reportedly making list stuff trump done office special counsel also told president lawyer trump not criminal target point,Politics & Governance,0.9801674960503564,"[0.00555517468455397, 0.9801674960503564, 0.013462529543406244, 0.0008147997216835183]"
synthetic,actor_8,2025-02-12,no big deal guy skiing chairlift cable gulp,no big deal guy skiing chairlift cable gulp,Society & Health,0.7397871666920908,"[0.06173993183877099, 0.15810132436673913, 0.7397871666920908, 0.04037157710239906]"
synthetic,actor_8,2025-02-12,sen jeff flake white house chaos hurt standing world gop lawmaker vocal trump critic accused not personally enough keep president check,sen jeff flake white house chaos hurt standing world gop lawmaker vocal trump critic accused not personally enough keep president check,Politics & Governance,0.9973498602013903,"[0.0007280566919350123, 0.9973498602013903, 0.0017038651742831235, 0.00021821793239160727]"
synthetic,actor_8,2025-02-12,trevor noah defends obama conservative criticism police brutality daily show host point talking problem thing causing,trevor noah defends obama conservative criticism police brutality daily show host point talking problem thing causing,Society & Health,0.566161573986603,"[0.0279315110569542, 0.3991879613631551, 0.566161573986603, 0.006718953593287727]"
synthetic,actor_8,2025-02-12,boaty mcboatface preparing first antarctic mission thought joke,boaty mcboatface preparing first antarctic mission thought joke,Society & Health,0.4521564508533757,"[0.06385849303623498, 0.20684087766180434, 0.4521564508533757, 0.2771441784485849]"
synthetic,actor_8,2025-02-12,herb italian food lover home many smell divine make traditional italian dish almost intoxicating italian use,herb italian food lover home many smell divine make traditional italian dish almost intoxicating italian use,Society & Health,0.9215667499284619,"[0.02303196648512122, 0.04092244721774798, 0.9215667499284619, 0.014478836368668929]"
synthetic,actor_8,2025-02-12,mexico interjet launch new york city flight photo interjet new york moment made difference ceo jose luis garza decided attack obscurity head flying,mexico interjet launch new york city flight photo interjet new york moment made difference ceo jose luis garza decided attack obscurity head flying,Society & Health,0.8780488851133754,"[0.035262318099700596, 0.04650052735873044, 0.8780488851133754, 0.04018826942819367]"
synthetic,actor_8,2025-02-12,yahoo move desktop search internet giant yahoo launched software allow people search e mail file pc firm following footstep microsoft google ask jeeves offered similar service search become lucrative hotly contested area expansion net firm looking extend loyalty beyond web hard drive providing bigger storage user could need help locate important file photo desktop search technology licensed u based firm x technology designed work alongside microsoft outlook outlook express e mail program searching e mail effectively becoming increasingly important especially amount spam increase according research message analyst radicati group business critical information stored e mail attachment yahoo software also work separately desktop searching music photo file user search variety criterion including file name size date time yet incorporate web searching although yahoo promised future version allow user search web based desktop data getting file desktop real commercial opportunity lie linking web content said julian smith analyst research firm jupiter extending idea search getting closer relationship consumer organising not search internet file computer well said search engine often first port call user go onto web new foray desktop search rung alarm bell human right group concerned implication privacy not everyone impressed functionality service alexander linden vice president emerging technology analyst firm gartner downloaded google product since removed not interesting said belief rush enter desktop business way keeping rival desktop search one many feature people would like suspicious usefulness said useful would tool combine internet intranet desktop search alongside improvement key word searching said,yahoo move desktop search internet giant yahoo launched software allow people search e mail file pc firm following footstep microsoft google ask jeeves offered similar service search become lucrative hotly contested area expansion net firm looking extend loyalty beyond web hard drive providing bigger storage user could need help locate important file photo desktop search technology licensed u based firm x technology designed work alongside microsoft outlook outlook express e mail program searching e mail effectively becoming increasingly important especially amount spam increase according research message analyst radicati group business critical information stored e mail attachment yahoo software also work separately desktop searching music photo file user search variety criterion including file name size date time yet incorporate web searching although yahoo promised future version allow user search web based desktop data getting file desktop real commercial opportunity lie linking web content said julian smith analyst research firm jupiter extending idea search getting closer relationship consumer organising not search internet file computer well said search engine often first port call user go onto web new foray desktop search rung alarm bell human right group concerned implication privacy not everyone impressed functionality service alexander linden vice president emerging technology analyst firm gartner downloaded google product since removed not interesting said belief rush enter desktop business way keeping rival desktop search one many feature people would like suspicious usefulness said useful would tool combine internet intranet desktop search alongside improvement key word searching said,Technology & Cyber,0.9855863777290833,"[0.011858753291109417, 0.0012658582386574583, 0.0012890107411498806, 0.9855863777290833]"
synthetic,actor_8,2025-02-12,black market baby trade flourish india adoption law reform recent uncovering major baby trafficking racket eastern india brought issue indian adoption,black market baby trade flourish india adoption law reform recent uncovering major baby trafficking racket eastern india brought issue indian adoption,Politics & Governance,0.8388931105500957,"[0.06595122052926684, 0.8388931105500957, 0.07611157906133437, 0.019044089859303247]"
synthetic,actor_8,2025-02-12,technique research locate film investor,technique research locate film investor,Society & Health,0.6429882651199644,"[0.1152340257435749, 0.07151936053679372, 0.6429882651199644, 0.17025834859966707]"
synthetic,actor_8,2025-02-12,seattle woman say identity stolen time since equifax data breach want share story make people aware happen anybody,seattle woman say identity stolen time since equifax data breach want share story make people aware happen anybody,Economy & Business,0.4857396631649732,"[0.4857396631649732, 0.18674113794290964, 0.2555114241555846, 0.07200777473653262]"
synthetic,actor_8,2025-02-12,white house care much brown folk week going ok could better probably worse,white house care much brown folk week going ok could better probably worse,Politics & Governance,0.8220061587991196,"[0.04062676320933154, 0.8220061587991196, 0.1203819354082043, 0.016985142583344513]"
synthetic,actor_8,2025-02-12,ncaa pull event north carolina unless hb repealed sport group warns anti lgbtq law could continue cost state ncaa championship event north carolina sport association said monday,ncaa pull event north carolina unless hb repealed sport group warns anti lgbtq law could continue cost state ncaa championship event north carolina sport association said monday,Society & Health,0.6162548403864375,"[0.04220389276996538, 0.32241274496096023, 0.6162548403864375, 0.019128521882636886]"
synthetic,actor_1,2025-02-19,ebbers denies worldcom fraud former worldcom chief bernie ebbers denied claim knew accountant doctoring book firm speaking court mr ebbers rejected allegation pressured ex chief financial officer scott sullivan falsify company financial statement mr sullivan made accounting decision told federal court saying finance chief keen command number mr ebbers denied charge fraud conspiracy second day questioning new york trial mr ebbers played working relationship mr sullivan denied frequently met discus company business questioned prosecution lot week would speak three four time mr ebbers said adding conversation finance rarely one one usually discussed group people instead mr ebbers relationship mr sullivan key case surrounding financial corruption led collapse firm following discovery bn accounting fraud prosecution star witness mr sullivan one six worldcom executive indicted case pleaded guilty fraud appeared prosecution witness part agreement prosecutor time witness stand mr sullivan repeatedly told juror met frequently mr ebbers told change made worldcom account hide cost warned practises improper however case tuesday mr ebbers denied allegation advised scott sullivan anything ever wrong told court never told made entry right today mr ebbers could face jail sentence year convicted charge facing shareholder lost bn worldcom collapse worker lost job company went bankrupt company emerged bankruptcy last year known mci,ebbers denies worldcom fraud former worldcom chief bernie ebbers denied claim knew accountant doctoring book firm speaking court mr ebbers rejected allegation pressured ex chief financial officer scott sullivan falsify company financial statement mr sullivan made accounting decision told federal court saying finance chief keen command number mr ebbers denied charge fraud conspiracy second day questioning new york trial mr ebbers played working relationship mr sullivan denied frequently met discus company business questioned prosecution lot week would speak three four time mr ebbers said adding conversation finance rarely one one usually discussed group people instead mr ebbers relationship mr sullivan key case surrounding financial corruption led collapse firm following discovery bn accounting fraud prosecution star witness mr sullivan one six worldcom executive indicted case pleaded guilty fraud appeared prosecution witness part agreement prosecutor time witness stand mr sullivan repeatedly told juror met frequently mr ebbers told change made worldcom account hide cost warned practises improper however case tuesday mr ebbers denied allegation advised scott sullivan anything ever wrong told court never told made entry right today mr ebbers could face jail sentence year convicted charge facing shareholder lost bn worldcom collapse worker lost job company went bankrupt company emerged bankruptcy last year known mci,Economy & Business,0.8251936132245405,"[0.8251936132245405, 0.11683005873798273, 0.029994688423476863, 0.0279816396139997]"
synthetic,actor_1,2025-02-19,doritos flavored mountain dew real pepsico confirms,doritos flavored mountain dew real pepsico confirms,Society & Health,0.7301477244953717,"[0.08567339475828248, 0.13624241906752613, 0.7301477244953717, 0.04793646167881974]"
synthetic,actor_1,2025-02-19,walgreens boycott could wakeup call washington walgreens becoming foreign company slap face american number reason sorkin noted received billion medicare medicaid last year percent corporate revenue,walgreens boycott could wakeup call washington walgreens becoming foreign company slap face american number reason sorkin noted received billion medicare medicaid last year percent corporate revenue,Economy & Business,0.6271474266910538,"[0.6271474266910538, 0.2876114756384829, 0.040607179429682165, 0.04463391824078124]"
synthetic,actor_1,2025-02-19,bigger bend building regional startup cluster part lifestyle entrepreneur building business make profit support awesome lifestyle bend,bigger bend building regional startup cluster part lifestyle entrepreneur building business make profit support awesome lifestyle bend,Economy & Business,0.858741818819022,"[0.858741818819022, 0.05813856515404641, 0.05325947094330409, 0.02986014508362752]"
synthetic,actor_1,2025-02-19,black friday deal walmart target best buy price increased last year bad news black friday shopper pay year uptick sale price line overall increase,black friday deal walmart target best buy price increased last year bad news black friday shopper pay year uptick sale price line overall increase,Economy & Business,0.9757624132372325,"[0.9757624132372325, 0.010633626990312204, 0.006141734793303458, 0.0074622249791517605]"
synthetic,actor_1,2025-02-19,darnell schoolfield mobile clerk arrested allegedly stabbing customer angry billing issue video argument billing issue escalated stabbing week clerk mobile store allegedly attacked,darnell schoolfield mobile clerk arrested allegedly stabbing customer angry billing issue video argument billing issue escalated stabbing week clerk mobile store allegedly attacked,Economy & Business,0.4968386185040824,"[0.4968386185040824, 0.214581274098582, 0.16418623328970142, 0.12439387410763403]"
synthetic,actor_1,2025-02-19,marsh executive guilty plea executive u insurance firm marsh mclennan pleaded guilty criminal charge connection ongoing fraud bid rigging probe new york attorney general elliot spitzer said senior vice president robert stearns pleaded guilty scheming defraud offence carry sentence month four year state prison mr spitzer office added mr stearns also agreed testify future case industry inquiry saddened development marsh said statement company added would continue co operate case adding committed resolving company legal issue serving client highest standard transparency ethic according statement mr spitzer office marsh executive admitted instructed insurance company submit non competitive bid insurance business bid conveyed marsh client false fraudulent pretence practice marsh allowed determine insurer business client control insurance market mr spitzer office added also protected incumbent insurer business renewal helped marsh maximise fee statement said one case email showed mr stearns instructed colleague solicit non competitive b quote aig higher premium restrictive coverage fixed bid way would support present provider chubb company also still examined u stock market regulator security exchange commission sec late last month sec asked information transaction involving holder firm share,marsh executive guilty plea executive u insurance firm marsh mclennan pleaded guilty criminal charge connection ongoing fraud bid rigging probe new york attorney general elliot spitzer said senior vice president robert stearns pleaded guilty scheming defraud offence carry sentence month four year state prison mr spitzer office added mr stearns also agreed testify future case industry inquiry saddened development marsh said statement company added would continue co operate case adding committed resolving company legal issue serving client highest standard transparency ethic according statement mr spitzer office marsh executive admitted instructed insurance company submit non competitive bid insurance business bid conveyed marsh client false fraudulent pretence practice marsh allowed determine insurer business client control insurance market mr spitzer office added also protected incumbent insurer business renewal helped marsh maximise fee statement said one case email showed mr stearns instructed colleague solicit non competitive b quote aig higher premium restrictive coverage fixed bid way would support present provider chubb company also still examined u stock market regulator security exchange commission sec late last month sec asked information transaction involving holder firm share,Economy & Business,0.9438592076407768,"[0.9438592076407768, 0.04615557819929895, 0.0015796440258143063, 0.008405570134110066]"
synthetic,actor_1,2025-02-19,cancer screening budget cut may prove deadly woman course recession year followed federal funding social safety net program,cancer screening budget cut may prove deadly woman course recession year followed federal funding social safety net program,Economy & Business,0.45693249212532966,"[0.45693249212532966, 0.38796415749491164, 0.06850109238550697, 0.08660225799425174]"
synthetic,actor_1,2025-02-19,first baby way student loan making tough anyway get soapbox ive also learned recently law suit agaist specifically sallie,first baby way student loan making tough anyway get soapbox ive also learned recently law suit agaist specifically sallie,Economy & Business,0.4793092121718317,"[0.4793092121718317, 0.2676209650894566, 0.21038909407545942, 0.04268072866325229]"
synthetic,actor_1,2025-02-19,heidi peterson detroit homeowner find squatter house peterson said bought severely undervalued house detroit boston edison historic district,heidi peterson detroit homeowner find squatter house peterson said bought severely undervalued house detroit boston edison historic district,Politics & Governance,0.3972727280978335,"[0.28954790250991924, 0.3972727280978335, 0.2797379305774629, 0.03344143881478432]"
synthetic,actor_1,2025-02-19,u job growth slowed third month row u economy added job last month,u job growth slowed third month row u economy added job last month,Economy & Business,0.7845196851949089,"[0.7845196851949089, 0.118948554832979, 0.07839259508218971, 0.018139164889922496]"
synthetic,actor_1,2025-02-19,educated country world,educated country world,Economy & Business,0.42851237099239464,"[0.42851237099239464, 0.3400104478290429, 0.20282194053587638, 0.028655240642686097]"
synthetic,actor_1,2025-02-19,anti consumer law repealed rule regulation work intended last week took hard look new law needed passed,anti consumer law repealed rule regulation work intended last week took hard look new law needed passed,Politics & Governance,0.5032596961574559,"[0.3253020900267252, 0.5032596961574559, 0.10654332679648887, 0.06489488701932992]"
synthetic,actor_1,2025-02-19,car theft city car likely stolen car thief slacking number auto theft u fell eighth consecutive year last year according,car theft city car likely stolen car thief slacking number auto theft u fell eighth consecutive year last year according,Economy & Business,0.7567102992101225,"[0.7567102992101225, 0.059166399896739934, 0.11196234839781312, 0.07216095249532462]"
synthetic,actor_1,2025-02-19,social selling simple follow one golden rule february mark zuckerberg sent world facebook status update marking company th anniversary billion active social medium user worldwide active mobile user,social selling simple follow one golden rule february mark zuckerberg sent world facebook status update marking company th anniversary billion active social medium user worldwide active mobile user,Technology & Cyber,0.6471529335860674,"[0.26322418056522656, 0.06657962585303862, 0.02304325999566752, 0.6471529335860674]"
synthetic,actor_1,2025-02-19,debt collector using prosecutor letterhead recover debt letter sent thousand people across country written bad check threatening jail,debt collector using prosecutor letterhead recover debt letter sent thousand people across country written bad check threatening jail,Politics & Governance,0.5242636775176084,"[0.38959886667760024, 0.5242636775176084, 0.05986519207519103, 0.0262722637296004]"
synthetic,actor_1,2025-02-19,lululemon pressure founder,lululemon pressure founder,Economy & Business,0.37093605315121353,"[0.37093605315121353, 0.2257711368906373, 0.34015441615380054, 0.06313839380434871]"
synthetic,actor_1,2025-02-19,report arkansas law imprisons fail pay rent state law arkansas renter imprisoned failing pay rent according report human right,report arkansas law imprisons fail pay rent state law arkansas renter imprisoned failing pay rent according report human right,Politics & Governance,0.4793871118804096,"[0.46573195268850986, 0.4793871118804096, 0.033104231311128586, 0.02177670411995202]"
synthetic,actor_1,2025-02-19,latin america see strong growth latin america economy grew best performance since export registered best performance two decade united nation economic commission latin america caribbean said region grew year inter american development bank iadb said regional export reached bn bn bn euro doubt strength u recovery overheating chinese economy however pose risk organisation also warned high oil price raise risk either inflation recession nevertheless economic commission latin america caribbean eclac still forecast growth strong recovery country venezuela uruguay boosted overall performance region eclac also said six largest latin american economy argentina brazil chile colombia mexico venezuela grew second time year chinese u economic strength helped boost export strong demand agricultural mining product fact latin american export china grew bn higher oil price also helped boost export mexico venezuela important oil exporter regional bloc well free trade agreement u contributed region strong performance iadb said,latin america see strong growth latin america economy grew best performance since export registered best performance two decade united nation economic commission latin america caribbean said region grew year inter american development bank iadb said regional export reached bn bn bn euro doubt strength u recovery overheating chinese economy however pose risk organisation also warned high oil price raise risk either inflation recession nevertheless economic commission latin america caribbean eclac still forecast growth strong recovery country venezuela uruguay boosted overall performance region eclac also said six largest latin american economy argentina brazil chile colombia mexico venezuela grew second time year chinese u economic strength helped boost export strong demand agricultural mining product fact latin american export china grew bn higher oil price also helped boost export mexico venezuela important oil exporter regional bloc well free trade agreement u contributed region strong performance iadb said,Economy & Business,0.9017872894183134,"[0.9017872894183134, 0.08387175312765488, 0.009804624673724498, 0.00453633278030718]"
synthetic,actor_1,2025-02-19,tobacco giant hail court ruling u tobacco company welcomed appeal court decision reject government bn bn claim alleged deceit smoking danger tobacco stock rose sharply wall street decision court washington found case filed clinton administration could not brought federal anti racketeering law anti smoking group urge government fight justice department not said appeal among accused altria group rj reynolds tobacco lorillard tobacco liggett group brown williamson delighted decision sent reynolds share altria share charles blixt executive vice president rj reynolds tobacco said ruling dramatically transforms government lawsuit altria group said statement government must not prove company engaged fraudulent behaviour past likely future government claimed tobacco firm manipulated nicotine level increase addiction targeted teenager multi billion dollar advertising campaign lied danger smoking ignored research contrary prosecutor wanted cigarette firm disgorge bn profit accumulated past year impose tougher rule marketing product brought case racketeering law passed deny mafia gang profit crime tobacco company denied illegally conspired promote smoking defraud public also said already met many government demand landmark bn settlement reached state three judge panel district columbia court appeal ruled friday u government could not sue firm anti racketeering law judge david sentelle ruling said law aimed putting end illegal conduct going forward hold language law comprehensive remedial scheme law preclude disgorgement possible remedy case wrote justice department refused say would appeal saying today received ruling reviewing spokeswoman said friday william corr campaign tobacco free kid urged government continue pressing case today ruling not excuse administration seek weak settlement let tobacco industry hook said,tobacco giant hail court ruling u tobacco company welcomed appeal court decision reject government bn bn claim alleged deceit smoking danger tobacco stock rose sharply wall street decision court washington found case filed clinton administration could not brought federal anti racketeering law anti smoking group urge government fight justice department not said appeal among accused altria group rj reynolds tobacco lorillard tobacco liggett group brown williamson delighted decision sent reynolds share altria share charles blixt executive vice president rj reynolds tobacco said ruling dramatically transforms government lawsuit altria group said statement government must not prove company engaged fraudulent behaviour past likely future government claimed tobacco firm manipulated nicotine level increase addiction targeted teenager multi billion dollar advertising campaign lied danger smoking ignored research contrary prosecutor wanted cigarette firm disgorge bn profit accumulated past year impose tougher rule marketing product brought case racketeering law passed deny mafia gang profit crime tobacco company denied illegally conspired promote smoking defraud public also said already met many government demand landmark bn settlement reached state three judge panel district columbia court appeal ruled friday u government could not sue firm anti racketeering law judge david sentelle ruling said law aimed putting end illegal conduct going forward hold language law comprehensive remedial scheme law preclude disgorgement possible remedy case wrote justice department refused say would appeal saying today received ruling reviewing spokeswoman said friday william corr campaign tobacco free kid urged government continue pressing case today ruling not excuse administration seek weak settlement let tobacco industry hook said,Politics & Governance,0.5284759860749737,"[0.45692517967388124, 0.5284759860749737, 0.0008028768504931488, 0.013795957400651947]"
synthetic,actor_2,2025-02-19,regifting acceptable practice percent american survey knowing network friend vital successful regifter according creditdonkey last thing,regifting acceptable practice percent american survey knowing network friend vital successful regifter according creditdonkey last thing,Economy & Business,0.5643966426016428,"[0.5643966426016428, 0.13676038490475434, 0.24705562814600815, 0.051787344347594605]"
synthetic,actor_2,2025-02-19,news corp eye video game market news corp medium company controlled australian billionaire rupert murdoch eyeing move video game market according financial time chief operating officer peter chernin said news corp kicking tyre pretty much video game company santa monica based activison said one firm takeover list video game big business paper quoted mr chernin saying would like get success product sony playstation microsoft x box nintendo game cube boosted demand video game day arcade classic space invader pac man donkey kong long gone today game often budget big enough feature film look give gamers real experience possible price tag reflecting heavy investment development company video game proving almost profitable fun mr chernin however told ft news corp finding difficult identify suitable target struggling gap company like electronic art ea come high price tag next tier company explained conference phoenix arizona may focused one two product line activision stock market capitalisation bn bn compared ea bn game industry main player recently looking consolidate position making acquisition france ubisoft one europe biggest video game publisher trying remain independent since electronic art announced plan buy firm analyst said industry merger likely future,news corp eye video game market news corp medium company controlled australian billionaire rupert murdoch eyeing move video game market according financial time chief operating officer peter chernin said news corp kicking tyre pretty much video game company santa monica based activison said one firm takeover list video game big business paper quoted mr chernin saying would like get success product sony playstation microsoft x box nintendo game cube boosted demand video game day arcade classic space invader pac man donkey kong long gone today game often budget big enough feature film look give gamers real experience possible price tag reflecting heavy investment development company video game proving almost profitable fun mr chernin however told ft news corp finding difficult identify suitable target struggling gap company like electronic art ea come high price tag next tier company explained conference phoenix arizona may focused one two product line activision stock market capitalisation bn bn compared ea bn game industry main player recently looking consolidate position making acquisition france ubisoft one europe biggest video game publisher trying remain independent since electronic art announced plan buy firm analyst said industry merger likely future,Economy & Business,0.7934976906383435,"[0.7934976906383435, 0.0013268972639724882, 0.006398297560770597, 0.1987771145369134]"
synthetic,actor_2,2025-02-19,could brexit catastrophe never happens reason think,could brexit catastrophe never happens reason think,Politics & Governance,0.4036147053139988,"[0.20515846844710703, 0.4036147053139988, 0.3001575574551679, 0.09106926878372622]"
synthetic,actor_2,2025-02-19,tax go government spends healthcare every american pay federal income tax,tax go government spends healthcare every american pay federal income tax,Politics & Governance,0.6441987221231671,"[0.34213128684000543, 0.6441987221231671, 0.010173873819830651, 0.0034961172169968254]"
synthetic,actor_2,2025-02-19,well fargo face proposed class action lawsuit bogus account scandal employee fired revealed bank opened million account without customer knowledge,well fargo face proposed class action lawsuit bogus account scandal employee fired revealed bank opened million account without customer knowledge,Economy & Business,0.9532622274680802,"[0.9532622274680802, 0.020279352074319832, 0.013399291797018422, 0.013059128660581646]"
synthetic,actor_2,2025-02-19,scandinavian architect design snail like ecohome photo trying one nature living snail like home might not bad way start home aesthetic design,scandinavian architect design snail like ecohome photo trying one nature living snail like home might not bad way start home aesthetic design,Society & Health,0.6837205711001754,"[0.20166855309688642, 0.0502827394930427, 0.6837205711001754, 0.06432813630989555]"
synthetic,actor_2,2025-02-19,weak nonprofit board practice peter rinn breakthrough solution group published list weak nonprofit board practice following item listed estimation done based experience nonprofit board director board chair consultant,weak nonprofit board practice peter rinn breakthrough solution group published list weak nonprofit board practice following item listed estimation done based experience nonprofit board director board chair consultant,Economy & Business,0.8689413990658191,"[0.8689413990658191, 0.05675950565484707, 0.05871055879299991, 0.015588536486333801]"
synthetic,actor_2,2025-02-19,paul ryan opposes bipartisan agreement obamacare payment speaker not see anything change view senate keep focus repeal replace obamacare,paul ryan opposes bipartisan agreement obamacare payment speaker not see anything change view senate keep focus repeal replace obamacare,Politics & Governance,0.9864582034221074,"[0.008427920120620233, 0.9864582034221074, 0.0029580431510968196, 0.00215583330617548]"
synthetic,actor_2,2025-02-19,u judge strike new hampshire ban ballot photo concord n h aug reuters federal judge tuesday struck new hampshire law barring voter sharing,u judge strike new hampshire ban ballot photo concord n h aug reuters federal judge tuesday struck new hampshire law barring voter sharing,Politics & Governance,0.9420453622643608,"[0.016479054305498012, 0.9420453622643608, 0.031633044049257285, 0.009842539380884028]"
synthetic,actor_2,2025-02-19,brexit carnage sterling stock free fall uk vote exit european union british pound collapsed no less u cent easily biggest fall living memory,brexit carnage sterling stock free fall uk vote exit european union british pound collapsed no less u cent easily biggest fall living memory,Politics & Governance,0.47007459817356334,"[0.3299234546212073, 0.47007459817356334, 0.15770823176924803, 0.042293715435981274]"
synthetic,actor_2,2025-02-19,house price suffer festive fall uk house price fell december according figure office deputy prime minister nationally house price rose annual rate december less rise previous month average uk house price fell november reflecting recent land registry figure confirming slowdown late major uk region apart northern ireland experienced fall annual growth december december traditionally quiet month housing market christmas celebration however recent figure land registry showing big drop sale last quarter previous year suggested slowdown could seasonal blip volume sale october december dropped nearly quarter period land registry said although office deputy prime minister odpm land registry figure point slowdown market recent survey nationwide halifax indicated market may undergoing revival registering fall back end halifax said house price rose january nationwide reported rise first month year,house price suffer festive fall uk house price fell december according figure office deputy prime minister nationally house price rose annual rate december less rise previous month average uk house price fell november reflecting recent land registry figure confirming slowdown late major uk region apart northern ireland experienced fall annual growth december december traditionally quiet month housing market christmas celebration however recent figure land registry showing big drop sale last quarter previous year suggested slowdown could seasonal blip volume sale october december dropped nearly quarter period land registry said although office deputy prime minister odpm land registry figure point slowdown market recent survey nationwide halifax indicated market may undergoing revival registering fall back end halifax said house price rose january nationwide reported rise first month year,Economy & Business,0.7662175937542732,"[0.7662175937542732, 0.15335982649294683, 0.05799585254821235, 0.02242672720456758]"
synthetic,actor_2,2025-02-19,three woman sue uber discrimination based gender race lawsuit say uber compensation practice discriminate woman people color,three woman sue uber discrimination based gender race lawsuit say uber compensation practice discriminate woman people color,Economy & Business,0.6119507562424317,"[0.6119507562424317, 0.2232286210238752, 0.07017622326689417, 0.09464439946679887]"
synthetic,actor_2,2025-02-19,right vote constitutional amendment secures unanimous backing dnc executive committee committing fundamental nature right vote political leader instead focus election trying earn vote eligible voter rather trying game voter eligibility access,right vote constitutional amendment secures unanimous backing dnc executive committee committing fundamental nature right vote political leader instead focus election trying earn vote eligible voter rather trying game voter eligibility access,Politics & Governance,0.9918711261687897,"[0.005404575018730484, 0.9918711261687897, 0.0014507651649900799, 0.001273533647489745]"
synthetic,actor_2,2025-02-19,scam alert hyperactive hurricane season worst may not harvey irma maria hyperactive hurricane season mere mention storm evokes fear dread regret,scam alert hyperactive hurricane season worst may not harvey irma maria hyperactive hurricane season mere mention storm evokes fear dread regret,Society & Health,0.40765433209274177,"[0.20065746571079557, 0.3203664769831217, 0.40765433209274177, 0.07132172521334097]"
synthetic,actor_2,2025-02-19,state income inequality soared wall st state income inequality soared according wall st wall st gdp growth,state income inequality soared wall st state income inequality soared according wall st wall st gdp growth,Economy & Business,0.9693671967665006,"[0.9693671967665006, 0.022474182364099964, 0.006336359622617477, 0.0018222612467819438]"
synthetic,actor_2,2025-02-19,financial resolution doomed fail save many u fail keep monetary goal even know determining save earn raise stop racking debt credit card action enormously benefit financial life,financial resolution doomed fail save many u fail keep monetary goal even know determining save earn raise stop racking debt credit card action enormously benefit financial life,Economy & Business,0.9755758645946114,"[0.9755758645946114, 0.01145688308385763, 0.007860680525861872, 0.005106571795668973]"
synthetic,actor_2,2025-02-19,bill maher point frighteningly similar donald trump sound hitler scary,bill maher point frighteningly similar donald trump sound hitler scary,Politics & Governance,0.723455983932487,"[0.0120279382911473, 0.723455983932487, 0.2580796196866203, 0.0064364580897453725]"
synthetic,actor_2,2025-02-19,rabbi david rosen blame muslim paris terror attack,rabbi david rosen blame muslim paris terror attack,Politics & Governance,0.8174536855622486,"[0.006563353534300296, 0.8174536855622486, 0.1587836712407997, 0.01719928966265143]"
synthetic,actor_2,2025-02-19,exec took red cross hurt ability help people gail mcgovern picked head american red cross organization reeling predecessor,exec took red cross hurt ability help people gail mcgovern picked head american red cross organization reeling predecessor,Politics & Governance,0.37878083553545133,"[0.253973093103144, 0.37878083553545133, 0.3167308303055006, 0.050515241055903985]"
synthetic,actor_2,2025-02-19,creating new normal white men diversity table white men could important group ensuring diversity inclusion truly work ensuring engaged interested invested player diversity inclusion conversation america forge new normal,creating new normal white men diversity table white men could important group ensuring diversity inclusion truly work ensuring engaged interested invested player diversity inclusion conversation america forge new normal,Society & Health,0.4418483952371743,"[0.28349359254325174, 0.22763880215181878, 0.4418483952371743, 0.04701921006775524]"
synthetic,actor_3,2025-02-19,four critical marketing strategy stand today noisy world,four critical marketing strategy stand today noisy world,Economy & Business,0.5642904429121252,"[0.5642904429121252, 0.22677631993336128, 0.17134181101230422, 0.03759142614220937]"
synthetic,actor_3,2025-02-19,earn reward point mile paying tax amount paid tax fee push spending threshold higher reward bracket extra,earn reward point mile paying tax amount paid tax fee push spending threshold higher reward bracket extra,Economy & Business,0.6352313361177838,"[0.6352313361177838, 0.2305118238896363, 0.12358075072949844, 0.010676089263081381]"
synthetic,actor_3,2025-02-19,apparently place hell woman help actually pretty screwed new study find,apparently place hell woman help actually pretty screwed new study find,Society & Health,0.3492713774511773,"[0.16152599945132023, 0.14486412818049388, 0.3492713774511773, 0.3443384949170086]"
synthetic,actor_3,2025-02-19,choice car insurance company say new analysis insure com reveals consumer often find like minded folk auto insurance company,choice car insurance company say new analysis insure com reveals consumer often find like minded folk auto insurance company,Economy & Business,0.8458110701414532,"[0.8458110701414532, 0.040206355029125354, 0.06249144942105693, 0.051491125408364424]"
synthetic,actor_3,2025-02-19,hobby lobby still cover vasectomy viagra,hobby lobby still cover vasectomy viagra,Society & Health,0.43338539896471723,"[0.13379288054193497, 0.39867308668485923, 0.43338539896471723, 0.03414863380848852]"
synthetic,actor_3,2025-02-19,burger king deal tim hortons may disastrous rainforest,burger king deal tim hortons may disastrous rainforest,Society & Health,0.5029100167875743,"[0.13159920647191714, 0.2400005070588264, 0.5029100167875743, 0.1254902696816821]"
synthetic,actor_3,2025-02-19,story behind craziest corporate collapse last decade madness,story behind craziest corporate collapse last decade madness,Society & Health,0.36442186259280174,"[0.25967749384429273, 0.3383292938853087, 0.36442186259280174, 0.03757134967759687]"
synthetic,actor_3,2025-02-19,higher interest rate oh goodie loose money financial deregulation not good combination,higher interest rate oh goodie loose money financial deregulation not good combination,Economy & Business,0.8589199914532186,"[0.8589199914532186, 0.0650672144513388, 0.06668536901968694, 0.009327425075755477]"
synthetic,actor_3,2025-02-19,gop platform committee buck st century reaffirms anti lgbt stance talk beating dead horse,gop platform committee buck st century reaffirms anti lgbt stance talk beating dead horse,Politics & Governance,0.8622139750254485,"[0.02243837486692318, 0.8622139750254485, 0.1073479383729628, 0.007999711734665469]"
synthetic,actor_3,2025-02-19,italy get economic action plan italian prime minister silvio berlusconi unveil plan aimed kickstarting country sputtering economy thursday night rome present action plan development italy meeting industrialist trade union leader mr berlusconi expected table reform aimed boosting research development r spending competitiveness small firm also focus bankruptcy law slow pace legal system prime minister scheduled start meeting gmt government accused underfunding r making harder italy compete european nation leading brain drain country brightest talent analyst say hiring firing staff still difficult expensive hampering development small medium sized business result say italy corporate landscape filled numerous smaller company often reluctant become bigger extra hassle would accompany running larger firm time bankruptcy law make difficult failed company director set new business emerge debt situation hampering italy entrepreneurial spirit government say set tackling problem adding getting growth going responsibility italy million population according il sole ore italy business newspaper government focus opening market infrastructure research making incentive available bankruptcy law slow pace justice system mr berlusconi previously promised cut tax bn euro bn bn year effort get people company spend also promised cap spending transport education health trim ballooning budget deficit italy plan raise much bn euro privatisation including partial flotation post office utility enel critic argue move not go far enough could make italy problem worse limiting government spending lead job loss counter income tax cut negligible effect sentiment ultimately favour wealthy country one eurozone worst economic performer recent year growth improvement still long way ideal time business consumer confidence dipped analyst raised concern little spending stem italian dipping saving account using credit card without pick national growth say money could eventually run bringing italy economy juddering halt consumer spending account two third italy economy,italy get economic action plan italian prime minister silvio berlusconi unveil plan aimed kickstarting country sputtering economy thursday night rome present action plan development italy meeting industrialist trade union leader mr berlusconi expected table reform aimed boosting research development r spending competitiveness small firm also focus bankruptcy law slow pace legal system prime minister scheduled start meeting gmt government accused underfunding r making harder italy compete european nation leading brain drain country brightest talent analyst say hiring firing staff still difficult expensive hampering development small medium sized business result say italy corporate landscape filled numerous smaller company often reluctant become bigger extra hassle would accompany running larger firm time bankruptcy law make difficult failed company director set new business emerge debt situation hampering italy entrepreneurial spirit government say set tackling problem adding getting growth going responsibility italy million population according il sole ore italy business newspaper government focus opening market infrastructure research making incentive available bankruptcy law slow pace justice system mr berlusconi previously promised cut tax bn euro bn bn year effort get people company spend also promised cap spending transport education health trim ballooning budget deficit italy plan raise much bn euro privatisation including partial flotation post office utility enel critic argue move not go far enough could make italy problem worse limiting government spending lead job loss counter income tax cut negligible effect sentiment ultimately favour wealthy country one eurozone worst economic performer recent year growth improvement still long way ideal time business consumer confidence dipped analyst raised concern little spending stem italian dipping saving account using credit card without pick national growth say money could eventually run bringing italy economy juddering halt consumer spending account two third italy economy,Economy & Business,0.9870602114984083,"[0.9870602114984083, 0.011419800878653767, 7.980900148714708e-05, 0.001440178621450938]"
synthetic,actor_3,2025-02-19,death toll typhoon rai top philippine least people still missing official say,death toll typhoon rai top philippine least people still missing official say,Politics & Governance,0.9546102906758898,"[0.009887583531064533, 0.9546102906758898, 0.025094038038821022, 0.010408087754224837]"
synthetic,actor_3,2025-02-19,robot coming wall street daniel nadler woke nov enough time pour glass orange juice open laptop,robot coming wall street daniel nadler woke nov enough time pour glass orange juice open laptop,Society & Health,0.37081690563479214,"[0.22925637324229792, 0.23926691235041916, 0.37081690563479214, 0.1606598087724908]"
synthetic,actor_3,2025-02-19,big care no one want repeat another bailout politically speaking hard imagine one getting passed within next fifty year financial leader allow huge bet placed unnatural synthetic security simply learned lesson past crisis,big care no one want repeat another bailout politically speaking hard imagine one getting passed within next fifty year financial leader allow huge bet placed unnatural synthetic security simply learned lesson past crisis,Economy & Business,0.5211609617106316,"[0.5211609617106316, 0.4006229999006194, 0.03667789480405423, 0.04153814358469458]"
synthetic,actor_3,2025-02-19,bank pay rose despite cutback effort bank baulk suggestion paying staff saying thing complex figure suggest,bank pay rose despite cutback effort bank baulk suggestion paying staff saying thing complex figure suggest,Economy & Business,0.8786404373160324,"[0.8786404373160324, 0.05346971489119363, 0.05624945556302927, 0.011640392229744737]"
synthetic,actor_3,2025-02-19,martin shkreli twitter account appears hacked another bad day reviled pharma executive,martin shkreli twitter account appears hacked another bad day reviled pharma executive,Economy & Business,0.4586963359441853,"[0.4586963359441853, 0.28756895461285187, 0.10665192542711507, 0.1470827840158478]"
synthetic,actor_3,2025-02-19,best cash back credit card sneak preview,best cash back credit card sneak preview,Economy & Business,0.567788768938706,"[0.567788768938706, 0.03677177678668948, 0.37284990209734326, 0.02258955217726133]"
synthetic,actor_3,2025-02-19,japan economy slide recession japanese economy officially gone back recession fourth time decade gross domestic product fell last three month fall reflects weak export slowdown consumer spending follows similar fall gdp two previous quarter tokyo stock market fell figure announced rose widespread perception economy recover later year wednesday government revised growth figure earlier taking account performance recent period effectively tip japan recession previous estimate growth july september downgraded decline recession commonly defined two consecutive quarter negative growth although japanese government take factor account judging status economy figure released government cabinet office showed gdp annualised basis fell last three month however politician remain upbeat prospect economic boost later year economy soft patch look bigger picture recovery stage said economic fiscal policy minister heizo takenaka gross domestic product measure overall value good service produced country economy must assessed comprehensively not look gdp alone mr takenaka stressed minister pointed fact consumer spending depressed one factor unseasonably mild winter analyst said figure disappointing argued japan largest company recording healthy profit capital spending rise japan economy grew overall last year fuelled strong performance first month forecast see growth however economy fragile recovery remains dependent upturn consumer spending fall value yen improvement global economy result came lower end expectation pessimistic current state outlook economy said naoki iizuka senior economist dai ichi life research institute japan economy seen stretch moderate growth past decade periodically slipped back recession,japan economy slide recession japanese economy officially gone back recession fourth time decade gross domestic product fell last three month fall reflects weak export slowdown consumer spending follows similar fall gdp two previous quarter tokyo stock market fell figure announced rose widespread perception economy recover later year wednesday government revised growth figure earlier taking account performance recent period effectively tip japan recession previous estimate growth july september downgraded decline recession commonly defined two consecutive quarter negative growth although japanese government take factor account judging status economy figure released government cabinet office showed gdp annualised basis fell last three month however politician remain upbeat prospect economic boost later year economy soft patch look bigger picture recovery stage said economic fiscal policy minister heizo takenaka gross domestic product measure overall value good service produced country economy must assessed comprehensively not look gdp alone mr takenaka stressed minister pointed fact consumer spending depressed one factor unseasonably mild winter analyst said figure disappointing argued japan largest company recording healthy profit capital spending rise japan economy grew overall last year fuelled strong performance first month forecast see growth however economy fragile recovery remains dependent upturn consumer spending fall value yen improvement global economy result came lower end expectation pessimistic current state outlook economy said naoki iizuka senior economist dai ichi life research institute japan economy seen stretch moderate growth past decade periodically slipped back recession,Economy & Business,0.9921930850783712,"[0.9921930850783712, 0.006228841213722601, 0.0002922560537282117, 0.001285817654177925]"
synthetic,actor_3,2025-02-19,thousand protester march hourly wage across u protest also held overseas including mcdonald disneyland paris outside headquarters south korea division fast food giant,thousand protester march hourly wage across u protest also held overseas including mcdonald disneyland paris outside headquarters south korea division fast food giant,Politics & Governance,0.8263957711004489,"[0.11800198314317686, 0.8263957711004489, 0.032153030951139416, 0.02344921480523478]"
synthetic,actor_3,2025-02-19,building better balance sheet news already filled advice build better finance warning american balance sheet tilted far toward debt not enough toward saving yet following advice heeding warning easier said done without policy help family individual save build asset,building better balance sheet news already filled advice build better finance warning american balance sheet tilted far toward debt not enough toward saving yet following advice heeding warning easier said done without policy help family individual save build asset,Economy & Business,0.7315160976079736,"[0.7315160976079736, 0.19457630584389896, 0.044149098508227486, 0.029758498039899828]"
synthetic,actor_3,2025-02-19,new job lawyer coder everybody else latest news employment opportunity offer comeuppance enjoyed bit schadenfreude,new job lawyer coder everybody else latest news employment opportunity offer comeuppance enjoyed bit schadenfreude,Economy & Business,0.4559597516150896,"[0.4559597516150896, 0.24221393309116612, 0.2604990919409913, 0.04132722335275294]"
synthetic,actor_4,2025-02-19,year ago people tried drive undocumented immigrant town advising trump could push harsh new immigration restriction national scale,year ago people tried drive undocumented immigrant town advising trump could push harsh new immigration restriction national scale,Politics & Governance,0.9668303117828609,"[0.007107025535904245, 0.9668303117828609, 0.017806888718906528, 0.00825577396232842]"
synthetic,actor_4,2025-02-19,new jersey end government shutdown closed beach lawmaker said new budget win everyone,new jersey end government shutdown closed beach lawmaker said new budget win everyone,Politics & Governance,0.7910380212840191,"[0.05323272631166043, 0.7910380212840191, 0.1282578410138894, 0.027471411390430883]"
synthetic,actor_4,2025-02-19,eta aquarid meteor shower peak today may find dark spot city light street light ruin stargazing attempt outshine object like meteor,eta aquarid meteor shower peak today may find dark spot city light street light ruin stargazing attempt outshine object like meteor,Technology & Cyber,0.4834941114317103,"[0.045900437566945174, 0.09198109297316955, 0.3786243580281751, 0.4834941114317103]"
synthetic,actor_4,2025-02-19,world biggest unretouched selfie,world biggest unretouched selfie,Society & Health,0.7285797201587204,"[0.07940996417203688, 0.11617083424350481, 0.7285797201587204, 0.07583948142573786]"
synthetic,actor_4,2025-02-19,key senate republican say obamacare beneficiary dole tough love people need insurance big tax break millionaire,key senate republican say obamacare beneficiary dole tough love people need insurance big tax break millionaire,Politics & Governance,0.9462167047756792,"[0.044248699100359994, 0.9462167047756792, 0.006416652482872563, 0.0031179436410884395]"
synthetic,actor_4,2025-02-19,digital diplomat digital diplomacy topic conjures image embassy conversing foreign government broadcasting information well propaganda impact policy goal government super influencer international impact social medium given everyone voice,digital diplomat digital diplomacy topic conjures image embassy conversing foreign government broadcasting information well propaganda impact policy goal government super influencer international impact social medium given everyone voice,Technology & Cyber,0.4642769044515314,"[0.11681324040285279, 0.35996681109734985, 0.05894304404826584, 0.4642769044515314]"
synthetic,actor_4,2025-02-19,argonaut founder rebuilds empire jez san man behind argonaut game group went administration week ago bought back company veteran game developer taken cambridge based add monster studio london subsidiary morpheme argonaut group went administration due severe cash crisis firing half staff august warned annual loss year july jez san one key figure uk game industry developer received obe estimated worth peak dotcom boom founded argonaut behind title starfox game recently behind harry potter game playstation like software developer argonaut needed constant flow deal publisher august warned annual loss blaming delay signing new contract tough condition software industry group three subsidiary placed administration week ago mr sans resigning company ceo staff fired latest round cut worker argonaut headquarters edgware north london morpheme office kentish town london add monster base cambridge mr san emerged buying back morpheme add monster pleased announce sale two business going concern said david rubin administrator david rubin partner saved job well substantial employment claim would arisen sale not achieved mr rubin said administrator talk sale argonaut software division edgware hopeful finding buyer difficult time employee salute commitment business work towards solution said former employee angry way cash crisis handled one told bbc news online staff fired financially ruined space day,argonaut founder rebuilds empire jez san man behind argonaut game group went administration week ago bought back company veteran game developer taken cambridge based add monster studio london subsidiary morpheme argonaut group went administration due severe cash crisis firing half staff august warned annual loss year july jez san one key figure uk game industry developer received obe estimated worth peak dotcom boom founded argonaut behind title starfox game recently behind harry potter game playstation like software developer argonaut needed constant flow deal publisher august warned annual loss blaming delay signing new contract tough condition software industry group three subsidiary placed administration week ago mr sans resigning company ceo staff fired latest round cut worker argonaut headquarters edgware north london morpheme office kentish town london add monster base cambridge mr san emerged buying back morpheme add monster pleased announce sale two business going concern said david rubin administrator david rubin partner saved job well substantial employment claim would arisen sale not achieved mr rubin said administrator talk sale argonaut software division edgware hopeful finding buyer difficult time employee salute commitment business work towards solution said former employee angry way cash crisis handled one told bbc news online staff fired financially ruined space day,Economy & Business,0.4830675426075157,"[0.4830675426075157, 0.10737866943555814, 0.04942420494891694, 0.3601295830080091]"
synthetic,actor_4,2025-02-19,outdoor workspace next workplace frontier could take vacation anywhere world would go kirt martin vp design marketing landscape form start every conversation not surprisingly nearly everyone answer somewhere outdoors,outdoor workspace next workplace frontier could take vacation anywhere world would go kirt martin vp design marketing landscape form start every conversation not surprisingly nearly everyone answer somewhere outdoors,Society & Health,0.49577088901568545,"[0.37352533503034824, 0.07906439609305418, 0.49577088901568545, 0.05163937986091218]"
synthetic,actor_4,2025-02-19,barbarian new zealand new zealand proved strong australian dominated barbarian round unbeaten northern hemisphere tour easy win rico gear ran two black seven try predominantly second string line baa baa threaten scoring try albert van den bergh xavier rush andrea lo cicero never looked like winning black aaron mauger good form boot adding point black featured two side started last weekend emphatic test victory france paris baa baa nine wallaby starting line new zealand coach graham henry said quality performance experienced side number young guy came well learnt older player way thanking guy mentoring tour running rugby crowd hoping rarely materialised marty holah got black onslaught way fifth minute try rush hit back moment later new zealand went ahead gear made use space vacated temporarily injured chris latham slide nonu found way barbarian defence give side half time lead host failed ignite second half moment gear scored second interval ever going one winner lo cicero sole european barbarian bundled try briefly curtail deficit match blighted controversy moment later justin marshall felled high tackle jimmy cowan referee andy turner waved play casey laulala coasted side fifth try jermoe keino piri weepu added try black tally final whistle van den bergh gained consolation baa baa match barbarian coach bob dwyer warned south african flanker schalk burger needed proper season break maintain standard burger recently crowned player year peer international rugby board struggled form recent week first year level phenomenal end southern hemisphere season think played anywhere near level tour said,barbarian new zealand new zealand proved strong australian dominated barbarian round unbeaten northern hemisphere tour easy win rico gear ran two black seven try predominantly second string line baa baa threaten scoring try albert van den bergh xavier rush andrea lo cicero never looked like winning black aaron mauger good form boot adding point black featured two side started last weekend emphatic test victory france paris baa baa nine wallaby starting line new zealand coach graham henry said quality performance experienced side number young guy came well learnt older player way thanking guy mentoring tour running rugby crowd hoping rarely materialised marty holah got black onslaught way fifth minute try rush hit back moment later new zealand went ahead gear made use space vacated temporarily injured chris latham slide nonu found way barbarian defence give side half time lead host failed ignite second half moment gear scored second interval ever going one winner lo cicero sole european barbarian bundled try briefly curtail deficit match blighted controversy moment later justin marshall felled high tackle jimmy cowan referee andy turner waved play casey laulala coasted side fifth try jermoe keino piri weepu added try black tally final whistle van den bergh gained consolation baa baa match barbarian coach bob dwyer warned south african flanker schalk burger needed proper season break maintain standard burger recently crowned player year peer international rugby board struggled form recent week first year level phenomenal end southern hemisphere season think played anywhere near level tour said,Society & Health,0.9700825245317181,"[0.007479192913763794, 0.011493533379917008, 0.9700825245317181, 0.010944749174600992]"
synthetic,actor_4,2025-02-19,chrissy teigen no pant look reminds u miley cyrus outfit photo want sure check huffpost style twitter facebook tumblr pinterest instagram huffpoststyle,chrissy teigen no pant look reminds u miley cyrus outfit photo want sure check huffpost style twitter facebook tumblr pinterest instagram huffpoststyle,Society & Health,0.9993950636124918,"[9.759998707983172e-05, 0.00011839508365699348, 0.9993950636124918, 0.00038894131677147923]"
synthetic,actor_4,2025-02-19,valley girl alien hunk cool costume earth girl easy set design costume earth girl visual feast u embrace color colossal amount personal wardrobe interior decor,valley girl alien hunk cool costume earth girl easy set design costume earth girl visual feast u embrace color colossal amount personal wardrobe interior decor,Society & Health,0.9164123838613957,"[0.0076810993106083995, 0.013404312928109558, 0.9164123838613957, 0.06250220389988641]"
synthetic,actor_4,2025-02-19,bush dropped voter might go not exactly call solid voting bloc,bush dropped voter might go not exactly call solid voting bloc,Politics & Governance,0.7824891427233676,"[0.019087931318813506, 0.7824891427233676, 0.17543878121846168, 0.022984144739357337]"
synthetic,actor_4,2025-02-19,jimmy john worker fired illegally five year later might get job back long wait show weak labor law,jimmy john worker fired illegally five year later might get job back long wait show weak labor law,Economy & Business,0.5435133908417616,"[0.5435133908417616, 0.31098139630819577, 0.10711176767902393, 0.0383934451710187]"
synthetic,actor_4,2025-02-19,tv anchor pay much buzz much television news anchor earn day matt lauer recently made wave reportedly,tv anchor pay much buzz much television news anchor earn day matt lauer recently made wave reportedly,Society & Health,0.5612692003350509,"[0.22627710737583015, 0.17245690167513675, 0.5612692003350509, 0.03999679061398224]"
synthetic,actor_4,2025-02-19,well super depressing,well super depressing,Society & Health,0.7448778865479375,"[0.06481542310715516, 0.13755769622851302, 0.7448778865479375, 0.05274899411639417]"
synthetic,actor_4,2025-02-19,trump seek historic increase defense spending cut elsewhere budget public safety national security budget,trump seek historic increase defense spending cut elsewhere budget public safety national security budget,Politics & Governance,0.9661987481152035,"[0.0169072297425233, 0.9661987481152035, 0.013636412498147942, 0.0032576096441252044]"
synthetic,actor_4,2025-02-19,world best antique fair texas twice year spring autumn people flock round top texas antique week shopping extravaganza rival world best teaser best treasure hunting experience world,world best antique fair texas twice year spring autumn people flock round top texas antique week shopping extravaganza rival world best teaser best treasure hunting experience world,Society & Health,0.9128693591875788,"[0.04349109116697987, 0.02333627092931166, 0.9128693591875788, 0.02030327871612954]"
synthetic,actor_4,2025-02-19,mail thanksgiving friday day thanksgiving ups instance considers thanksgiving day day thanksgiving holiday mean,mail thanksgiving friday day thanksgiving ups instance considers thanksgiving day day thanksgiving holiday mean,Society & Health,0.4689350204655567,"[0.28788303618978106, 0.19153543763289627, 0.4689350204655567, 0.05164650571176593]"
synthetic,actor_4,2025-02-19,nasa give fixing kepler planet hunting telescope cape canaveral fla nasa called attempt fix crippled kepler space telescope thursday not quite,nasa give fixing kepler planet hunting telescope cape canaveral fla nasa called attempt fix crippled kepler space telescope thursday not quite,Technology & Cyber,0.9007304237586102,"[0.017380527686280515, 0.049026132880570644, 0.03286291567453857, 0.9007304237586102]"
synthetic,actor_4,2025-02-19,four year since lehman brother big fail bank even bigger fight reform yet liquidation would probably require massive cash infusion least initially order hold bank together,four year since lehman brother big fail bank even bigger fight reform yet liquidation would probably require massive cash infusion least initially order hold bank together,Economy & Business,0.8242172305999282,"[0.8242172305999282, 0.11589316249840265, 0.04204150406146784, 0.017848102840201316]"
synthetic,actor_5,2025-02-19,god israel deported african refugee government work sweep asylum seeker street decant back interior african continent vast majority jewish religious institution lay leader israel not made attempt aid african,god israel deported african refugee government work sweep asylum seeker street decant back interior african continent vast majority jewish religious institution lay leader israel not made attempt aid african,Politics & Governance,0.9694574772236002,"[0.011775188397466897, 0.9694574772236002, 0.014700219576156321, 0.004067114802776576]"
synthetic,actor_5,2025-02-19,thursday morning email new house health repeal bill stand take long,thursday morning email new house health repeal bill stand take long,Politics & Governance,0.985847085357924,"[0.004750883211022702, 0.985847085357924, 0.0058492488216870045, 0.003552782609366123]"
synthetic,actor_5,2025-02-19,course apple actually let delete default apps much anticipated io feature,course apple actually let delete default apps much anticipated io feature,Technology & Cyber,0.7618200505483023,"[0.050158738357147854, 0.050196037046741, 0.13782517404780892, 0.7618200505483023]"
synthetic,actor_5,2025-02-19,obama say dallas police shooting despicable highlight need gun control think speak every single american say horrified,obama say dallas police shooting despicable highlight need gun control think speak every single american say horrified,Politics & Governance,0.9325679565648386,"[0.010497726433356062, 0.9325679565648386, 0.051735077262789655, 0.00519923973901569]"
synthetic,actor_5,2025-02-19,silk road dark web dream dead not long ago silk road not bustling black market drug living representation every cryptoanarchist,silk road dark web dream dead not long ago silk road not bustling black market drug living representation every cryptoanarchist,Society & Health,0.5055836796852615,"[0.10432065012976588, 0.17557236338157484, 0.5055836796852615, 0.21452330680339776]"
synthetic,actor_5,2025-02-19,ambitious test tap real life flying saucer,ambitious test tap real life flying saucer,Society & Health,0.7805208940950952,"[0.02891164517791692, 0.1475327439001619, 0.7805208940950952, 0.0430347168268259]"
synthetic,actor_5,2025-02-19,thing know industry death walmart casket come free shipping fact might not know business funeral,thing know industry death walmart casket come free shipping fact might not know business funeral,Economy & Business,0.8034525392514542,"[0.8034525392514542, 0.0839981517357551, 0.08128715323825883, 0.0312621557745319]"
synthetic,actor_5,2025-02-19,u protects giant piece atlantic ocean save century old coral new rule virginia sized ocean region ban damaging commercial fishing practice,u protects giant piece atlantic ocean save century old coral new rule virginia sized ocean region ban damaging commercial fishing practice,Society & Health,0.37063805070378825,"[0.03936578466243286, 0.3100497660023306, 0.37063805070378825, 0.2799463986314484]"
synthetic,actor_5,2025-02-19,six reason file v filing extension according irs percent taxpayer wait last week prepare tax among procrastinated year six reason file tax april th tax deadline,six reason file v filing extension according irs percent taxpayer wait last week prepare tax among procrastinated year six reason file tax april th tax deadline,Economy & Business,0.9015640065615776,"[0.9015640065615776, 0.061078576008869234, 0.02828141376653787, 0.009076003663015048]"
synthetic,actor_5,2025-02-19,jeff session power shape asylum policy could gearing use deny relief domestic violence victim attorney general criticized asylum system taking step could make getting relief tougher,jeff session power shape asylum policy could gearing use deny relief domestic violence victim attorney general criticized asylum system taking step could make getting relief tougher,Politics & Governance,0.9314484600213134,"[0.025009743865795766, 0.9314484600213134, 0.019889116161108916, 0.023652679951781823]"
synthetic,actor_5,2025-02-19,rand paul hillary clinton crusader woman right husband thing champion woman right time got always lurking type behavior,rand paul hillary clinton crusader woman right husband thing champion woman right time got always lurking type behavior,Politics & Governance,0.8295431468483034,"[0.030792462460005148, 0.8295431468483034, 0.13257192676594914, 0.007092463925742392]"
synthetic,actor_5,2025-02-19,mayan calendar doomsday scenario debunked nasa scientist video video posted online wednesday mar yeoman head near earth object program office nasa,mayan calendar doomsday scenario debunked nasa scientist video video posted online wednesday mar yeoman head near earth object program office nasa,Technology & Cyber,0.9916745278580109,"[0.002835298357056815, 0.004396796981333191, 0.0010933768035990424, 0.9916745278580109]"
synthetic,actor_5,2025-02-19,lesson big business gladly taken home major corporation get bad rap medium online not hard understand many thing,lesson big business gladly taken home major corporation get bad rap medium online not hard understand many thing,Economy & Business,0.6936368541652644,"[0.6936368541652644, 0.11447233101310673, 0.10289012037746881, 0.0890006944441602]"
synthetic,actor_5,2025-02-19,report iran supreme leader sent obama secret letter,report iran supreme leader sent obama secret letter,Politics & Governance,0.9761031935151484,"[0.017220353534755675, 0.9761031935151484, 0.004316416329596422, 0.002360036620499503]"
synthetic,actor_5,2025-02-19,putin call talk eastern ukraine statehood,putin call talk eastern ukraine statehood,Politics & Governance,0.9620723735936759,"[0.007004359249941578, 0.9620723735936759, 0.025962866098609167, 0.004960401057772995]"
synthetic,actor_5,2025-02-19,selection sunday live blog ncaa tournament team bracket revealed scroll update team announced ncaa tournament selection show tv cbs time p et person,selection sunday live blog ncaa tournament team bracket revealed scroll update team announced ncaa tournament selection show tv cbs time p et person,Society & Health,0.9704696989632269,"[0.009492418228680072, 0.0044580484932854715, 0.9704696989632269, 0.015579834314807459]"
synthetic,actor_5,2025-02-19,gop mess mess republican got leaf facing likely landslide defeat regardless nominate president television press party leader focus whether donald trump ted cruz sir galahad named later emerges candidate greater related question lurking,gop mess mess republican got leaf facing likely landslide defeat regardless nominate president television press party leader focus whether donald trump ted cruz sir galahad named later emerges candidate greater related question lurking,Politics & Governance,0.9981350232269902,"[0.0008693398298222859, 0.9981350232269902, 0.0008341025559624024, 0.00016153438722500173]"
synthetic,actor_5,2025-02-19,yahoo cut job earlier day said would shut digital magazine,yahoo cut job earlier day said would shut digital magazine,Economy & Business,0.305354258012433,"[0.305354258012433, 0.15966499235445075, 0.30199619797585336, 0.2329845516572629]"
synthetic,actor_5,2025-02-19,world tour top video gamers two uk gamers embark world tour part lucrative ever global game tournament aaron foster david treacy right take part tournament offering total prize money cash handed separate competition continent hopping contest organised cyberathlete professional league part prize pair travel cost paid ensure get different bout cpl world tour kick mid february first leg istanbul ten bout tournament played throughout one different country stop prize money grab tournament champion leg cpl world tour walk away prize winner grand final get prize purse total pot winner stage tour automatically get place next stop world tour stop open keen gamer register online registration first stop open weekend pro player winning spot tour destination qualifying event organised cpl partner winner qualifier get seeded higher elimination part tournament mr foster mr treacy get chance attend world tour member uk four king gaming clan towards end four king staged series online painkiller competition reveal uk top player pc game best eight player met face face special elimination event late december mr foster mr tracey proved prowess painkiller part prize pair also get contract four king intel one uk pro gaming team lot people take gaming seriously support local national team passion sport said simon bysshe filmed event four king intel people downloaded movie tournament highlight professional gaming stay grow popularity said,world tour top video gamers two uk gamers embark world tour part lucrative ever global game tournament aaron foster david treacy right take part tournament offering total prize money cash handed separate competition continent hopping contest organised cyberathlete professional league part prize pair travel cost paid ensure get different bout cpl world tour kick mid february first leg istanbul ten bout tournament played throughout one different country stop prize money grab tournament champion leg cpl world tour walk away prize winner grand final get prize purse total pot winner stage tour automatically get place next stop world tour stop open keen gamer register online registration first stop open weekend pro player winning spot tour destination qualifying event organised cpl partner winner qualifier get seeded higher elimination part tournament mr foster mr treacy get chance attend world tour member uk four king gaming clan towards end four king staged series online painkiller competition reveal uk top player pc game best eight player met face face special elimination event late december mr foster mr tracey proved prowess painkiller part prize pair also get contract four king intel one uk pro gaming team lot people take gaming seriously support local national team passion sport said simon bysshe filmed event four king intel people downloaded movie tournament highlight professional gaming stay grow popularity said,Society & Health,0.8485778928028408,"[0.012505142090344083, 0.00568698789412558, 0.8485778928028408, 0.13322997721268942]"
synthetic,actor_5,2025-02-19,thing might not known serena williams public figure two decade lesser known fact tennis star,thing might not known serena williams public figure two decade lesser known fact tennis star,Society & Health,0.9024949258957716,"[0.03419029993006276, 0.035471590416483116, 0.9024949258957716, 0.027843183757682487]"
synthetic,actor_6,2025-02-19,take virtual reality tour around white house christmas way festive home,take virtual reality tour around white house christmas way festive home,Society & Health,0.49570413928496265,"[0.05812276739458325, 0.2246175949630195, 0.49570413928496265, 0.2215554983574345]"
synthetic,actor_6,2025-02-19,tim cook accusation apple total political crap apple pay every tax dollar owe cook said,tim cook accusation apple total political crap apple pay every tax dollar owe cook said,Technology & Cyber,0.6900556117529628,"[0.11700058569924382, 0.13271667974526816, 0.0602271228025253, 0.6900556117529628]"
synthetic,actor_6,2025-02-19,larry ellison conservation leader larry ellison know make energy run football field server storing business data globally extra energy left sold back grid maximizing investment,larry ellison conservation leader larry ellison know make energy run football field server storing business data globally extra energy left sold back grid maximizing investment,Economy & Business,0.5709166980820742,"[0.5709166980820742, 0.16070630558059987, 0.2179423425314884, 0.050434653805837414]"
synthetic,actor_6,2025-02-19,email microsoft secret weapon many world largest company rely microsoft exchange server,email microsoft secret weapon many world largest company rely microsoft exchange server,Technology & Cyber,0.6694932924252213,"[0.17548263294568409, 0.12652263863165025, 0.02850143599744441, 0.6694932924252213]"
synthetic,actor_6,2025-02-19,marco rubio call donald trump con artist someone finally attacking republican presidential frontrunner,marco rubio call donald trump con artist someone finally attacking republican presidential frontrunner,Politics & Governance,0.9775542667184824,"[0.0018151109028359336, 0.9775542667184824, 0.019966547643155856, 0.0006640747355256868]"
synthetic,actor_6,2025-02-19,stephen hawking take ice bucket challenge term,stephen hawking take ice bucket challenge term,Society & Health,0.4159801710602835,"[0.09249670241932574, 0.11827349320864032, 0.4159801710602835, 0.37324963331175054]"
synthetic,actor_6,2025-02-19,spotify declares war apple streaming service claim apple using app store weapon harm competitor,spotify declares war apple streaming service claim apple using app store weapon harm competitor,Technology & Cyber,0.8918519919153004,"[0.04106357402173647, 0.046443788946842306, 0.020640645116120817, 0.8918519919153004]"
synthetic,actor_6,2025-02-19,turn boa constrictor might not actually suffocate prey prey dy loss circulation new research suggests,turn boa constrictor might not actually suffocate prey prey dy loss circulation new research suggests,Technology & Cyber,0.7143293991941392,"[0.06872453632192231, 0.09633062262933798, 0.1206154418546005, 0.7143293991941392]"
synthetic,actor_6,2025-02-19,eclipse astronaut may see moon shadow iss eclipse called path annularity begin china gulf tongking north northwest hainan island,eclipse astronaut may see moon shadow iss eclipse called path annularity begin china gulf tongking north northwest hainan island,Technology & Cyber,0.8107609598606035,"[0.025850827481043833, 0.12924157317274146, 0.03414663948561119, 0.8107609598606035]"
synthetic,actor_6,2025-02-19,toyota make major investment artificial intelligence japanese automaker pouring billion new research could bring self driving car technology everyday life,toyota make major investment artificial intelligence japanese automaker pouring billion new research could bring self driving car technology everyday life,Technology & Cyber,0.7184705077307151,"[0.19721807971386185, 0.054505153415334906, 0.029806259140088165, 0.7184705077307151]"
synthetic,actor_6,2025-02-19,apple see value stand protect security apple accedes american law enforcement demand opening iphone san bernardino case beijing asks,apple see value stand protect security apple accedes american law enforcement demand opening iphone san bernardino case beijing asks,Technology & Cyber,0.7455153196107472,"[0.020563399339752764, 0.22857186246740235, 0.005349418582097611, 0.7455153196107472]"
synthetic,actor_6,2025-02-19,male bicep size predicts opinion welfare program study suggests still important note study also found poorer men buff arm likely support wealth redistribution,male bicep size predicts opinion welfare program study suggests still important note study also found poorer men buff arm likely support wealth redistribution,Technology & Cyber,0.6062408547230479,"[0.14206168282034884, 0.18607574102624916, 0.06562172143035412, 0.6062408547230479]"
synthetic,actor_6,2025-02-19,teach kid functional programming feed lifetime time started learning code hobby well twenty believe computer science education started much earlier,teach kid functional programming feed lifetime time started learning code hobby well twenty believe computer science education started much earlier,Technology & Cyber,0.7685187160321919,"[0.06347066914719345, 0.06728609635405673, 0.10072451846655801, 0.7685187160321919]"
synthetic,actor_6,2025-02-19,native american ancestor got stuck land bridge way america new research suggests exactly native american first entered north america hotly debated one theory people crossed bering,native american ancestor got stuck land bridge way america new research suggests exactly native american first entered north america hotly debated one theory people crossed bering,Politics & Governance,0.4427382182454938,"[0.08531600777871017, 0.4427382182454938, 0.20167094512111694, 0.2702748288546791]"
synthetic,actor_6,2025-02-19,pinterest sued former business partner early investor pinterest arrived special milestone successful start day get sued someone say,pinterest sued former business partner early investor pinterest arrived special milestone successful start day get sued someone say,Economy & Business,0.4389597836770048,"[0.4389597836770048, 0.22714904948937134, 0.31529513450258306, 0.018596032331040714]"
synthetic,actor_6,2025-02-19,first look adorable baby rhino born toronto zoo cuteness alert,first look adorable baby rhino born toronto zoo cuteness alert,Society & Health,0.6366417092611357,"[0.02565227792438453, 0.1115592481391156, 0.6366417092611357, 0.22614676467536413]"
synthetic,actor_6,2025-02-19,year old visit google flabbergasted future olive horrell got visit tech company mountain view campus thanks wish lifetime,year old visit google flabbergasted future olive horrell got visit tech company mountain view campus thanks wish lifetime,Technology & Cyber,0.5396917245874567,"[0.10039163157470433, 0.03305270238270726, 0.3268639414551316, 0.5396917245874567]"
synthetic,actor_6,2025-02-19,iphone owner use apple map google map app transformed substantially three year,iphone owner use apple map google map app transformed substantially three year,Technology & Cyber,0.9812343674877381,"[0.012991369158492479, 0.0027227872482030783, 0.003051476105566469, 0.9812343674877381]"
synthetic,actor_6,2025-02-19,keira knightley pregnant,keira knightley pregnant,Society & Health,0.8776795701071709,"[0.02824109990040597, 0.07910736014612846, 0.8776795701071709, 0.014971969846294642]"
synthetic,actor_6,2025-02-19,facebook app store challenger appears app store contest marathon sprint today race latest lap around software store track advice digital consumer play field bet single runner enjoy spectacle always download wisely,facebook app store challenger appears app store contest marathon sprint today race latest lap around software store track advice digital consumer play field bet single runner enjoy spectacle always download wisely,Technology & Cyber,0.466845792767636,"[0.22938825451140332, 0.03657202704142646, 0.2671939256795343, 0.466845792767636]"
synthetic,actor_7,2025-02-19,donald trump may already peaked gop presidential race real estate mogul appears sliding polling average,donald trump may already peaked gop presidential race real estate mogul appears sliding polling average,Politics & Governance,0.8945169824563654,"[0.014368008293284216, 0.8945169824563654, 0.08765483989073844, 0.0034601693596120644]"
synthetic,actor_7,2025-02-19,dazzling long exposure photo prove slow travel always worth,dazzling long exposure photo prove slow travel always worth,Society & Health,0.9614817549491671,"[0.009567830501895119, 0.02080473346375539, 0.9614817549491671, 0.008145681085182295]"
synthetic,actor_7,2025-02-19,interview paul w anderson pompeii director film scientific historical accuracy filmmaker best accurately portray producer director paul w anderson call probably spectacular disaster ancient world talked anderson way incorporated history science order make movie accurate possible,interview paul w anderson pompeii director film scientific historical accuracy filmmaker best accurately portray producer director paul w anderson call probably spectacular disaster ancient world talked anderson way incorporated history science order make movie accurate possible,Society & Health,0.8332479712082674,"[0.01674791723324581, 0.02985416426709682, 0.8332479712082674, 0.12014994729138982]"
synthetic,actor_7,2025-02-19,fort ticonderoga still presides new york lake photo fort ticonderoga panoramic view lake champlain lake george happy byproduct century murderous scheming,fort ticonderoga still presides new york lake photo fort ticonderoga panoramic view lake champlain lake george happy byproduct century murderous scheming,Society & Health,0.8999887335758339,"[0.020408848395388805, 0.05372034929339221, 0.8999887335758339, 0.025882068735385136]"
synthetic,actor_7,2025-02-19,woman business q grete eliassen director marketing wickr competing olympic winter game grete turned another passion security space joining wickr team head marketing effort company,woman business q grete eliassen director marketing wickr competing olympic winter game grete turned another passion security space joining wickr team head marketing effort company,Economy & Business,0.9349620592748196,"[0.9349620592748196, 0.0038988151736276695, 0.03054899590476106, 0.030590129646791742]"
synthetic,actor_7,2025-02-19,chasing ice new documentary melt climate change skeptic heart one beautiful important film ever made take discussion inconvenient truth left new footage not something scraped archive,chasing ice new documentary melt climate change skeptic heart one beautiful important film ever made take discussion inconvenient truth left new footage not something scraped archive,Society & Health,0.7751502627902253,"[0.03345160389498936, 0.13473216300048965, 0.7751502627902253, 0.05666597031429562]"
synthetic,actor_7,2025-02-19,no time lose bernie sander running ahead schedule huffpost spends day trail always hurry democratic underdog making serious noise new hampshire,no time lose bernie sander running ahead schedule huffpost spends day trail always hurry democratic underdog making serious noise new hampshire,Politics & Governance,0.9837113989503107,"[0.004438410427401745, 0.9837113989503107, 0.00986837518166187, 0.00198181544062561]"
synthetic,actor_7,2025-02-19,st louis fan send pile ram owner wake la relocation st louis pissed,st louis fan send pile ram owner wake la relocation st louis pissed,Society & Health,0.7398506130416176,"[0.07605059964768947, 0.16728461915992945, 0.7398506130416176, 0.016814168150763524]"
synthetic,actor_7,2025-02-19,biggest health risk nascar driver aside car crash speak nascar car crash not fact big health risk nascar driver due increased safety measure since fatal crash killed dale earnhardt not driver fatality nascar race since crash one least hazardous aspect sport,biggest health risk nascar driver aside car crash speak nascar car crash not fact big health risk nascar driver due increased safety measure since fatal crash killed dale earnhardt not driver fatality nascar race since crash one least hazardous aspect sport,Society & Health,0.5379263149674076,"[0.1891631823202716, 0.22016792010657574, 0.5379263149674076, 0.052742582605745075]"
synthetic,actor_7,2025-02-19,jennifer garner pet chicken named regina george walk leash take girl texas no secret jennifer garner born raised southern gal fan,jennifer garner pet chicken named regina george walk leash take girl texas no secret jennifer garner born raised southern gal fan,Society & Health,0.9202221839657437,"[0.012159500624493459, 0.05959665550774954, 0.9202221839657437, 0.008021659902013494]"
synthetic,actor_7,2025-02-19,america romantic winter destination photo blame cold weather holiday cheer something winter give u itch escape special someone,america romantic winter destination photo blame cold weather holiday cheer something winter give u itch escape special someone,Society & Health,0.9801318017472955,"[0.003584173526438152, 0.010654444940077829, 0.9801318017472955, 0.005629579786188459]"
synthetic,actor_7,2025-02-19,faux fur collar fit onto jacket making winter dream come true neck thank,faux fur collar fit onto jacket making winter dream come true neck thank,Society & Health,0.9155860498235486,"[0.02930096757957695, 0.04034901103430725, 0.9155860498235486, 0.014763971562567079]"
synthetic,actor_7,2025-02-19,donald trump tax plan could balloon debt percent make favorable growth projection result still insane,donald trump tax plan could balloon debt percent make favorable growth projection result still insane,Politics & Governance,0.6463292506682212,"[0.27998294642576377, 0.6463292506682212, 0.06277877352142341, 0.010909029384591673]"
synthetic,actor_7,2025-02-19,apple say care diversity fact say otherwise tech giant vote proposal take diversity seriously top,apple say care diversity fact say otherwise tech giant vote proposal take diversity seriously top,Technology & Cyber,0.5753026375439722,"[0.1066069941181331, 0.20927422283356992, 0.10881614550432486, 0.5753026375439722]"
synthetic,actor_7,2025-02-19,emma stone channel pee wee herman saint laurent suit feeling tell u think minute since tuned pee wee playhouse soon,emma stone channel pee wee herman saint laurent suit feeling tell u think minute since tuned pee wee playhouse soon,Society & Health,0.931821286715177,"[0.018530655236640253, 0.03886163310422561, 0.931821286715177, 0.010786424943957089]"
synthetic,actor_7,2025-02-19,darren wilson fundraiser end little explanation,darren wilson fundraiser end little explanation,Politics & Governance,0.549950956017389,"[0.0768025280963324, 0.549950956017389, 0.33538213040586223, 0.03786438548041647]"
synthetic,actor_7,2025-02-19,isola tiberina adorably tiny old roman island covered marble roman back day make look like ship still see prow,isola tiberina adorably tiny old roman island covered marble roman back day make look like ship still see prow,Society & Health,0.9217667905549545,"[0.02303254559313353, 0.025059873244316258, 0.9217667905549545, 0.03014079060759566]"
synthetic,actor_7,2025-02-19,awe inspiring cave natural world pretty spectacular see surface even half,awe inspiring cave natural world pretty spectacular see surface even half,Society & Health,0.7308601766345532,"[0.04562420500850568, 0.09739494356404974, 0.7308601766345532, 0.12612067479289144]"
synthetic,actor_7,2025-02-19,ronaldo racing stripe everyone talking,ronaldo racing stripe everyone talking,Society & Health,0.8566088749334883,"[0.035150208882360104, 0.08453684387048627, 0.8566088749334883, 0.023704072313665343]"
synthetic,actor_7,2025-02-19,deji karim return touchdown yard kickoff return key colt win texan video one hundred one yard later colt back front surrender lead en route,deji karim return touchdown yard kickoff return key colt win texan video one hundred one yard later colt back front surrender lead en route,Society & Health,0.8714090881787775,"[0.03919297891233918, 0.06988939241917318, 0.8714090881787775, 0.019508540489710187]"
synthetic,actor_8,2025-02-19,fish recognize human face scientist find underestimate pet fish,fish recognize human face scientist find underestimate pet fish,Technology & Cyber,0.8423577301424154,"[0.036431984446821254, 0.051632673518788204, 0.0695776118919752, 0.8423577301424154]"
synthetic,actor_8,2025-02-19,price killing worker must prison every day member union united steelworker usw one non union co worker killed job every day,price killing worker must prison every day member union united steelworker usw one non union co worker killed job every day,Politics & Governance,0.5253775409371748,"[0.4533653439339477, 0.5253775409371748, 0.016450981980794283, 0.004806133148083269]"
synthetic,actor_8,2025-02-19,amazon worried snow strike people logistics want staff walk want staff walk less walking less mean,amazon worried snow strike people logistics want staff walk want staff walk less walking less mean,Society & Health,0.4018651514090797,"[0.20824472580067252, 0.24483002722321318, 0.4018651514090797, 0.1450600955670347]"
synthetic,actor_8,2025-02-19,charity conservative compassion gap whatever little remained compassionate conservatism championed george w bush long since evaporated heat republican extremism today three quarter american conservative think poor easy,charity conservative compassion gap whatever little remained compassionate conservatism championed george w bush long since evaporated heat republican extremism today three quarter american conservative think poor easy,Politics & Governance,0.8965056405853178,"[0.050976595171950266, 0.8965056405853178, 0.045889140733471674, 0.006628623509260092]"
synthetic,actor_8,2025-02-19,voter pining third party candidate complicated set unpopular candidate making unknown look like appealing alternative,voter pining third party candidate complicated set unpopular candidate making unknown look like appealing alternative,Politics & Governance,0.8068620204805524,"[0.026094871647650862, 0.8068620204805524, 0.14734762269866905, 0.019695485173127653]"
synthetic,actor_8,2025-02-19,love letter miami people say miami mean city miami mean miami beach bal harbour coral gable place everyplace within county boundary loved every inch love even become,love letter miami people say miami mean city miami mean miami beach bal harbour coral gable place everyplace within county boundary loved every inch love even become,Society & Health,0.961640122770924,"[0.006227875447852121, 0.02510351921384229, 0.961640122770924, 0.007028482567381419]"
synthetic,actor_8,2025-02-19,beautiful landscape reflection inverted wine glass wine connoisseur sucker fine sunset luck today moscow based russian photographer,beautiful landscape reflection inverted wine glass wine connoisseur sucker fine sunset luck today moscow based russian photographer,Society & Health,0.8119312199874505,"[0.03914680747937461, 0.10738248706292866, 0.8119312199874505, 0.04153948547024629]"
synthetic,actor_8,2025-02-19,omarosa dish mike penny think jesus tell say thing would begging day trump back penny became president,omarosa dish mike penny think jesus tell say thing would begging day trump back penny became president,Politics & Governance,0.9112443601562565,"[0.005781316147248917, 0.9112443601562565, 0.08002238951219971, 0.0029519341842947316]"
synthetic,actor_8,2025-02-19,ditch talking point make listening point meeting bunch peer gathered planning training lunch senior leader organization asked come spend time gang great opportunity leadership group senior leader exposure,ditch talking point make listening point meeting bunch peer gathered planning training lunch senior leader organization asked come spend time gang great opportunity leadership group senior leader exposure,Economy & Business,0.7879517505106289,"[0.7879517505106289, 0.179315593677772, 0.021252309559686884, 0.011480346251912058]"
synthetic,actor_8,2025-02-19,business big bank okay admitted bank big money center bank specifically bank america not sole institution,business big bank okay admitted bank big money center bank specifically bank america not sole institution,Economy & Business,0.9711013751953858,"[0.9711013751953858, 0.015015900582214945, 0.011707046035178496, 0.002175678187220923]"
synthetic,actor_8,2025-02-19,u industrial output growth eas u industrial production continued rise november albeit slower pace previous month u federal reserve said output factory mine utility rose line forecast revised increase october analyst added carmaking sector saw production fall excluded data would impressive latest increase mean industrial output grown past year many analyst upbeat prospect u economy increase production coming heel news recovery retail sale consistent economy growing congruent job growth consumer optimism comerica chief economist david littman said figure u economy grew respectable annual rate three month july september job growth averaged period employment figure not spectacular expert believe enough whittle away america jobless rate breakdown latest production figure show mining output drove increase surging factory output rose utility output dropped meanwhile amount factory capacity use month rose highest level since may many investor think product market inflation problem utilisation rate higher cary leahy senior u economist deutsche bank security said still lot inflation fighting slack manufacturing sector overall say manufacturing least away auto continues improve would bet improves faster rate coming month given lean inventory citigroup senior economist steven wieting added,u industrial output growth ea u industrial production continued rise november albeit slower pace previous month u federal reserve said output factory mine utility rose line forecast revised increase october analyst added carmaking sector saw production fall excluded data would impressive latest increase mean industrial output grown past year many analyst upbeat prospect u economy increase production coming heel news recovery retail sale consistent economy growing congruent job growth consumer optimism comerica chief economist david littman said figure u economy grew respectable annual rate three month july september job growth averaged period employment figure not spectacular expert believe enough whittle away america jobless rate breakdown latest production figure show mining output drove increase surging factory output rose utility output dropped meanwhile amount factory capacity use month rose highest level since may many investor think product market inflation problem utilisation rate higher cary leahy senior u economist deutsche bank security said still lot inflation fighting slack manufacturing sector overall say manufacturing least away auto continues improve would bet improves faster rate coming month given lean inventory citigroup senior economist steven wieting added,Economy & Business,0.9921613611123729,"[0.9921613611123729, 0.0033654689103090503, 0.0016233673837489603, 0.002849802593569003]"
synthetic,actor_8,2025-02-19,trade adviser peter navarro astoundingly claim inauguration day postponed oh ok said jeanine pirro navarro lied fox news,trade adviser peter navarro astoundingly claim inauguration day postponed oh ok said jeanine pirro navarro lied fox news,Politics & Governance,0.7899469811207884,"[0.04549453143431455, 0.7899469811207884, 0.15496393446621182, 0.00959455297868521]"
synthetic,actor_8,2025-02-19,holiday shopping season begin thanksgiving nov reuters early u shopper headed store thanksgiving day search discounted holiday gift,holiday shopping season begin thanksgiving nov reuters early u shopper headed store thanksgiving day search discounted holiday gift,Economy & Business,0.6299549993749255,"[0.6299549993749255, 0.023374974598597224, 0.3323855764200211, 0.014284449606456225]"
synthetic,actor_8,2025-02-19,exclusive accenture first big consulting firm publish race gender stats first time accenture monday released detailed breakdown gender ethnicity u workforce,exclusive accenture first big consulting firm publish race gender stats first time accenture monday released detailed breakdown gender ethnicity u workforce,Economy & Business,0.39015933730093494,"[0.39015933730093494, 0.3008737435220006, 0.22171211274936267, 0.0872548064277019]"
synthetic,actor_8,2025-02-19,saudi crown prince unprecedented power grab could come haunt saudi crown prince mohammed bin salman first round could prove unprecedented power grab,saudi crown prince unprecedented power grab could come haunt saudi crown prince mohammed bin salman first round could prove unprecedented power grab,Politics & Governance,0.8458441290178207,"[0.029719972712800153, 0.8458441290178207, 0.09560319497533691, 0.0288327032940422]"
synthetic,actor_8,2025-02-19,new year old bank new year resolution want understand bank scientific curiosity bank work way think truly understand bank dissect one,new year old bank new year resolution want understand bank scientific curiosity bank work way think truly understand bank dissect one,Economy & Business,0.8219211338287917,"[0.8219211338287917, 0.029791681074789838, 0.10374145367437836, 0.04454573142204004]"
synthetic,actor_8,2025-02-19,hiring guru meir ezra good people,hiring guru meir ezra good people,Economy & Business,0.38148756301624365,"[0.38148756301624365, 0.24432877536986086, 0.31082785403593344, 0.06335580757796201]"
synthetic,actor_8,2025-02-19,tech investor want create six california turn silicon valley state passive aggressive swipe less economically productive region california cloaked measure purport,tech investor want create six california turn silicon valley state passive aggressive swipe less economically productive region california cloaked measure purport,Economy & Business,0.49318449328227787,"[0.49318449328227787, 0.20773118960268808, 0.047519197307177574, 0.25156511980785645]"
synthetic,actor_8,2025-02-19,fannie mae approval mortgage principal reduction get silent treatment edward demarco acting director fhfa indicated additional analysis would performed determine long term benefit principal reduction,fannie mae approval mortgage principal reduction get silent treatment edward demarco acting director fhfa indicated additional analysis would performed determine long term benefit principal reduction,Economy & Business,0.4460665927755762,"[0.4460665927755762, 0.22715170494116874, 0.26950705915238565, 0.05727464313086946]"
synthetic,actor_8,2025-02-19,ipad mini event new retina macbooks mac mini week apple rumor hello lady gentleman welcome week apple rumor regular look back week unconfirmed,ipad mini event new retina macbooks mac mini week apple rumor hello lady gentleman welcome week apple rumor regular look back week unconfirmed,Technology & Cyber,0.8419574555599807,"[0.018143775547091824, 0.021988025456062505, 0.11791074343686492, 0.8419574555599807]"
