platform,actor_handle,created_at,text
synthetic,actor_1,2025-01-01,deborah birx white house covid response coordinator say retire comment came day associated press reported traveled state thanksgiving holiday
synthetic,actor_1,2025-01-01,nancy pelosi never thought pray bush still president house minority leader made declaration mistakenly referring president trump president bush
synthetic,actor_1,2025-01-01,read gop controversial secret fisa memo president donald trump ordered release memo despite protest fbi democrat
synthetic,actor_1,2025-01-01,michigan may allow adoption agency refuse service gay couple
synthetic,actor_1,2025-01-01,house republican working plan help puerto rico democrat say gop leader negotiating good faith
synthetic,actor_1,2025-01-01,democrat sue wisconsin gov scott walker force call special election accuse walker delaying vote fear gop may lose seat
synthetic,actor_1,2025-01-01,president obama summer playlist think good taste
synthetic,actor_1,2025-01-01,friday talking point getting ready obama big speech busy week politics republican new congress began bout legislating president obama ramped agenda preparation next tuesday big speech congress country
synthetic,actor_1,2025-01-01,lee kuan yew legacy say type democracy lky created nurtured stepping prime minister net result economic miracle unrivaled southeast asia punched way weight decade
synthetic,actor_1,2025-01-01,probably surprised bristol palin mad tina fey getting pathetic
synthetic,actor_1,2025-01-01,idaho gov candidate ammon bundy busted protesting police seizure malnourished baby right wing rancher gubernatorial candidate bundy seized public land supporter called baby health treatment medical tyranny
synthetic,actor_1,2025-01-01,u evacuate diplomatic staff cuba following mystery ailment still unclear whether embassy personnel targeted injury
synthetic,actor_1,2025-01-01,duty texas police officer wore pro trump hat problem not take position uniform said san antonio city councilman
synthetic,actor_1,2025-01-01,mcconnell big gamble senate majority leader mitch mcconnell make big legislative throw dice thursday finally unveils
synthetic,actor_1,2025-01-01,really important stabilize public debt level suppose entertainment purpose wanted sane rational even informative discussion public deficit debt one automatically default hair fire greece often get deficit reduction industry
synthetic,actor_1,2025-01-01,hugh hewitt backing democrat senate conservative radio host endorsing loretta sanchez california senate race
synthetic,actor_1,2025-01-01,huffpollster obama approval rating continues climb receiving highest mark second term
synthetic,actor_1,2025-01-01,no deal brexit could lead shortage medicine food fuel government report say previously secret document also warn disease outbreak panic buying supermarket huge traffic jam uk leaf eu without deal
synthetic,actor_1,2025-01-01,gay right activist scoop domain name indiana lawmaker voted religious freedom bill
synthetic,actor_1,2025-01-01,cleveland pass trans friendly bathroom law ahead gop convention city official exactly rolling red carpet republican
synthetic,actor_2,2025-01-01,american believe miracle donald trump sure keep promise
synthetic,actor_2,2025-01-01,isi redrawing iraq map
synthetic,actor_2,2025-01-01,huffpollster donald trump might gaining support among republican voter still trail hillary clinton every national poll
synthetic,actor_2,2025-01-01,louisiana secretary state resigns staffer accuses sexual harassment former executive secretary accused making repeated advance banishing nothing job refused
synthetic,actor_2,2025-01-01,stopped child marriage girl indonesia age sanita stopped child marriage young wed determined stay school understood
synthetic,actor_2,2025-01-01,city banishing highway underground building park top capping highway create park also reconnect urban neighborhood sliced apart expressway building boom
synthetic,actor_2,2025-01-01,pennsylvania republican want democrat state supreme court impeached gerrymandering decision latest state gop attack court integrity
synthetic,actor_2,2025-01-01,held story u iranian prisoner exchange glad
synthetic,actor_2,2025-01-01,kid get vaccinated new california law nobody included confident could accomplish law
synthetic,actor_2,2025-01-01,hillary clinton within striking distance donald trump arizona georgia trump running close race nevada new hampshire
synthetic,actor_2,2025-01-01,lesson hopi trump victory say u couple week ago facebook post one hopi law called donald trump tsuku hopi word clown
synthetic,actor_2,2025-01-01,white house reportedly send pick australia ambassador south korea instead understand sort thing happens australia foreign minister said
synthetic,actor_2,2025-01-01,democrat duck question sen bob menendez corruption trial let legal process play
synthetic,actor_2,2025-01-01,montana democratic candidate affirms support legalizing marijuana rob quist greg gianforte running special election montana lone house seat clashed televised debate saturday
synthetic,actor_2,2025-01-01,house republican focus solving problem not hillary clinton guy going investigate comey investigation see come dirt presidential election coarse enough
synthetic,actor_2,2025-01-01,obama going company getting rich offshore earnings
synthetic,actor_2,2025-01-01,technology may prevent trump delivering job promise robot already cost less operate salary human replace getting cheaper better
synthetic,actor_2,2025-01-01,trump go weird riff really democrat party no not
synthetic,actor_2,2025-01-01,right wing maga artist weird new trump prayer portrait get hilarious makeover jon mcnaughton latest effort brings twitter art critic
synthetic,actor_2,2025-01-01,woman leader turning passion action go forth speak work today never know whose dream may carrying let make sure union movement leader elect truly representative people carry dream together
synthetic,actor_3,2025-01-01,rick perry join list official say trump belief climate change energy secretary call intellectual conversation global warming
synthetic,actor_3,2025-01-01,june job report u economy add job unemployment rate unchanged read entire bls analysis actually growing quite quickly last half year job
synthetic,actor_3,2025-01-01,state dept worker helped clinton set email server take fifth email scandal saga continues
synthetic,actor_3,2025-01-01,new year brings minimum wage hike american state friday increase new average minimum wage across affected state rise hour
synthetic,actor_3,2025-01-01,white house responds sexual misconduct allegation roy moore alabama gop senate nominee accused molesting year old girl
synthetic,actor_3,2025-01-01,photo show sheer devastation kobe quake
synthetic,actor_3,2025-01-01,war cia senate democrat everybody except public entire investigation cia role illegal torture died allegedly senate sergeant arm trust cia cia inspector general find cia accusation democratic led committee based inaccurate information u attorney general asserts cia case committee worth pursuing
synthetic,actor_3,2025-01-01,jon husted v nina turner nonpartisan candidate guide ohio secretary state race looking nonpartisan voter guide jon husted v nina turner secretary state race one give unbiased no spin comparison candidate position key issue campus election engagement project guide give
synthetic,actor_3,2025-01-01,washington day baseball blood brotherhood gunman shot five people practice congressional baseball game annual bipartisan event
synthetic,actor_3,2025-01-01,build mobile community building mobile community building community engage interact add value show support group important
synthetic,actor_3,2025-01-01,monday morning email everything need know last night oscar best look red carpet
synthetic,actor_3,2025-01-01,trump delivering politicized judiciary republican dreamed first published boston globe pro trump conservative ignore transcendent unfitness creating
synthetic,actor_3,2025-01-01,trump russia probe made thing bit awkward fbi welcomed new bos fbi director christopher wray replaced fired former director james comey said bureau must embrace change
synthetic,actor_3,2025-01-01,donald trump admirer spend day jail plot bomb muslim william celli said facebook post would follow trump end world
synthetic,actor_3,2025-01-01,huffpollster brexit poll fared depends survey look telephone poll favored remain internet poll correctly pointed toward win leave
synthetic,actor_3,2025-01-01,truth paul ryan first big test time clich might accurate not
synthetic,actor_3,2025-01-01,extorting coercion economist feb cover displayed venus de milo statue pointing revolver headline go ahead angela make day editor upside world greece threatening europe least germany really
synthetic,actor_3,2025-01-01,rep adam kinzinger rip gop party lie conspiracy dishonesty seen momentum party move away lie towards truth said republican recently announced seek reelection
synthetic,actor_3,2025-01-01,east coast republican slam trump administration offshore drilling plan florida sen marco rubio gov rick scott among first criticize proposal
synthetic,actor_3,2025-01-01,become global citizen year world leader agree pathway sustainable development global citizen taking challenge make sure known throughout world acted going hear knowledgeable culturally relevant people subject create dialogue challenge solution done term national development
synthetic,actor_4,2025-01-01,virgin galactic spaceshiptwo space plane go supersonic third test flight video photo virgin galactic spaceshiptwo flight show view aft private space plane made third supersonic
synthetic,actor_4,2025-01-01,big short director adam mckay hollywood liberal make money
synthetic,actor_4,2025-01-01,biden giving gun control negotiator space president boasted deal making ability backed away day day congressional action key issue
synthetic,actor_4,2025-01-01,kevin bacon come talk text movie drop phone put hand air
synthetic,actor_4,2025-01-01,adam sandler red carpet date year old doppelg nger related
synthetic,actor_4,2025-01-01,dark side guardian comment comment allow reader respond article instantly asking question pointing error giving new lead
synthetic,actor_4,2025-01-01,sarah michelle gellar rap cinderella princess rap battle
synthetic,actor_4,2025-01-01,plan next great adventure part completed round world trip across continent country city getting ready hop around latin america couple month learned best practice make planning phase smoother less pull hair experience
synthetic,actor_4,2025-01-01,read tech ceo moving martin luther king tribute u people
synthetic,actor_4,2025-01-01,couple want lean together need employer change
synthetic,actor_4,2025-01-01,iran jail blogger year iranian weblogger jailed year charge spying aiding foreign counter revolutionary arash sigarchi arrested last month using blog criticise arrest online journalist mr sigarchi also edits newspaper northern iran sentenced revolutionary court gilan area sentence criticised human right watchdog reporter without border come day online day action secure release iranian authority recently clamped growing popularity weblogs restricting access major blogging site within iran second iranian blogger motjaba saminejad also used website report blogger arrest still held spokesman reporter without border track press freedom across globe described mr sigarchi sentence harsh called iranian president mohammed khatami work secure immediate release authority trying make example organisation said statement handing harsh sentence weblogger aim dissuade journalist internet user expressing online contacting foreign medium day arrest mr sigarchi gave interview bbc persian service u funded radio farda iranian authority arrested online journalist current crackdown accused mr sigarchi string crime iranian state including espionage insulting founder iran islamic republic ayatollah ruhollah khomenei current supreme leader ayatollah ali khamenei mr sigarchi lawyer labelled revolutionary court illegal incompetent called retrial public court mr sigarchi sentenced one day online campaign highlighted case day action defence blogger around world committee protect blogger designated february free mojtaba arash day around people visited campaign website day user based iran campaign director told bbc news website curt hopkins said mr sigarchi sentence would not dent resolve blogger joining campaign help highlight case eye million blogger going focused iran since sigarchi sentence not less mullah able make move without spread across blogosphere
synthetic,actor_4,2025-01-01,bachelorette finale showcase emily maynard best worst fashion photo want sure check huffpost style twitter facebook tumblr pinterest emily maynard chosen
synthetic,actor_4,2025-01-01,habit people make thing happen people get thing done willing embrace suck keep coming back
synthetic,actor_4,2025-01-01,russia eye lure chinese tourist
synthetic,actor_4,2025-01-01,williamsburg virginia lure history buff spa babe
synthetic,actor_4,2025-01-01,trump eye warmer tie china congressional delegation visit dalai lama trip likely rile beijing regard dangerous splittist
synthetic,actor_4,2025-01-01,aaron paul wife lauren parsekian expecting first child breaking dad
synthetic,actor_4,2025-01-01,fox news doctor ben carson right gun holocaust mindset jew surrendered gun far important hardware turned
synthetic,actor_4,2025-01-01,singapore memorable street food prime example peranakan cuisine also known nonya mix chinese malaysian flavor laksa rich noodle soup spicy coconut milk broth thick rice noodle
synthetic,actor_4,2025-01-01,google driverless car division go hiring spree happening people
synthetic,actor_5,2025-01-01,swap offer pirated window xp computer giant microsoft launched pilot scheme replace counterfeit version window xp legal one first time initiative restricted uk user pre installed copy operating system pc bought november december microsoft said software sent analysis doubt legitimacy company aim detect illegal trader turn user fake version window legitimate one window xp counterfeit project mean software found counterfeit replaced free subject certain condition end year first time microsoft launched counterfeit product replacement scheme world company told bbc news website june software giant said major security update window xp service pack would not work widely pirated version operating system upgrade closed security loophole xp added feature made easier keep machine safe virus type malicious computer code u company invited anyone suspicion version window xp submit testing soon possible procedure consists series computer check collating document filling witness statement great opportunity user confirm authenticity window xp software whilst helping gather vital information illegal trader said alex hilton licence compliance manager microsoft scheme also welcomed technology commerce industry important user ensure legally licensed avoid risk purchasing using counterfeit product said david frost director general british chamber commerce plan would enable microsoft gather intelligence illegal trader prompt way would allow take action software pirate microsoft said would evaluate result uk programme setting similar scheme country
synthetic,actor_5,2025-01-01,saving cherished national pastime global war terror popular engagement country misadventure abroad used salute uniformed serviceman lack enthusiasm used heyday war terror suggestion impart new energy america war
synthetic,actor_5,2025-01-01,make face mask juice sugar yes really video sound strange alpha hydroxy acid aha mask known smooth brighten skin thanks natural
synthetic,actor_5,2025-01-01,jerusalem ein kerem artist hidden courtyard walkway take day beautiful ein kerem get know many shade meet artist shop restaurant create exceptional mosaic village
synthetic,actor_5,2025-01-01,airline work together declare war cyber attacker protecting industry cyber threat hard probably one hardest thing facing not know facing prepare
synthetic,actor_5,2025-01-01,consumer lose rigged wireless auction picking winner loser bad policy instead policy empower consumer freely choose service service provider want competition not improved rule limit auction participation restrict spectrum create shortage raise consumer price
synthetic,actor_5,2025-01-01,national park view not missed photo america national park offer gorgeous scenery country yellowstone florida favorite view
synthetic,actor_5,2025-01-01,mega million lottery someone got ta win read wrote book called son son gambler winner loser win lottery whenever jackpot hit record high like mega million lottery last week book climb top amazon chart boil advice five point
synthetic,actor_5,2025-01-01,edward snowden prosecuting nsa leaker threatens free press snowden said reality winner treatment bad news first amendment
synthetic,actor_5,2025-01-01,tokyo olympics ban spectator abroad covid fear official said risk great admit ticket holder overseas coronavirus pandemic
synthetic,actor_5,2025-01-01,cere four mile tall pyramid closer ever still puzzling mountain formed not yet understood big big mystery u right
synthetic,actor_5,2025-01-01,birth control emoji two woman decided time one
synthetic,actor_5,2025-01-01,palestinian leader say still committed talk israel
synthetic,actor_5,2025-01-01,orrin hatch think john mccain wish funeral without donald trump ridiculous utah senator said hope mccain change mind
synthetic,actor_5,2025-01-01,thing know kim kardashian
synthetic,actor_5,2025-01-01,u canada relation hinge nafta cooperation state american canadian relation critical point u president donald trump campaigned america first
synthetic,actor_5,2025-01-01,emi share hit profit warning share music giant emi sunk firm issued profit warning following disappointing sale delay two album release emi said music sale year march fall year profit set lower analyst expected blamed poor sale since christmas delay release new album coldplay gorillaz gmt monday emi share penny emi said two major album scheduled release end financial year march one coldplay one gorillaz release date put back emi music sale particularly order january also lower anticipated expected continue february march company added therefore full year constant currency emi music sale expected lower prior year company said expected profit alain levy chairman chief executive emi music described performance disappointing added remained optimistic future trend industry physical music market showing sign stabilisation many part world digital music form continues develop rapid pace said commenting delay release coldplay gorillaz album mr levy said creating marketing music not exact science not always coincide reporting period rescheduling recent softness disappointing not change view improving health global recorded music industry added paul richards analyst numis security said market would focusing slump music sale rather timing two album unusual see much downgrade phasing said
synthetic,actor_5,2025-01-01,election margin theft democrat need landslide order overcome gop gerrymander
synthetic,actor_5,2025-01-01,net fingerprint combat attack eighty large net service firm switched software spot stop net attack automatically system creates digital fingerprint ongoing incident sent every network affected firm involved smart sensing system believe help trace attack back source data gathered passed police help build intelligence behind worm outbreak denial service attack firm signing sensing system include mci bt deutsche telekom energis ntt bell canada many others creation fingerprinting system brokered u firm arbor network signature attack passed anyone suffering weight attack increasingly computer criminal using swarm remotely controlled computer carry denial service attack website launch worm relay spam around net seen attack involving five ten gigabyte traffic said rob pollard sale director arbor network behind fingerprinting system attack size cause collateral damage cross internet get destination said attack spotted signature defined information passed back chain network affected help every unwitting player tackle problem mr pollard said arbor not charging service would pas fingerprint data every network affected want help net service firm communicate push attack back around world source said mr pollard arbor network technology work building detailed history traffic network spot computer group user regularly talk type traffic pass machine workgroups anomaly usual pattern spotted flagged network administrator take action traffic due net based attack kind type close analysis become useful net attack increasingly launched using several hundred thousand different machine anyone looking traffic machine machine basis would unlikely spot part concerted attack attack getting diffuse sophisticated said malcolm seagrave security expert energis last month started getting noticeable criminal taking seen massive growth said although informal system exist pas information attack often commercial confidentiality got way sharing enough information properly combat attack
synthetic,actor_5,2025-01-01,facebook drone frickin internet laser ready testing century many project stratospheric ambition pneumatic train space ship come naught
synthetic,actor_6,2025-01-01,buzz aldrin apollo moonwalker refutes auction keeping space memorabilia extraordinary piece offer two page entry apollo log book bonhams wrote effectively equal
synthetic,actor_6,2025-01-01,no one actually sure sharing economy even exists new era work maybe possibly
synthetic,actor_6,2025-01-01,caffeine crystal electron microscope look right willy wonka world photo no disputing last point fda say percent people world consume caffeine form
synthetic,actor_6,2025-01-01,watch top youtube video week looking see popular youtube video week look no bringing
synthetic,actor_6,2025-01-01,image show saturn north polar region changed color nasa want know
synthetic,actor_6,2025-01-01,tesla ceo tout safety self driving car say way safer human driver
synthetic,actor_6,2025-01-01,john mccain learn consequence snubbing trump pulling endorsement could give boost senate race come heavy price
synthetic,actor_6,2025-01-01,world brightest x ray laser getting big upgrade help development new technology life saving drug future scientist say
synthetic,actor_6,2025-01-01,eating slowly really make food taste better breathe meal new study show
synthetic,actor_6,2025-01-01,fbi could eavesdropping toaster case already terrified cybersecurity
synthetic,actor_6,2025-01-01,mindfulness revolutionizing mental health care
synthetic,actor_6,2025-01-01,twist kim kardashian get people click away instagram medium saved maybe
synthetic,actor_6,2025-01-01,multi purpose tv aid india two third world population billion people live year less might think last thing mind would getting television set computer not case many people developing world give one daily meal afford buy tv indian born computer engineer think come way give cheap access internet carnegie mellon professor raj reddy spent bulk professional career trying find way make technology accessible poor people first step figure poor people would want personal computer professor reddy think pretty good idea might come village say prof reddy know population like many illiterate many concern nobody use conventional us pc word processing powerpoint said clear people wanted use pc village usable illiterate people must primarily entertainment education telemedicine access expert advice prof reddy also think tying kind aid package wrong approach asked aid group could possibly give expensive computer million less fortunate indian let alone billion poor people around world instead prof reddy decided think million indian potential market problem becomes one making product compelling enough must compelling would give third meal order prof reddy say people today television set go india many country first go get television set worry one meal personalized entertainment become important hatched completely new idea call pctvt personal computer television telephone one run normal desktop machine literate user surf application keyboard mouse illiterate user use look like television remote control screen picture not word designate application like tv voice mail video e mail dependence graphic video audio mean computer illiterate person need time power memory one phd prassana rambathla one prof reddy graduate student say talking illiterate talking audio video demand exponentially high bandwidth choke point time withstand anything no matter pressing major part making foolproof tough never break say carnegie mellon team say project possible pc much cheaper built audio video hardware software limited trial pctvt due start month indian state andhra pradesh although andhra pradesh fairly good infrastructure work done ensure reliable connection net prof reddy teamed eric brewer university california berkeley answer say prof brewer wi fi looking thing see starbuck many hotspot say lot work long distance wireless make network work better presence intermittency power go link go computer connected get turned no reason prof reddy say hope lease pctvts month think indian rent unit television dvd capability reddy say introduce pctvt technology video mail example farmer could use pctvt webcam send picture harmful insect local official could send back proposed course action farmer prof reddy think kind communication real pay underlying problem say increase wealth reduce poverty reduce illiteracy improve health care postulating technology enable would uphill battle even technology uphill battle tool hope reach way not possible clark boyd technology correspondent world bbc world service wgbh boston co production
synthetic,actor_6,2025-01-01,iran nuclear deal pit u congress versus u ally serious challenge nuclear deal may not address human right record tehran theocracy statement challenging legitimacy israel however perspective obama administration u ally nuclear deal seen first step empowering progressive trend iran
synthetic,actor_6,2025-01-01,uber offering ride new york city major catch
synthetic,actor_6,2025-01-01,kristen stewart stuns nude photo series latest mario testino
synthetic,actor_6,2025-01-01,gold fall imf sale concern price gold fallen international monetary fund imf said look way using gold reserve provide debt relief revaluing holding imf may able sell billion dollar gold use cash cancel debt owed world poorest nation plan put forward g finance minister weekend price gold fell ounce asia rebounding slightly early european trading imf bos rodrigo rato asked g minister carry study feasibility revaluing selling gold reserve expected present conclusion imf meeting washington april whatever happens market going disconcerted back foot april imf meeting said john reade analyst ubs imf value gold reserve ounce price fixed tenth metal current market value imf tonne gold ounce bringing book price gold line market value would boost imf balance sheet giving money distribute idea put forward seems committed political drive address issue global poverty first time mention use gold g communiqu achieving debt relief said uk chancellor exchequer gordon brown meeting london g finance minister backed plan write debt owed world poorest country mr brown said meeting would remembered debt relief summit debt relief seems jumped top global agenda not everyone convinced selling imf gold best way forward u veto plan sell imf gold choose said looking way solving problem u not convinced necessary way said treasury secretary john taylor canada key gold producer also expressed reservation
synthetic,actor_6,2025-01-01,lyrid meteor shower peak tonight april may dulled moonlight best time seek lyrid meteor actually wee hour monday morning april moon set
synthetic,actor_6,2025-01-01,oh no game throne delay way worse thought oh sweet summer child
synthetic,actor_6,2025-01-01,changing terrifying nature new cyber warfare hidden battlefield history first known cyber war casualty piling read vanity fair
synthetic,actor_7,2025-01-01,snl take iphone problem skit pitting tech blogger chinese factory worker video show recent tech talk skit assembles mock talk show vocal tech blogger air grievance device
synthetic,actor_7,2025-01-01,pc photo printer challenge pro home printed picture cheaper higher quality high street developer test show survey carried pc pro magazine looked home photo printer offered better deal handing snap photo lab test found image top pc printer kept colour longer professionally produced photograph using wrong printer cartridge could mean snap fade month warned magazine group test home photo printer pc discovered much cost create image using device compared online developer well high street name jessops boot snappy snap comprehensive test also revealed quickly different printer produced image quality finished image resistant finished picture smudging water damage found although ink printer cost per millilitre still cheaper produce print photograph home send high street store really like photo definitely worth printing home instead going high street choose right printer said nick ross top tester pc pro mr ross said new generation printer produced image brighter colour less likely fade many high street developer even professional wedding photographer high street photo shop cheapest came developing print x said mr ross test revealed image x x size cheaper produce home according pc pro producing print x epson r printer using top quality paper cost jessops image would cost snappy snap x snap boot would cost considering inconvenient go high street silver halide print fade sun adamant better cheaper convenient print home said ann simpson marketing manager snappy snap belief convenience high street printing continue attract customer people want thing computer feedback u customer often print two three picture home order get good one said many people not skilled getting colour contrast cropping right want hassle added magazine test found ink consumer use determined long print lasted started fading recommended avoiding called third party ink not produced printer maker tended produce print fade quickest
synthetic,actor_7,2025-01-01,victoria beckham bag size causing injury imitator say expert want avoid future pain american chiropractic association suggests limit bag weight no
synthetic,actor_7,2025-01-01,quickest way give raise pay debt account regain control finance like plugging hole bucket able use money see fit no siphoning away hard earned money
synthetic,actor_7,2025-01-01,actual scientist found ayahuasca help think creatively psychedelic trip could give mind flexibility unlock old thought pattern
synthetic,actor_7,2025-01-01,christmas sale amazon walmart offer last minute deal photo last minute shopper rejoice
synthetic,actor_7,2025-01-01,mayor schaaf response oakland fire total disaster word showed stunning lack empathy
synthetic,actor_7,2025-01-01,gop leader unhappy flood money politics campaign event senate hopeful joni ernst de moines thursday sen lindsey graham r sc told unhappy citizen united would revisit landmark supreme court decision make balanced however graham not think action happen without movement
synthetic,actor_7,2025-01-01,fashion show honored grandma lucy growing grandmother one important people life self taught sewing dynamo without formal training no sewing project difficult lucy
synthetic,actor_7,2025-01-01,surprising thing insurance not cover insurance provide safety net individual worry property purchase however insurance policy come long list exclusion leave policyholder cold unforeseen happens
synthetic,actor_7,2025-01-01,eddie huang say sexually assaulted teen baptist ski trip never ready never think would happen happening kept going said
synthetic,actor_7,2025-01-01,conversation designer dennis basso basso talk love importance friend great haircut must whether woman man
synthetic,actor_7,2025-01-01,travel anywhere not get killed maimed checking not nice place turn light room shut door check peep hole happened one slowly get mace spray hole leaving easy way tell peeping
synthetic,actor_7,2025-01-01,trick company commonly use scam employee worked corporate america likely familiar scam employer use screw employee article necessarily article recent college grad anyone matter new workforce getting first real job
synthetic,actor_7,2025-01-01,gal gadot seemingly innocent tribute stephen hawking pissed people several disability right advocate called ableist
synthetic,actor_7,2025-01-01,chanel native american headdress runway raise eyebrow photo updated update fashionista obtained statement chanel native american integral part texas rich history culture
synthetic,actor_7,2025-01-01,wonder world photo lady man martini connoisseur british secret service agent extraordinaire bond not famous spy majesty payroll also one world celebrated jetsetters
synthetic,actor_7,2025-01-01,q reigning scrabble champion reveals favorite letter fun trick embarrassing story think people little shortsighted
synthetic,actor_7,2025-01-01,world oldest rock found contain key building block life
synthetic,actor_7,2025-01-01,trillion bacteria make human microbiome biologist say good thing tell exact date began think first person plural superorganism rather
synthetic,actor_8,2025-01-01,new chair senate indian affair committee wanted dapl protest shut sen john hoeven odd choice job dedicated helping native american community
synthetic,actor_8,2025-01-01,might cost bit get door costco investor predict fee hike
synthetic,actor_8,2025-01-01,state next legalize marijuana
synthetic,actor_8,2025-01-01,phil ochs concert resurfaces phil glad see hardly week pass think man could really use new phil ochs album friday got one
synthetic,actor_8,2025-01-01,steve scalise move intensive care unit gop whip remains fair condition shot hip last week
synthetic,actor_8,2025-01-01,apple submits brief opposing u government unprecedented iphone request tech giant argued government request violates company first amendment right
synthetic,actor_8,2025-01-01,ucla basketball player arrested china shoplifting charge one liangelo ball brother lakers rookie lonzo ball son outspoken sport dad lavar ball
synthetic,actor_8,2025-01-01,nfl ready michael sam
synthetic,actor_8,2025-01-01,foreclosure spell financial demise latino middle class crisis faced latino homeowner involves housing majority wealth tied home foreclosed latino lose equity needed future
synthetic,actor_8,2025-01-01,kristen stewart really f king proud twilight
synthetic,actor_8,2025-01-01,game firm hold cast audition video game firm bioware hold open audition people become cast member future game company make role playing game knight old republic neverwinter night seeking people aged canada based company say looking wide variety people use face model character everyone chosen appear video game receive performer fee use image company inviting people come along shopping mall west edmonton alberta friday saturday bringing along piece photo identification hundred hundred character typical bioware game said shauna perry bioware audio external resource producer people live city village need ordinary people people interesting face added not everyone model world want model game people chosen appear game head scanned three dimension hundred photo person head taken model head generated model look exactly like person really quite incredible detailed said m perry said chosen participant no control image used computer game not give people control image used face could used multiple game could hero one villain another merchant third
synthetic,actor_8,2025-01-01,john boehner dhs shutdown would bad could happen
synthetic,actor_8,2025-01-01,video game could change business school forever actually fun got test new game supposed better teaching strategy professor found
synthetic,actor_8,2025-01-01,abortion seen tv even significant post election fictional real life option woman align
synthetic,actor_8,2025-01-01,men care diversity boardroom many boy boy club seem ok status quo
synthetic,actor_8,2025-01-01,incredible story america saved national treasure extinction creature world majestic bald eagle part reason animal
synthetic,actor_8,2025-01-01,job unique state
synthetic,actor_8,2025-01-01,american woman getting sleep men woman get average minute sleep nightly according study jawbone
synthetic,actor_8,2025-01-01,science backed trick get annoying song head
synthetic,actor_8,2025-01-01,samsung unveiled thinnest phone ever hot damn thing thin
synthetic,actor_1,2025-01-08,uber begin testing fleet self driving car pittsburgh month vehicle see regular public use
synthetic,actor_1,2025-01-08,supreme court almost ruled stun gun protected second amendment justice samuel alito clarence thomas would gone
synthetic,actor_1,2025-01-08,carrie lam say hong kong violence becoming serious government control hong kong chief executive spoke public first time since demonstration escalated sunday
synthetic,actor_1,2025-01-08,sarah sander gleeful cnn guest white house christmas party christmas come early wrote white house press secretary
synthetic,actor_1,2025-01-08,nonsensical claim donald trump latest interview badly president not
synthetic,actor_1,2025-01-08,gop head south carolina dirty trick start run big presidential campaign moment big medium player iowa new hampshire gave voter useful
synthetic,actor_1,2025-01-08,republican debate show candidate stop trump lack courage criticize even encouraging assault
synthetic,actor_1,2025-01-08,reuters journalist charged myanmar reporting rohingya crisis men face year jail found guilty violating nation official secret act
synthetic,actor_1,2025-01-08,spain prime minister say sack catalonia government call regional election mariano rajoy said government taken unprecedented decision restore law
synthetic,actor_1,2025-01-08,obama say trump unfit serve president asked top gop leader still endorsing real estate mogul
synthetic,actor_1,2025-01-08,roy moore say gay marriage ruling even worse pro slavery decision alabama candidate u senate show contempt sex marriage
synthetic,actor_1,2025-01-08,pete buttigieg reveals new plan expand right people disability proposal include ending minimum wage loophole improving education disabled student implementing social security reform
synthetic,actor_1,2025-01-08,impeachment process remains limbo senate negotiates trial house speaker nancy pelosi holding sending article impeachment senate democrat know trial look like
synthetic,actor_1,2025-01-08,goodnight trumpcare degree yesterday vega rally outside sen dean heller office good thing republican assured
synthetic,actor_1,2025-01-08,rep adam schiff gop fbi memo could lead constitutional crisis democrat blame house speaker paul ryan allowing republican carry conspiracy theory
synthetic,actor_1,2025-01-08,senate democrat call union buster
synthetic,actor_1,2025-01-08,huffpollster ted cruz probably defeat donald trump indiana trump chance securing nomination increasing
synthetic,actor_1,2025-01-08,business order three way sequence marketing business development many business fail despite right stuff marketing business development strategy order sync organization goal objective
synthetic,actor_1,2025-01-08,slow recovery continues recovery continues remains weak indeed bit weaker forecast april revised forecast world growth percent april percent today headline number make thing look worse really
synthetic,actor_1,2025-01-08,joe arpaio insists asked donald trump pardon disgraced sheriff say offered say no
synthetic,actor_2,2025-01-08,arizona gop trump painting reminds twitter user famous traitor benedict arnold state republican party probably never pictured response portrait generated
synthetic,actor_2,2025-01-08,haunting halloween nightmare left right hillary clinton turn one refuse concede night election demand recount everywhere even recount however becomes apparent lost donald j trump next president
synthetic,actor_2,2025-01-08,clinton aide traveling puerto rico zika meeting puerto rico confirmed case zika
synthetic,actor_2,2025-01-08,donald trump true populist might look like truth living self constructed trump bubble
synthetic,actor_2,2025-01-08,one year trump style stress test global alliance trump left u ally nervous america global competitor gain serious ground
synthetic,actor_2,2025-01-08,indefinite shutdown kashmir internet illegal india top court india supreme court ordered government review curb kashmir saying freedom internet access fundamental right
synthetic,actor_2,2025-01-08,trump assault rule law previously published boston globe faced james comey testimony president trump defender beckon u
synthetic,actor_2,2025-01-08,wounded knee moon popping tree twenty three soldier th cavalry awarded nation highest honor medal honor murder nearly innocent unarmed men woman child
synthetic,actor_2,2025-01-08,climate change drive domestic violence fiji island nation fiji one world highest rate domestic violence climate change disaster making
synthetic,actor_2,2025-01-08,republican failed repeal obamacare get party never able unify behind idea new plan
synthetic,actor_2,2025-01-08,tim kaine rip donald trump picking fight ally making ally nervous trying appease adversary
synthetic,actor_2,2025-01-08,dnc guy target james comey long joke everyone comedian
synthetic,actor_2,2025-01-08,big check power jeb bush super pac unreal money haul bush got donor gave million apiece help family
synthetic,actor_2,2025-01-08,meet man track digital footprint missing central american migrant
synthetic,actor_2,2025-01-08,gop senate winner tommy tuberville blitzed sport defense trump tantrum former auburn university football team coach alabama senator elect received swift fact check declaring election result control
synthetic,actor_2,2025-01-08,democrat say nice republican nasty poor people
synthetic,actor_2,2025-01-08,federal reserve give donald trump first interest rate hike trump attacked federal reserve board chair janet yellen campaign trail
synthetic,actor_2,2025-01-08,defense christian every reason concerned fate christian community arab world stake not survival important minority future region violent extremist group like isi kin pose existential challenge not christian arab muslim
synthetic,actor_2,2025-01-08,could president bill clinton changed history north korea
synthetic,actor_2,2025-01-08,new court filing challenge legality death penalty long shot breyer dissent inviting people challenge death penalty accepted invitation
synthetic,actor_3,2025-01-08,communication one thing writing specialized audience understands terminology include legend explain term end article written expressly target audience believe safely assume passed point diminishing return
synthetic,actor_3,2025-01-08,top trump economic adviser larry kudlow see no recession sight head national economic council say economy pretty good shape despite growing fear coming downturn
synthetic,actor_3,2025-01-08,cpac special exhibit sobbing jan rioter jail instead dancing stand around watch guy cry said one journalist describing bizarre scene
synthetic,actor_3,2025-01-08,hillary clinton symbolism specific clinton strategy winning progressive base energizing electorate people recognize video young poor minority single woman actually get excited turn vote not mid term election clinton win devil detail clinton not sustain sort aspirational politics month november without getting specific many way interesting political contest come not battle nomination even likely campaign clinton republican rival no contest watch fight campaign clinton need wage one acceptable wall street sponsor
synthetic,actor_3,2025-01-08,former cbo director express strong objection gop attack agency call republican name letter target obvious
synthetic,actor_3,2025-01-08,trump left nearly applicant central american refugee program stranded current administration criticized people coming border seek asylum shut another way could find safety u
synthetic,actor_3,2025-01-08,paul krugman cyprus bailout push european stage run bank lawmaker reject deal could send cyprus bankruptcy perhaps push euro according reuters
synthetic,actor_3,2025-01-08,u stop taking idiotic action know provoke terrorism aborted terrorist attack manhattan make wonder united state go way inflame crazy
synthetic,actor_3,2025-01-08,remaking vacant lot cut crime explosion vacant property especially rust belt city spurring cleanup effort martha moore many city
synthetic,actor_3,2025-01-08,john boehner think ted cruz lucifer miserable son bitch tell u really feel mr speaker
synthetic,actor_3,2025-01-08,huffpollster trump supporter say back disagreement republican house speaker paul ryan get less goodwill gop base
synthetic,actor_3,2025-01-08,lbj launch medicare treat grandma way year ago sunday july
synthetic,actor_3,2025-01-08,flint fallout prompt philadelphia extra test lead water new round testing appears response activist pressure
synthetic,actor_3,2025-01-08,woman opening business afghanistan whether men like not shop restaurant not man world workplace
synthetic,actor_3,2025-01-08,republican sheriff want make prison inmate build trump border wall think no project would positive impact said sheriff thomas hodgson
synthetic,actor_3,2025-01-08,russia say pulling back force ukraine kharkiv region russia defense ministry announced troop pulled back two area ukrainian counter offensive made significant advance
synthetic,actor_3,2025-01-08,venezuela helicopter attack exacerbates deteriorating crisis living anarchy
synthetic,actor_3,2025-01-08,hank johnson elected midterm election
synthetic,actor_3,2025-01-08,senate foreign relation chair say country interfere foreign election time bob corker think obvious russia butted u politics
synthetic,actor_3,2025-01-08,reason new hampshire make take donald trump seriously already thinking ahead general election
synthetic,actor_4,2025-01-08,computer next conquest crossword letter word smarty pant weekend world may find computer technology try best
synthetic,actor_4,2025-01-08,woman business q kelly robert historic mission inn spa kelly robert graduated bachelor art degree university southern california additionally earned degree law entrepreneur invests real estate apartment interesting business kelly equestrian hobby include mixed martial art pilate
synthetic,actor_4,2025-01-08,personality say lot health
synthetic,actor_4,2025-01-08,mar doughnut rock mystery solved nasa opportunity rover team researcher responsible operating rover figured mar doughnut rock flicked view rover
synthetic,actor_4,2025-01-08,democrat warn trump administration killing barack obama retirement rule white house delayed regulation meant save consumer billion dollar retirement plan putting limbo
synthetic,actor_4,2025-01-08,dragon ball z v street fighter ii video childhood dream come true not worthy
synthetic,actor_4,2025-01-08,sling queen degrom latest mets injury going season mets everything going
synthetic,actor_4,2025-01-08,trump invite philippine duterte washington white house say two leader also reportedly addressed concern north korea
synthetic,actor_4,2025-01-08,summer stroll le marais surround paris whether got family tow flying solo though paris charm marred long line overwhelmingly large crowd tourist site temperate weather invite stroll quaint neighborhood lose local color
synthetic,actor_4,2025-01-08,politics clothes calin brown designer renowned bold political statement tommy hilfiger use white bandana
synthetic,actor_4,2025-01-08,woman business q katherine jetter katherine enjoys creative vibe city well expansive endless vista new mexico landscape creating inspiring positive influence collection one kind commission
synthetic,actor_4,2025-01-08,reason charlotte weirdest buzz city bobcat everything oddly evangelical first lady michelle obama complimented city
synthetic,actor_4,2025-01-08,key product differentiation fun profit
synthetic,actor_4,2025-01-08,ukraine document alleged atrocity retreating russian authority said ukraine military discovered indication execution style slaying add case prosecuting russian official war crime
synthetic,actor_4,2025-01-08,new spider man homecoming trailer give much away great trailer come great possible spoiler
synthetic,actor_4,2025-01-08,demi lovato remains cool summer falling onstage ever think heart attack
synthetic,actor_4,2025-01-08,serving nation immigrant tradition immigrant heritage month give u opportunity recognize story contribution came make country great way let u not forget one way represents among highest possible patriotic calling serve nation armed force
synthetic,actor_4,2025-01-08,power city boston plan close gender wage gap business case clear research confirmed company woman leadership role management team corporate board average outperform company
synthetic,actor_4,2025-01-08,artist dazzling travel journal inspire next trip wanderlust activated
synthetic,actor_4,2025-01-08,america miserable state wall st american not happier last year fact slightly miserable least
synthetic,actor_5,2025-01-08,yahoo move desktop search internet giant yahoo launched software allow people search e mail file pc firm following footstep microsoft google ask jeeves offered similar service search become lucrative hotly contested area expansion net firm looking extend loyalty beyond web hard drive providing bigger storage user could need help locate important file photo desktop search technology licensed u based firm x technology designed work alongside microsoft outlook outlook express e mail program searching e mail effectively becoming increasingly important especially amount spam increase according research message analyst radicati group business critical information stored e mail attachment yahoo software also work separately desktop searching music photo file user search variety criterion including file name size date time yet incorporate web searching although yahoo promised future version allow user search web based desktop data getting file desktop real commercial opportunity lie linking web content said julian smith analyst research firm jupiter extending idea search getting closer relationship consumer organising not search internet file computer well said search engine often first port call user go onto web new foray desktop search rung alarm bell human right group concerned implication privacy not everyone impressed functionality service alexander linden vice president emerging technology analyst firm gartner downloaded google product since removed not interesting said belief rush enter desktop business way keeping rival desktop search one many feature people would like suspicious usefulness said useful would tool combine internet intranet desktop search alongside improvement key word searching said
synthetic,actor_5,2025-01-08,particle real common conception exists among today theoretical physicist symbol appear mathematical equation represent true reality observation always look like localized particle way reality manifest
synthetic,actor_5,2025-01-08,mobile lorm glove help deaf blind people text message follow innovationnewsdaily twitter news innovation facebook innovative design year new app let
synthetic,actor_5,2025-01-08,eliot spitzer obama wall street side since day one come actually putting place reform based structure would actually changed way banking
synthetic,actor_5,2025-01-08,newest wonder world summer unesco convenes announce new pick world heritage list chosen cultural historical environmental importance check year new crop wonder see one speak tajikistan anyone
synthetic,actor_5,2025-01-08,video heineken tap tubemogul programmatic campaign
synthetic,actor_5,2025-01-08,night gripping reminder lgbtq issue beyond caitlyn spoiler night pov documentary airing june nd pb reminds u countless others lgbtq gender non conforming community still face discrimination daily
synthetic,actor_5,2025-01-08,kristen aiken huffpost taste editor steal beauty tip called life want huffpost style beauty content check u twitter facebook tumblr pinterest instagram huffpostbeauty
synthetic,actor_5,2025-01-08,creative lone wolf growing creative economy democratization production fostering large generation lone wolf professional competing fiercely place sun fifteen minute fame
synthetic,actor_5,2025-01-08,report suggests scott pruitt may signed epa staff raise source tell atlantic email one pruitt aide contradicts claim
synthetic,actor_5,2025-01-08,fertility clinic let select baby sex one five couple come hrc fertility network fertility clinic southern california need
synthetic,actor_5,2025-01-08,piece advice president elect trump presidential election country treated past year amounted nothing
synthetic,actor_5,2025-01-08,fed punish united dragging doctor flight david dao injured forcibly removed make room airline employee
synthetic,actor_5,2025-01-08,no humanity paulo violent crackdown cracol ndia dawn sunday neighborhood center paulo brazil awoke violent unanticipated onslaught nearly
synthetic,actor_5,2025-01-08,sankalp q unitus seek launch seed fund around world thousand investor entrepreneur descending new delhi week sankalp global summit looking beat competitor dave richards poole managing director unitus seed fund looking create competition seeding additional fund like
synthetic,actor_5,2025-01-08,woman paleontology celebration female field scientist little girl blue eye wide step microphone five year old front room
synthetic,actor_5,2025-01-08,company best reputation marketwatch th annual reputation quotient survey harris interactive rated large american company based
synthetic,actor_5,2025-01-08,buy blackberry spent last two week playing z definite pro con need consider shelling buy one
synthetic,actor_5,2025-01-08,man offer hug trump sander rally asks america want want world filled love world pre judgment hate speech
synthetic,actor_5,2025-01-08,know good consumer lawyer sign diana winkler suspected found great lawyer consumer case telltale sign genuine concern
synthetic,actor_6,2025-01-08,dog imitate human canine study show man best friend capable copycat behavior video dog could imitate behavior twice row waiting second ready testing phase
synthetic,actor_6,2025-01-08,genetic marker concussion researcher found link certain gene football player susceptibility getting concussion scientific detective story sort
synthetic,actor_6,2025-01-08,cheat iron triangle tony schwartz believe iron triangle applies almost every human endeavor throwing party keeping marriage alive year no plan survives first encounter reality real question corner iron triangle going compromise
synthetic,actor_6,2025-01-08,space photo week nasa best astronomy spaceflight picture video nasa launched another communication satellite orbit last week releasing incredible shot atlas v rocket
synthetic,actor_6,2025-01-08,think real danger not happens data cross net argues analyst bill thompson happens arrives end financial service authority warned bank financial institution member criminal gang may applying job give access confidential customer data fear not steal money bank account instead steal something far valuable digital society identity armed personal detail bank hold plus fake letter two apparently easy get loan open bank account overdraft get credit card someone else name simple matter move money another account leave unwitting victim sort mess statement demand payment start arriving identity theft increasingly significant economic crime becoming aware danger leaving bill receipt bank statement unshredded rubbish however careful may organisation trust personal data bank account credit card not able look database properly trouble surprising taken gang long realise well placed insider far simplest way break security computer system fact suspect fsa probably late particular party sort thing going rather long time anyone checked bob cratchit family link criminal underworld wonder hardly likely bank targeted health authority government agency course big e commerce site like amazon must also offer rich picking fraudsters good news better auditing likely catch access account detail not supposed become aware danger identity theft look carefully unexpected transaction statement bank good enough record log trace people might accessed account detail fortunately way keep bank system secure sort data theft involves taking portable hard drive flash memory card office plugging usb slot sucking customer file company like securewave example restrict use usb port authorised device even individual personal memory card solution not perfect not feel like wave fraud wash away entire financial system however warning highlight one major issue e commerce online trading security otherwise server system make back office clear year real danger paying good online credit card not number intercepted transit shop dealing hacked fact not know single case e mail containing payment detail led card fraud simply many e mail passing net interception sensible tool anyone commit fraud cd universe powergen many company left database open suffered consequence last week online bank cahoot admitted customer account detail could read anyone could guess login name whether external hacker breaking poor system security internal staff abusing access get part job issue make sure personal data not abused organisation process personal data course bound data protection act must take proper care unauthorised disclosure not allowed penalty small process prosecuting act convoluted worthless practice not something leave market consequence one identity stolen serious market respond slowly bank cahoot would much hassle move account not even consider heard security problem doubt many others closed account especially little guarantee bank not going make sort mistake future two option would seem stringent data protection law company really feel pressure improve internal process wave civil lawsuit financial institution sloppy practice whose customer suffer identity theft never felt comfortable u practice suing everything move partly seems make lawyer richer client know prefer bill thompson regular commentator bbc world service programme go digital
synthetic,actor_6,2025-01-08,spectacular nature photo evoke sense time origin prepare filled awe
synthetic,actor_6,2025-01-08,much gold oscar statuette tonight oscar no doubt see familiar face winning coveted gold statuette no secret sparkling little men gold coated carat gold make harder figure much gold actually contain luckily math come rescue
synthetic,actor_6,2025-01-08,time take look female astronomer treated hidden figure premiered theater past december drew attention less discussed issue discrimination
synthetic,actor_6,2025-01-08,hopper aereo threat traditional tv stopped court aero hopper get popular case wind way court said intellectual property
synthetic,actor_6,2025-01-08,one small step remembering neil armstrong neil armstrong represented ideal time never forget watching grainy image night armstrong jumped ladder lander onto surface moon
synthetic,actor_6,2025-01-08,avoid baggage fee next time fly passenger cramming carry luggage fighting overhead space avoid checking bag result airline fee avoid mess
synthetic,actor_6,2025-01-08,two fatal technical flaw dsm definition autism dsm turn current confusion complete babel impossibly vague confusing dsm definition autism spectrum disorder essentially useless clinical research purpose not trustworthy guide determining school service
synthetic,actor_6,2025-01-08,scientist hit breakthrough quest transplant pig organ human little piggy could soon save million life
synthetic,actor_6,2025-01-08,trump triumphant hawaii republican caucus aloha state one bluest state country
synthetic,actor_6,2025-01-08,flexible spending account use lose march deciding whether open flexible spending account much money set aside important review
synthetic,actor_6,2025-01-08,deadly cost north dakota gas boom
synthetic,actor_6,2025-01-08,psychologist push smartphone warning label technology addiction may next big public health issue
synthetic,actor_6,2025-01-08,underwater fairy ring baltic sea caused poison biologist say biologist concluded ring formed radiating pattern eelgrass grows dy
synthetic,actor_6,2025-01-08,info overload loaded quality dashlane two thing memorizes password not cloud device single master password
synthetic,actor_6,2025-01-08,curiosity night photo mar rover first image martian surface darkness ultraviolet white light image snapped rover mar hand lens imager mahli jan spotlight martian
synthetic,actor_7,2025-01-08,microsoft going marijuana business weed never looked corporate
synthetic,actor_7,2025-01-08,jesse james support nra seen dead body count argues enacting stricter law nationwide keep honest people honest people not
synthetic,actor_7,2025-01-08,clinton inevitable debate question email move beyond past need make bold accountable commitment future
synthetic,actor_7,2025-01-08,twitter help confirm x shaped bulge center milky way tweeting astronomer step closer understanding origin home galaxy
synthetic,actor_7,2025-01-08,spring wardrobe redhead style spring officially sprung past weekend spring gave early welcome sunburn nose shoulder
synthetic,actor_7,2025-01-08,u judge dismisses trump attempt block subpoena tax record trump defied decade precedent presidential candidate refusing release tax return
synthetic,actor_7,2025-01-08,nanette lepore hosted fun show new york fashion week champagne tea fashion ftw
synthetic,actor_7,2025-01-08,wynonna judd style evolution crazy stage costume flaming red hair photo wynonna celebrates th birthday may th taking look back outrageous style year vote
synthetic,actor_7,2025-01-08,home storage gold ira irs regulation global financial situation continues deteriorate slowdown china loan default greece disarray european union weak energy price people becoming increasingly concerned protect money event another financial meltdown
synthetic,actor_7,2025-01-08,delta air line bringing back free meal finally perk return air travel
synthetic,actor_7,2025-01-08,no one knew first black trans model secret tracey africa norman always knew question found long could go undetected
synthetic,actor_7,2025-01-08,ruby rose joke compared justin bieber conan must frustrating
synthetic,actor_7,2025-01-08,zendaya masterfully shut twitter troll rape joke boy bye
synthetic,actor_7,2025-01-08,defamation suit bill cosby dismissed judge rule comedian right proclaim innocence rape claim
synthetic,actor_7,2025-01-08,michael moore think trump win hint complacency
synthetic,actor_7,2025-01-08,stunning photo show cherry blossom around world warrant last minute trip
synthetic,actor_7,2025-01-08,lena dunham match red carpet
synthetic,actor_7,2025-01-08,weekly travel zen scotland week moment travel zen come u danielle petrie mile mile breathtaking scenery rolling
synthetic,actor_7,2025-01-08,eva longoria dramatic reading spice girl wannabe need see today wan na really really really wan na zig zig ah
synthetic,actor_7,2025-01-08,benghazi investigation benghazi
synthetic,actor_8,2025-01-08,many american think twitter effective form presidential communication donald trump probably keep tweeting anyway
synthetic,actor_8,2025-01-08,delta needle airline food get plane cnn rule must turkey sandwich follow order board airplane six needle found sandwich
synthetic,actor_8,2025-01-08,lady gaga got nothing hair went pink never going back photo color turn head even city used unconventional
synthetic,actor_8,2025-01-08,never guess beyonc love shop
synthetic,actor_8,2025-01-08,average height men europe grew centimeter century video conclude shorter men somehow unhealthier like lot research paper prompt question
synthetic,actor_8,2025-01-08,cyndi lauper trump bum like thug politics
synthetic,actor_8,2025-01-08,ben carson defends trump flip flop abortion make trump look worse campaign surrogate leaf lot desired
synthetic,actor_8,2025-01-08,gonzaga north carolina face ncaa basketball final dream get championship north carolina coach roy williams told reporter
synthetic,actor_8,2025-01-08,walmart black friday sale start thanksgiving night bought deep deep bought deep item matter customer said walmart u chief merchandising
synthetic,actor_8,2025-01-08,cyber attack canadian firm could coming china case canadian government declined comment report suggested chinese connection calgary based
synthetic,actor_8,2025-01-08,new idea evolution sex attraction idea epi mark gene affect sexual orientation get passed father daughter trait end masculinized likewise mother son transmission epi mark result feminization trait
synthetic,actor_8,2025-01-08,nepal call part three
synthetic,actor_8,2025-01-08,blake griffin actually not awful baseball pretty pretty good
synthetic,actor_8,2025-01-08,blog take mainstream web log blog everywhere least estimated five million web number set grow online diary come many shape style ranging people willing sharing view picture link company interested another way reaching customer year focus blog cast critical eye news event often writing issue ignored big medium offering eye witness account event blog may small readership communication expert say provided avenue people say world politics well known example include iraqi salam pax account u led war former iranian vice president mohammad ali abtahi exclusive insight islamic republic government high low recent u election campaign already website pulling together first hand reporting account heralded blog like wikinews com launched last november blogging movement building many year andrew nachison director medium center u based think tank study medium technology society highlight u presidential race possible turning point blog could look moment audience exercised new form power choose among many source information never say blog key part transformation among blog carrying picture message saying sorry george w bush victory response supporter mr nachison argues blog become independent source image idea circumvent traditional source news information newspaper tv radio acknowledge case mainstream medium actually play role discussion distribution idea told bbc news website followed story lead part called traditional medium expressed concern emerging competitor raising question journalistic value blog others like french newspaper le monde applied different strategy offering blog part content think mission role journalism threatened transition society transition say mr nachison however agrees expert like linguist political analyst noam chomsky mainstream medium lost traditional role news gatekeeper one many road traditional journalism yes threatened professional journalist need acclimate environment many contributor discourse say mr nachison notion gatekeeper filter decides acceptable public consumption gone forever people walking around information device pocket like camera video phone going see instance ordinary citizen breaking story seems unlikely end living planet every human blogger current number blog likely keep growing web already overloaded information blog analysis firm technorati estimate number blog existence called blogosphere already exceeded five million growing exponential level tool google blogger movabletype recently launched beta version msn space making easier run blog u research think tank pew internet american life say blog created every second although less total updated least every two month expert agree phenomenon allowing individual publish share idea exchange information comment current issue post image video web easily stay entering one era technological infrastructure creating different context tell story communicate said mr nachison going bad come good
synthetic,actor_8,2025-01-08,bo oglesbee tory burch fashion designer unusual sunburn remedy pressed detail oglesbee revealed simple beauty trick really peel raw brown potato
synthetic,actor_8,2025-01-08,simple step making last minute tax filing breeze like not april going know started working tax yet might
synthetic,actor_8,2025-01-08,verizon stealth plan shutting copper new york city location new jersey massachusetts pennsylvania started verizon say no information supplied filing many customer would impacted even many line service based copper
synthetic,actor_8,2025-01-08,secret budget destination europe visit asap time set flight alert
synthetic,actor_8,2025-01-08,biggest money misconception help position help someone else
synthetic,actor_8,2025-01-08,danger relying iran war isi no victory achieved allying shia militia iran revolutionary guard corp no victory achieved sunni terrorism without sunni arab
synthetic,actor_1,2025-01-15,huffpost hill hard say good bayh president obama want public option though little late game might settle egging
synthetic,actor_1,2025-01-15,activist ready hillary say something keystone xl clinton say opinion keystone come soon not soon enough looking stop controversial pipeline
synthetic,actor_1,2025-01-15,testosterone fueled presidency trump always masculinity problem much discourse consumed insisting maleness
synthetic,actor_1,2025-01-15,man slap protester trump rally north carolina trump rally attendee caught video taking swipe several protester
synthetic,actor_1,2025-01-15,caitlyn jenner must use men bathroom north carolina transphobic governor say oh yes gov pat mccrory also think donald trump role model
synthetic,actor_1,2025-01-15,sixty second art sitting caf bratislava final cup coffee picking email boarding train budapest hurry paying much attention one guy came table
synthetic,actor_1,2025-01-15,third american want donald trump swap role arnold schwarzenegger poll time make celebrity apprentice great
synthetic,actor_1,2025-01-15,bernie sander end imf economic violence greece africa many people want know democratic presidential candidate bernie sander foreign policy agenda yes say like sander saying reducing extreme inequality reducing political power billionaire class u foreign policy
synthetic,actor_1,2025-01-15,stock market really bad start pretty
synthetic,actor_1,2025-01-15,congressional candidate pranked marco rubio hitting college student hired actress florida state university passed amorous lawmaker fake secret admirer note
synthetic,actor_1,2025-01-15,tuesday night massacre trump brazen act corruption yet administration circling wagon insulate storm ahead must not allowed
synthetic,actor_1,2025-01-15,boehner victim unrealistic expectation speaker john boehner resignation congress symptom chronic condition pervades not right
synthetic,actor_1,2025-01-15,major kyrsten sinema supporter say abolish filibuster get senate former arizona attorney general grant wood prominently backed sinema say need support getting rid filibuster
synthetic,actor_1,2025-01-15,trump budget death sentence al community read news perfect silence heart winding chest though practicing death would come
synthetic,actor_1,2025-01-15,texas voter id law led fear failure election sign polling place state controversial voter id law contained outdated rule poll worker gave voter incorrect information line long
synthetic,actor_1,2025-01-15,huffpollster margin remain tight biggest senate battleground
synthetic,actor_1,2025-01-15,sarah palin poke fun hypothetical run snl
synthetic,actor_1,2025-01-15,boehner endorses paul ryan president former house speaker john boehner wednesday endorsed current house speaker paul ryan republican presidential nominee
synthetic,actor_1,2025-01-15,richard fisher say big fail bank need broken institution operate privileged status exacts unfair tax upon american people said
synthetic,actor_1,2025-01-15,obama last state union gop miss republican dig deep say something nice president
synthetic,actor_2,2025-01-15,need know life pittsburgh steelers chairman dan rooney democrat get steeler country voter back could start learning rooney value
synthetic,actor_2,2025-01-15,friday morning email obamacare repeal fails gop controlled senate three republican senator made possible
synthetic,actor_2,2025-01-15,another charlie brown election middle class shrinking good paying job scarcer providing family ever challenging expanding number real opportunity something expect leader something without screwing
synthetic,actor_2,2025-01-15,linkedin thing without question linkedin forever altered business landscape digitally physical world nowadays much call business career development carried regularly site
synthetic,actor_2,2025-01-15,ex lawmaker pile unused campaign cash former member congress sit million perfectly legal
synthetic,actor_2,2025-01-15,mcauliffe aide suggested job senator daughter remained seat
synthetic,actor_2,2025-01-15,trans pacific partnership warning nafta provision agreement overrule measure passed national state local legislative body effect stripping democratically elected official much authority since text still secret speculate final agreement include
synthetic,actor_2,2025-01-15,uber driver arrested allegedly raping female passenger
synthetic,actor_2,2025-01-15,private prison problem turn detention dollar recidivism gift keep giving
synthetic,actor_2,2025-01-15,texas judge say no kid icu bed wait another child die mean child car wreck need icu bed one said dallas county judge clay jenkins
synthetic,actor_2,2025-01-15,fox news host say lindsey vonn un american ripping donald trump fox friend piled olympic ski champ
synthetic,actor_2,2025-01-15,everything need know u midterm election guide stake president trump opponent
synthetic,actor_2,2025-01-15,tax bill victory republican loss country victory important value democracy suffers early morning hour december nd senate republican
synthetic,actor_2,2025-01-15,gop launch new assault obamacare planned parenthood house republican plan get bill past senate
synthetic,actor_2,2025-01-15,fbi raid nypd union office home right wing leader agency said raid part ongoing investigation
synthetic,actor_2,2025-01-15,climate activist call greater diversity voice table paris time get negotiation rhetoric focus solution otherwise hundred year dead
synthetic,actor_2,2025-01-15,al gore return florida campaign hillary clinton going bittersweet
synthetic,actor_2,2025-01-15,twitter forgotten lindsey graham dire prediction trump shutdown senator previously warned president caved without wall money probably end presidency
synthetic,actor_2,2025-01-15,paul ryan speaker everyone get behind always way republican democrat see ryan someone actually chance slim may repair divide congress
synthetic,actor_2,2025-01-15,knife attack paris leaf dead several injured islamic state claimed responsibility
synthetic,actor_3,2025-01-15,epa defends scott pruitt multiple email address standard practice since clinton email
synthetic,actor_3,2025-01-15,gop rep thomas massie try criticize free health care stumble good idea instead long someone run platform foodstampsforall massie tweeted
synthetic,actor_3,2025-01-15,stop al qaeda must change way react attack journalist covered extremism across world since attack fear reaction al qaeda attack attack attack aimed making young impressionable muslim believe al qaeada word true reality attack accomplish reaction
synthetic,actor_3,2025-01-15,thomas piketty feel bern economist say sander candidate willing tax rich
synthetic,actor_3,2025-01-15,tesla ceo elon musk billion coming battery business tesla musk claimed demand new energy storage system overwhelming
synthetic,actor_3,2025-01-15,call communist read failed pfizer deal merge allergen move headquarters ireland allowing evade paying u tax think may discussing possible future u market large corporation not interested common good human being
synthetic,actor_3,2025-01-15,texas gop chair lament inclusion gay conversion therapy party platform
synthetic,actor_3,2025-01-15,tpp panic playing china card stung sudden derailment house representative rush pas trans pacific partnership washington establishment wasted no time warning u menace rising china trade deal not put back track next week
synthetic,actor_3,2025-01-15,problem john kasich compassion hug not solve problem facing american family
synthetic,actor_3,2025-01-15,black voter may carry kay hagan victory november
synthetic,actor_3,2025-01-15,country multimillionaires according recent study united state home one every three ultra high net worth individual
synthetic,actor_3,2025-01-15,london breed elected mayor san francisco first black woman serve city mayor
synthetic,actor_3,2025-01-15,stand woman rnc spokeswoman say ok
synthetic,actor_3,2025-01-15,lululemon partner dalai lama enrages critic
synthetic,actor_3,2025-01-15,fired u attorney preet bharara said investigating hhs secretary tom price trump head department health human service traded stock health related company working legislation affecting firm
synthetic,actor_3,2025-01-15,elizabeth warren scorch former equifax ceo profiting data breach breach system actually created business opportunity
synthetic,actor_3,2025-01-15,clinton family foundation may pose campaign risk
synthetic,actor_3,2025-01-15,truth hurt arizona republican ag tell heckler shut hell trump attacked arizona attorney general mark brnovich not support effort overturn election
synthetic,actor_3,2025-01-15,new aumf obama administration afraid either president need new face office legal counsel team need many ally capitol hill calling ask congress grant new statutory authority military campaign isil iraq syria administration afraid
synthetic,actor_3,2025-01-15,coronavirus infects half incarcerated people san quentin prison people incarcerated california prison gotten covid died advocate call governor release inmate
synthetic,actor_4,2025-01-15,maryland court overhaul bail system jail defendant poor another state take step reform controversial money bail practice
synthetic,actor_4,2025-01-15,felix baumgartner jump red bull stratos daredevil try edge space skydive live update go well felix baumgartner take half hour get back earth afternoon foot
synthetic,actor_4,2025-01-15,neil gorsuch show hand money politics court turn big case look like gorsuch side justice clarence thomas noted opponent restriction big donor
synthetic,actor_4,2025-01-15,view heathrow control tower photo stood whispering not interfere nearby traffic controller looking terminal boeings airbus windsor castle
synthetic,actor_4,2025-01-15,drunk settler blame aussie accent lecturer say highly controversial theory among academic
synthetic,actor_4,2025-01-15,business incubator help hatch startup accelerator generally accept startup slightly later stage attempt compress timeline commercialization month instead year
synthetic,actor_4,2025-01-15,scientist scan galaxy find no evidence alien life
synthetic,actor_4,2025-01-15,joan river would think world live today would absolutely thrilled scope material fingertip daughter melissa river said
synthetic,actor_4,2025-01-15,threat dakota access pipeline real thought pipeline accident rare turn happen time
synthetic,actor_4,2025-01-15,anti tremor mouse stop pc shake special adaptor help people hand tremor control computer mouse easily developed device us similar steady cam technology found camcorder filter shaking hand movement people hand tremor find hard use conventional mouse simple computer task erratic movement cursor screen three million briton sort hand tremor condition said uk national tremor foundation using computer mouse well known extremely hard people tremor delighted hear technology developed address problem said karen walsh uk national tremor foundation commonly associated tremor parkinson disease also caused condition like essential tremor et tremor often affect older people hit age et example genetic afflict people throughout life assistive mouse adapter ama brainchild ibm researcher jim levine developed prototype seeing uncle parkinson disease struggle mouse control knew must way improve situation million tremor sufferer around world including elderly number elderly computer user increase population age time need computer access grows said computer user plug device pc adjusted depending severe tremor also able recognise multiple clicking mouse button caused shaky digit ibm said would partner small uk based electronics firm montrose secam produce device cost james cosgrave one company director said would make big difference tremor pilot tremor condition not limited ability fly plane said using pc proven almost impossible simply everything revolves around using mouse accurately manipulate tiny cursor screen said prototype gadget transformed life device could help open computing million people found shaking barrier last year office national statistic reported first time half household britain home computer price getting cheaper get online computer ownership increasing although british people tried internet briton aged online six million uk household broadband net middle estimated uk net user broadband still million using net dial connection
synthetic,actor_4,2025-01-15,fifth estate bomb friday night gravity hold no full weekend number available sunday assange slammed film based two book including inside
synthetic,actor_4,2025-01-15,netanyahu intensifies criticism obama administration thanks trump kind animosity toward u president certainly unprecedented israeli analyst say
synthetic,actor_4,2025-01-15,patient teeth could fix common cause blindness
synthetic,actor_4,2025-01-15,type people never friend facebook type facebook user think people avoid friending share thought u comment friending
synthetic,actor_4,2025-01-15,old school new school live age next big thing latest greatest smartphones released every twelve month rendering
synthetic,actor_4,2025-01-15,big takeaway star war force awakens trailer
synthetic,actor_4,2025-01-15,dog smell reflection want know concept self make little sense confront mirror
synthetic,actor_4,2025-01-15,time hillary start busting ball make hillary ball buster say bill clinton bill repeatedly praised getting thing done tenure hillary maligned pushy
synthetic,actor_4,2025-01-15,amazon launch secret cloud service intelligence agency amazon web service secret region expands troubling cloud security screwup
synthetic,actor_4,2025-01-15,roberto eva cavalli discus new roberto cavalli fragrance offer relationship advice roberto sweet part not strong vulgar sophisticated made fragrance asked
synthetic,actor_5,2025-01-15,say twitter agog ben carson hippocampus drilling tale wrong wrong wrong say scientist
synthetic,actor_5,2025-01-15,spotify may reserve new music paying subscriber free subscription looking less less appealing
synthetic,actor_5,2025-01-15,college financial aid letter deceive prospective student education department attempting make process clearer aim release model financial aid letter september
synthetic,actor_5,2025-01-15,donald trump tends cheat golf oscar de la hoya say little marco lyin ted cheating donald
synthetic,actor_5,2025-01-15,ice hotel probably book winter break temperature drop ice hotel construction worker world prepping build another season worth awesome
synthetic,actor_5,2025-01-15,spot twitter propaganda study twitter propagandist according new study georgia tech college computing got
synthetic,actor_5,2025-01-15,tuscan sun reflection broad abroad tuscany well first stunning countryside characterized vineyard grove olive tree hillside punctuated tall narrow cypress tree art course food wine
synthetic,actor_5,2025-01-15,hollywood want know last month sundance film festival park city utah film financier met nacho wasatch brew pub
synthetic,actor_5,2025-01-15,company imported illegally logged timber pleads guilty environmental crime lumber liquidator race profit resulted plundering forest wildlife habitat continued could spell end siberian tiger
synthetic,actor_5,2025-01-15,australia giving u major wanderlust right
synthetic,actor_5,2025-01-15,singapore growth singapore economy grew best performance since figure trade ministry show advance second fastest asia china led growth key manufacturing sector however slower expected fourth quarter point modest growth trade driven economy global technology demand fall back slowdown u china could hit electronics export tsunami disaster may effect service sector economic growth set halve singapore year fourth quarter city state gross domestic product gdp rose annual rate third quarter fell well analyst forecast surprised weak fourth quarter number main drag came electronics said lian chia liang economist jp morgan chase singapore economy contracted summer weighed soaring oil price economy poor performance july september period followed four consecutive quarter double digit growth singapore bounced back strongly effect deadly sars virus
synthetic,actor_5,2025-01-15,thing rent instead buy renting home heard renting casket not much
synthetic,actor_5,2025-01-15,smartphones suffer skull attack owner nokia smartphones warned watch malicious wallpaper downloading software could find icon phone swapped image skull installed malicious program also lock many function making hard use harder repair program latest series virus produced attack mobile phone file nicknamed skull thought surfaced shareware site people pick free add ons wallpaper game ringtones phone symbian said not sure damage skull intentional simply result bad programming soon discovered file thought removed site unwittingly harbouring program masquerading software creates new background image theme main screen phone skull program labelled file called extended theme manager zip installed program replaces icon main page skull replaces working application contact calendar notebook etc non working version phone becomes almost useless thing phone make take call statement symbian played significance malicious program said people would fall victim user go several step install one includes ignoring security warning symbian said spread skull program likely limited program not travel one phone another despite finnish anti virus lab f secure said sporadic report owner caught firm produced guidance user caught help remove program get phone working skull program thought written malicious hacker using alias tee symbian phone produced sony ericsson motorola benq arima fujitsu unaffected skull program
synthetic,actor_5,2025-01-15,u warns united nation act syria international community consistently fails act time state compelled take action
synthetic,actor_5,2025-01-15,bangladesh agrees plan improve worker condition factory collapse bangladesh government employer worker agreed plan international labour organization would
synthetic,actor_5,2025-01-15,ivy league economist ethnically profiled interrogated math american airline flight thursday evening year old man dark curly hair olive skin exotic foreign accent boarded plane
synthetic,actor_5,2025-01-15,armand duplantis break pole vault world record reignites comparison timothee chalamet swedish pole vaulter known mondo famous lookalike
synthetic,actor_5,2025-01-15,gta sequel criminally good grand theft auto series game set highest standard recent year newest addition able live increasingly grand tradition certificate gta san andreas playstation could got away merely revisiting best selling formula approach instead build expands almost immeasurably upon last two game stomp carefree driv r true crime shaped opposition even year see sequel halo half life hard envisage anything topping barnstorming instant classic basic gameplay remains familiar control character occasion youth named cj set series self contained mission within massive environment cj commandeer vehicle stumble across push bike city bus plane come handy seek establish presence tough urban environment avenge dreadful deed waged upon family make thing worse framed murder moment arrives town blackmailed crooked cop played samuel l jackson chris penn setting rampant criminality fictional u state san andreas comprising three major city los santos thinly disguised los angeles san fierro aka san francisco la venturas carbon copy la vega san andreas suck sprawling range cast character incredibly sharp writing ability capture ambience real world version city something behold assisted no end monumental graphical advance since vice city street vast swathe countryside turn gloriously menacing grungy preppy flaunting awesome level graphical detail game overall look particularly many unusual weather condition dramatic sunset stupendous outstanding bread butter gameplay mechanic provide solid grounding elaborate plot hang car handle convincingly ever superb motion blur kick hit high speed traffic navigate park vehicle across lane freeway within second huge pile pedestrian also force loquacious bunch cj interact using simple system control pad pas comment appearance credibility aspect player control clothes tattoo haircut purchased funding habit achieved criminal mean indulging mini game like betting horse challenging bar patron game pool character put lose weight according long spends foot gym pause regularly restaurant keep energy level swell result eating last gta hero swim time game fire supposed potential corrupt young san andreas violence specifically freedom give player commit violence sure inflame pro censorship brigade developer rockstar not shied away brutality respect ramp past outing hijacking car example cj gratuitously shove driver head steering wheel rather fleeing vehicle indeed tone darker jokey vice city grim subject matter hardly lends gag quite way cheesy setting last game title incidentally set really neither nor apart influence radio playlist wit still present restrained previous outing reason incredible range vehicle radio station available mean spend less time happening upon hilarious talk radio option gta game trademark humour anchored quality voice acting motion capture simply chart game rather odious gangland lowlife swagger mouth way ring true indeed testament san andreas magnificence number prominent flaw plus point numerous niggles detract screen map instance needlessly fiddly unwelcome change past edition also jarring slowdown action packed moment game suffers age old problem relied upon blight game genre setting back vast distance fail right end long mission gameplay experience entirety overwhelmingly positive simply not bothered minor failing san andreas among unmissable game
synthetic,actor_5,2025-01-15,yet another sign apple making car get ready idrive
synthetic,actor_5,2025-01-15,nigel farage join donald trump assail hillary clinton architect brexit drew parallel trump anti establishment character immigration position
synthetic,actor_6,2025-01-15,antikythera mechanism new light shed world oldest computer video new bbc four special follows international team scientist trying unlock mystery antikythera mechanism
synthetic,actor_6,2025-01-15,facebook temporarily killed lot user worry fine
synthetic,actor_6,2025-01-15,first look playstation chip detail chip inside sony playstation revealed sony ibm toshiba released limited data called cell chip able carry trillion calculation per second chip made several different processing core work task together playstation expected developer expecting get prototype early next year tune game appear launch three firm working chip since detail released might function joint statement three firm gave hint chip work fuller detail released february next year international solid state circuit conference san francisco three firm claim cell chip time powerful existing processor put inside powerful computer server cell consortium expects capable handling trillion floating point operation calculation every second chip also refined able handle detailed graphic common game data demand film broadband medium ibm said would start producing chip early manufacturing plant u first machine line using cell processor computer workstation server working version p due shown may full launch next generation console not expected start well inside playstation chip also used inside high definition tv powerful computer future form digital content converged fused onto broadband network said ken kutaragi chief operating officer sony current pc architecture nearing limit
synthetic,actor_6,2025-01-15,idea help keep new year resolution luck random get hard work surely help increase odds getting lucky know
synthetic,actor_6,2025-01-15,spilled orange juice way math conference spain carri n et al used permission way math conference granada spain lot friend
synthetic,actor_6,2025-01-15,thing entrepreneur differently mere mortal entrepreneurship path people ability pursue stick challenge entrepreneurship go beyond simple day day task even skill required achieve success
synthetic,actor_6,2025-01-15,magic mushroom alter mind like dream
synthetic,actor_6,2025-01-15,europe back digital tv lifestyle people receive digital entertainment future could change following launch ambitious european project nice last week european commission announced networked electronic medium nem initiative broad scope stretch way medium created stage distribution playback commission want people able locate content desire delivered seamlessly move home work no matter supply device network content content protection scheme expert nice share vision interconnected future hear pledge support company nokia intel philip alcatel france telecom thomson telefonica might initially appear surprising company direct competition keen work together speaker stated could not see incompatible stand alone solution working long term strategy evolution convergence technology service would required european commission pragmatic approach identified many group defined form digital medium area nem encompasses nem approach take serious look available pipeline pick best bring together identify gap find hole develop standard fill significant large powerful organisation stated desire digital format open work gadget bound please not surprise many individual user organisation feel wish holder right content normally considered consumer many feel difficult challenging area commission identify solution different digital right management drm scheme currently drm solution incompatible locking certain type purchased content making unplayable platform potential percentage every medium transaction take place globally prize supplier world dominant drm scheme huge although entertainment obvious first step encompass remote provision healthcare energy efficiency control smart home year plan brings together work many currently running research project ec funding number year simon perry editor digital lifestyle website cover impact technology medium
synthetic,actor_6,2025-01-15,dragon ball z v street fighter ii video childhood dream come true not worthy
synthetic,actor_6,2025-01-15,netflix mystery science theater revival release date cast photo patton oswalt felicia day also joined cast
synthetic,actor_6,2025-01-15,look like star explodes kaboom
synthetic,actor_6,2025-01-15,netflix getting rid easy way watch blocked content could bad news traveling another country
synthetic,actor_6,2025-01-15,dismal future interstellar travel avid science fiction reader life astronomer half life essential paradox fantasy world no longer maintained basically science tell u traveling fast enough make interstellar travel possible requires money society ever able invest attempt
synthetic,actor_6,2025-01-15,mar one candidate think take go red planet
synthetic,actor_6,2025-01-15,apple remove green epeat electronics certification product apple pulled product u government backed registration environmentally friendly electronics read
synthetic,actor_6,2025-01-15,attorney patrick kane accuser say rape kit tampered thomas eoannou said wednesday rape kit anonymously dropped client mother house
synthetic,actor_6,2025-01-15,facebook changing news feed subtle important way could even affect see article
synthetic,actor_6,2025-01-15,robot submarine europa could find aquatic life jupiter icy moon europa submarine mission make decadal survey list not feasible moment scientist want
synthetic,actor_6,2025-01-15,right way care contact according chemistry believe say store beer
synthetic,actor_6,2025-01-15,fighting new stupidity vaccine great triumph human intellect ancient evil triumph must not dimmed ignorance paranoia demagoguery
synthetic,actor_7,2025-01-15,movie review grudge match unfortunately script film never sharp savvy enough counteract ick factor two grandfather beating boxing trunk simple lackluster quality
synthetic,actor_7,2025-01-15,around world traveler not tourist result trip lifetime began took u canada argentina australia
synthetic,actor_7,2025-01-15,surprise china dragon man skull indicates specie could closest kin large skull big enough hold modern sized brain
synthetic,actor_7,2025-01-15,tragic end sex gecko space experiment
synthetic,actor_7,2025-01-15,eight undiscovered caribbean beach countless mile sandy shoreline caribbean beach lover paradise everyone know
synthetic,actor_7,2025-01-15,two wonderful madrid restaurant old fashioned food wine snob eaten spain year today going highlight two madrid restaurant find going day least week
synthetic,actor_7,2025-01-15,weekly travel zen hawaii check stunning photo hawaii slideshow traveled moment zen email travel
synthetic,actor_7,2025-01-15,music sale changed year second
synthetic,actor_7,2025-01-15,vail early day famous ski resort used look like honor vail th anniversary asked morrie shepard original director vail ski school recall destination beginning
synthetic,actor_7,2025-01-15,breathtaking short film show awaits humanity outside earth
synthetic,actor_7,2025-01-15,backstreet boy spice girl might reunite epic tour oh god back
synthetic,actor_7,2025-01-15,nypd union call boycott quentin tarantino film no surprise someone make living glorifying crime violence cop hater
synthetic,actor_7,2025-01-15,bengal curse woody harrelson heard infamous curse bambino growing admit sexier one plague cincinnati real bengal also traced one man woody harrelson
synthetic,actor_7,2025-01-15,marco rubio want anti isi propaganda videotape operation publicize group heavily us propaganda attract fighter donor
synthetic,actor_7,2025-01-15,yolo jumping tourist photo forever tiananmen square near reichstag berlin beach nice nice see outside
synthetic,actor_7,2025-01-15,respect talent respect almost unfashionable word young designer emerge talented interrogative immediately raised long last give time need grow
synthetic,actor_7,2025-01-15,spa loved decompressing viva mayr spa big draw cure
synthetic,actor_7,2025-01-15,amplifying voice central american farmer drink coffee think coffee come harvest bean consider much pay morning fix impact salary farmer make
synthetic,actor_7,2025-01-15,man high castle cast responds post election comparison not alone
synthetic,actor_7,2025-01-15,chainz release luv dem stripper video featuring nicki minaj chainz previously penned guest verse kanye west mercy minaj beez trap case wondering
synthetic,actor_8,2025-01-15,psychiatrist jared fogle case link weight loss mild pedophilia not best endorsement subway diet
synthetic,actor_8,2025-01-15,schlub effect usually start day waking sort complaint life grab yesterday clothing maybe brush
synthetic,actor_8,2025-01-15,jeb comeback watch bush ups billboard game huge scoop super effective way jeb super pac spending donor money
synthetic,actor_8,2025-01-15,wednesday morning email nyc defiant terror attack claim life not afraid
synthetic,actor_8,2025-01-15,blackout wake current wellbeing paradigm stuck measuring cost various degree illness rather calculating value higher level wellness proactively enabling u thrive
synthetic,actor_8,2025-01-15,trump absurd defense wiretap claim reading thing see
synthetic,actor_8,2025-01-15,getting divorce saved finance marriage lifeline financial stability yet many woman still primary economic building block
synthetic,actor_8,2025-01-15,wisdom madness crowd madness march ever upon u harvard yet busting bracket many mercer possibly spoiling many others billion dollar dream
synthetic,actor_8,2025-01-15,best new property africa photo every year go brings luxurious camp african savannah safari site not created equal
synthetic,actor_8,2025-01-15,oldest company logo america wall st prudential logo based review fortune company wall st identified oldest corporate
synthetic,actor_8,2025-01-15,watch top youtube video week looking see popular youtube video week look no bringing
synthetic,actor_8,2025-01-15,samantha bee john oliver show public support onion inc union writer tv biggest show signed name solidarity
synthetic,actor_8,2025-01-15,odd scarface creature roamed earth million year ago prehistoric carnivore may venom delivering chompers
synthetic,actor_8,2025-01-15,peculiar story animal pigmentation
synthetic,actor_8,2025-01-15,tourist killed caribbean airport blast jet engine knock ground tragedy occurred outside princess juliana international airport st martin police said
synthetic,actor_8,2025-01-15,even conservative think u failing day care support low income worker odd hour get enough help childcare
synthetic,actor_8,2025-01-15,thank goodness elizabeth warren go without ballers wga not strike allowing senator enjoy dwayne johnson show
synthetic,actor_8,2025-01-15,veteran day look military tax benefit no noble contribution society participation service defense perpetuation safety country tax benefit law earned least country thank service
synthetic,actor_8,2025-01-15,olympic skier ted ligety son could give daddy sucked work bright spot day
synthetic,actor_8,2025-01-15,legal mistake every business avoid order reduce potential contributing penalty based revenue business generate u government following legal mistake avoid cost
synthetic,actor_1,2025-01-22,thursday morning email cruz refuse endorse trump rnc booed stage
synthetic,actor_1,2025-01-22,settlement free tomi lahren glenn beck network agreement give lahren right facebook page minus video made blaze
synthetic,actor_1,2025-01-22,cia torture immeasurable damage u global leadership cia never among world trusted global brand even among u ally torture revelation diminished u claim moral leadership reduced soft power
synthetic,actor_1,2025-01-22,trump confederate fallacy people admire similarly shameful thing including washington jefferson monument washington
synthetic,actor_1,2025-01-22,scott pruitt epa taking time fixing regulation poisoned flint water one regulation pruitt said stronger
synthetic,actor_1,2025-01-22,boris johnson shock withdrawal tory leadership race happened shock room like bomb went
synthetic,actor_1,2025-01-22,deadliest form tuberculosis snowballing country already hard hit world largest infectious killer airborne
synthetic,actor_1,2025-01-22,massive blast rock central baghdad
synthetic,actor_1,2025-01-22,woman dy forcibly removed hospital florida state chapter naacp said strongly believe death due negligence police department hospital
synthetic,actor_1,2025-01-22,video make visible california unseen natural gas disaster huge methane leak near los angeles spewing ten thousand pound greenhouse gas atmosphere every
synthetic,actor_1,2025-01-22,aaron rodgers still complaining cancel culture good look packer quarterback made thought clear via wardrobe made questionable statement covid radio show appearance
synthetic,actor_1,2025-01-22,martin malley accuses rival worn politics immigration hell democratic presidential candidate said
synthetic,actor_1,2025-01-22,unloose spring organization snow barely memory wearing short drinking iced coffee using vaguely soggy grass nap study toss frisbee
synthetic,actor_1,2025-01-22,white house no donald trump vet ptsd not weak veteran torching gop nominee implying not strong struggle trauma
synthetic,actor_1,2025-01-22,maverick financial advisor warning business danger k plan mission not expose true nature industry operates also share message capitalism truth central economic planning belief root cause many people retirement planning challenge
synthetic,actor_1,2025-01-22,trumpismo american fascism serious people using f word fascist describe donald trump phenomenon
synthetic,actor_1,2025-01-22,inner nerd love photo old school america historical gem new york public library recently released collection
synthetic,actor_1,2025-01-22,donald trump second meeting vladimir putin g summit encounter previously undisclosed
synthetic,actor_1,2025-01-22,house price suffer festive fall uk house price fell december according figure office deputy prime minister nationally house price rose annual rate december less rise previous month average uk house price fell november reflecting recent land registry figure confirming slowdown late major uk region apart northern ireland experienced fall annual growth december december traditionally quiet month housing market christmas celebration however recent figure land registry showing big drop sale last quarter previous year suggested slowdown could seasonal blip volume sale october december dropped nearly quarter period land registry said although office deputy prime minister odpm land registry figure point slowdown market recent survey nationwide halifax indicated market may undergoing revival registering fall back end halifax said house price rose january nationwide reported rise first month year
synthetic,actor_1,2025-01-22,california marijuana legalization could usher new gold rush legalization recreational weed would generate estimated billion additional tax per year
synthetic,actor_2,2025-01-22,nevada speaker elect step racist writing emerge
synthetic,actor_2,2025-01-22,roll royce pay million bribery scandal others used unaoil middleman engine maker could first line corporate domino
synthetic,actor_2,2025-01-22,may judgement day american tortured uae monday two american held emirati jail almost two year find court whether sentenced year prison successful businessmen kamal ahmed eldarat age son mohamed tortured making false confession given sham trial
synthetic,actor_2,2025-01-22,cia torture immeasurable damage u global leadership cia never among world trusted global brand even among u ally torture revelation diminished u claim moral leadership reduced soft power
synthetic,actor_2,2025-01-22,juli n castro reject blaming obama administration declining life expectancy former housing urban development secretary speaking saturday heartland forum iowa
synthetic,actor_2,2025-01-22,deutsche boerse set woo lse boss deutsche boerse london stock exchange meet amid talk takeover bid lse raised bn bn last month german exchange tabled penny per share offer lse valuing bn paris based euronext owner liffe london also said interested bidding lse euronext due hold talk lse week reported ready raise bn fund bid euronext chief jean francois theodore scheduled meet lse counterpart clara furse friday deutsche boerse chief werner seifert meeting m furse thursday third meeting two exchange since bid approach december lse rejected deutsche boerse proposed bn offer december saying undervalued business agreed leave door open talk find whether significantly improved proposal would interest lse shareholder customer meantime euronext combine paris amsterdam lisbon stock exchange also began talk lse statement thursday euronext said offer likely solely cash added no assurance stage offer made deal either bidder would create biggest stock market operator europe second biggest world new york stock exchange according ft latest meeting deutsche boerse adopt charm offensive woo london exchange newspaper said german suitor offer manage combined cash equity market london let m furse take helm report week said deutsche boerse might even consider selling luxembourg based clearstream unit clearing house process security transaction ownership clearstream seen main stumbling block london frankfurt merger lse shareholder feared deutsche boerse takeover would force use clearstream making difficult negotiate lower transaction fee
synthetic,actor_2,2025-01-22,south dakota senate repeal voter backed anti corruption law vote occurred protester shouted shame respect vote
synthetic,actor_2,2025-01-22,even liberal enclave susceptible hate place like portland much learn tragedy
synthetic,actor_2,2025-01-22,get corporation politics ciara torres spelliscy
synthetic,actor_2,2025-01-22,driver license office florida parking problem started turning away legal immigrant along taking step like opening office hour earlier
synthetic,actor_2,2025-01-22,gop tax plan first middle class ax medicare though house passed version tax reform republican voting overwhelming amount
synthetic,actor_2,2025-01-22,democrat struggle win skeptical american obamacare
synthetic,actor_2,2025-01-22,vladimir putin popularity skyrocketing among republican guy accused manipulating u politics enabling killing aleppo favorability rating go seriously
synthetic,actor_2,2025-01-22,russia offered afghan militant bounty kill u troop report russian military intelligence unit linked assassination attempt europe reportedly offered reward successful attack u troop last year
synthetic,actor_2,2025-01-22,senate republican looking play let make deal tax cut holdout actually hold
synthetic,actor_2,2025-01-22,wednesday morning email obama may known clemency president president commuted sentence president history
synthetic,actor_2,2025-01-22,charter school future school desegregation charter school could play key role dismantling nation highly segregated school
synthetic,actor_2,2025-01-22,al franken say regaining public trust start going back work today minnesota senator told reporter monday ashamed groping allegation would not resign
synthetic,actor_2,2025-01-22,steve king said something nice least not mean hillary clinton not support course
synthetic,actor_2,2025-01-22,republican think trump gave wanted think gop lawmaker might soon realize president boxed impossible promise
synthetic,actor_3,2025-01-22,governor trump administration stay away marijuana law ask trump administration engage u embarking change regulatory enforcement system
synthetic,actor_3,2025-01-22,alfa romeo get gm engine fiat stop making six cylinder petrol engine sporty alfa romeo subsidiary union italian carmaker said union claim fiat close fiat powertrain plant arese near milan instead source six cylinder engine general motor fiat yet comment matter union say new engine made gm australia news come week gm pulled agreement buy fiat gm pay former partner fiat bn euro bn bn get deal could forced buy italian carmaker outright fiat gm also ended five year alliance two joint venture engine purchasing agree continue buying engine powertrain told u today alfa romeo engine no longer made arese said union leader vincenzo lilliu reported reuters news agency assembly line dismantled six cylinder alfa romeo motor replaced engine gm produce australia reuters also said mr lilliu union boss shouted insult fiat chairman luca di montezemolo following meeting tuesday regarding future arese plant union said end engine production facility would mean loss job alfa romeo model bought six cylinder engine sportwagon gtv gt spider
synthetic,actor_3,2025-01-22,buying gun become new post thanksgiving tradition america walmart nation largest gun seller featuring black friday manager special sale promise percent
synthetic,actor_3,2025-01-22,donald trump september fundraising show not hillary clinton league also failing promise self fund million
synthetic,actor_3,2025-01-22,slap obama gop led house move block steep cut greenhouse gas emission measure go white house face almost certain veto
synthetic,actor_3,2025-01-22,entrepreneur let get better balance one struggle running business need make decision around time made bad decision day although know could turned differently
synthetic,actor_3,2025-01-22,brighter day lie ahead paris agreement cost inaction higher cost action everyone see
synthetic,actor_3,2025-01-22,budget cut disarming environmental fight massachusetts bacterial testing lake river surface water cut two third last decade
synthetic,actor_3,2025-01-22,target credit card business sold td bank not ton thing deposit much keeping kind strategy
synthetic,actor_3,2025-01-22,paul ryan think donald trump tuesday mark four week since donald trump indiana republican primary forcing fellow presidential candidate ted
synthetic,actor_3,2025-01-22,gop hopeful think tom cotton iran bombing claim
synthetic,actor_3,2025-01-22,tea party congressman loses primary rep tim huelskamp chairman tea party caucus beaten gop moderate
synthetic,actor_3,2025-01-22,democrat asked judge gorsuch one question senator charles schumer said republican slow proceeding given f b confirmed
synthetic,actor_3,2025-01-22,uk discriminated rom government immigration rule racially discriminated rom gypsy seeking entry uk law lord ruled follows home office move cut asylum claim stopping people mostly rom boarding flight britain czech capital prague civil right group liberty said exposed racism heart government asylum policy home office said not meant discriminate anyone said would look implication ruling pointed control no longer place czech entitled free movement across europe screening took place airport july time concern number asylum seeker entering britain refused pre clearance effectively prevented travelling uk no airline would carry lady hale sitting lord bingham steyn hope carswell said many rom good reason want leave czech republic persecution said treated sceptically non rom passenger immigration officer acting racial ground lady hale said immigration officer treated would passenger way using intrusive questioning specific reason liberty said statistic suggested rom czech time likely stopped british immigration official prague airport non rom czech took case six unnamed rom czech refused entry britain european rom right centre said measure unfairly penalised rom people lost high court action october judge said system no less objectionable visa control system ruled no obligation britain not take step prevent potential refugee approaching border claim asylum court appeal decided practice almost inevitably discriminated rom justified likely seek asylum immigration law allows official discriminate citizen named country not allow officer go responding ruling home office spokesman said scheme operated two year ago short term response high level passenger travelling prague subsequently found ineligible entry uk welcoming ruling maeve sherlock chief executive refugee council said human right abuse rom eastern europe well documented hugely troubling government sought deny entry vulnerable group amnesty international jan shaw said government asylum policy operated discriminatorily bleakly ironic given discrimination often lie heart serious human right abuse not least czech republic chairman migration watch uk sir andrew green said house lord decision step wrong direction basic point government duty control border decision appears extend race relation legislation beyond sensible limit
synthetic,actor_3,2025-01-22,volkswagen car one releasing pollutant diesel car made renault nissan hyundai citroen fiat volvo among others emitted far nox rigorous test research show
synthetic,actor_3,2025-01-22,huffpollster need know louisiana gubernatorial election voter head poll tomorrow louisiana elect bobby jindal successor american allowing syrian refugee country sentiment nothing new u paris attack likely big effect election could bring foreign policy forefront race huffpollster friday november
synthetic,actor_3,2025-01-22,photo show japan incredible transformation world war ii
synthetic,actor_3,2025-01-22,elizabeth warren pushed run president major progressive gathering
synthetic,actor_3,2025-01-22,lawyer ranted spanish speaker face office eviction disciplinary complaint hounded reporter may get surprise serenade mariachi band
synthetic,actor_3,2025-01-22,gop contender prep loud ugly holiday season republican national committee pushed iowa caucus month feb seemed like good people
synthetic,actor_4,2025-01-22,metro station put commute shame
synthetic,actor_4,2025-01-22,hedge fund launch proxy fight remove yahoo entire board report board management continually failed live promise trusted decision whether yahoo remain independent company
synthetic,actor_4,2025-01-22,bloomberg new york city virtually no racial problem year height stop frisk new york nearly people half black stopped police
synthetic,actor_4,2025-01-22,indy buy india paper irish publishing group independent news medium buying stake indian newspaper company jagran deal worth euro jagran publishes india top selling daily newspaper hindi language dainik jagran circulation year news deal came group announced result would meet market forecast company reported strong revenue growth across major market group advertising revenue year year group said overall circulation revenue expected increase almost year year helped positive impact compact newspaper edition ireland uk said proven important year independent news medium said chief executive sir anthony reilly simple aim independent low cost producer every region operate confident show meaningful increase earnings meanwhile group made no comment future independent newspaper despite recent speculation sir anthony held talk potential buyer stake daily publication consistently denied suggestion independent independent sunday sale buy understood recent success smaller edition independent pushed circulation prompted interest industry rival daily mail general trust tipped likely suitor loss making newspaper not expected reach break even
synthetic,actor_4,2025-01-22,nikki haley pay respect people bos want ban u diplomatic arm trump administration sudden playing nice syrian refugee
synthetic,actor_4,2025-01-22,chelsea handler last minute reminder vote trump tell em girl
synthetic,actor_4,2025-01-22,clare ceri morgan newlywed couple spend honeymoon saving sick dog surgery nearly pet owner percent said would cancel spa treatment massage order pay
synthetic,actor_4,2025-01-22,fast moving phone bug appear security firm warning several mobile phone virus spread much faster similar bug new strain cabir mobile phone virus use short range radio technology leap vulnerable phone soon range cabir virus affect high end handset running symbian series phone operating system despite warning far no report phone infected new variant cabir original cabir worm came light mid june sent anti virus firm proof concept program mistake way original cabir written meant even escaped laboratory bug would able infect one phone time however new cabir strain mistake corrected spread via short range bluetooth technology vulnerable phone range bluetooth effective range ten metre risk infected cabir low user must give malicious program permission download handset must manually install user protect altering setting symbian phone conceals handset bluetooth using device finnish security firm f secure issued warning new strain cabir said virus not damage phone block normal bluetooth activity drain phone battery anti virus firm sophos said source code cabir posted net brazilian programmer might lead even variant program created far seven version cabir know exist one inside malicious skull program found late november symbian series software licenced nokia lg electronics lenovo panasonic samsung sendo siemens
synthetic,actor_4,2025-01-22,mcdonald serf reputation fry clearly easterbrook heard wake call taking serious note recent trouble escalating push salary increase increasing competition burger quick serve restaurant
synthetic,actor_4,2025-01-22,michelle obama favorite color royal blue photo cerulean indigo cobalt regardless want call suspect mr obama time favorite
synthetic,actor_4,2025-01-22,kevin mccarthy damage control benghazi comment committee set one sole purpose find truth behalf family four dead american
synthetic,actor_4,2025-01-22,crisis confidence medical research many year since trusted anything read medical psychiatric journal enterprise wide positive bias finding never seem replicate benefit hyped harm hidden
synthetic,actor_4,2025-01-22,way republican save party put pickle
synthetic,actor_4,2025-01-22,generation lost millennials come age still millennials not first generation come age hard time example recession early
synthetic,actor_4,2025-01-22,live update u open begin pinehurst
synthetic,actor_4,2025-01-22,breitbart tried smear khizr khan face planted maybe time donald trump bootlicker moved something new
synthetic,actor_4,2025-01-22,olympic torch space station crew return earth tonight visit space com today complete coverage olympic torch return earth yurchikhin nyberg parmitano
synthetic,actor_4,2025-01-22,gop lawmaker ignores advice engaging millennials town hall smdh
synthetic,actor_4,2025-01-22,nazareth cut back christmas celebration trump call jerusalem official nazareth not happy donald trump recognized jerusalem israel capital
synthetic,actor_4,2025-01-22,charlie hunnam fifty shade grey casting tangible chemistry dakota johnson year old actor star opposite actress dakota johnson play grey love interest anastasia steele johnson
synthetic,actor_5,2025-01-22,vietnamese cult hero promotes nationalism politics many argue cult saint tr n become part vietnam national intangible heritage go medium possession
synthetic,actor_5,2025-01-22,amazon released sneak peek black friday deal
synthetic,actor_5,2025-01-22,mike huckabee hilariously screw another analogy wha
synthetic,actor_5,2025-01-22,donald trump making hard santa claus fulfill melania christmas list first lady asked peace health love kindness apparently not irony
synthetic,actor_5,2025-01-22,becky hammon keep killin first woman coach star game latest step hammon historic career
synthetic,actor_5,2025-01-22,houthi gunman fire crowd protesting rule yemen
synthetic,actor_5,2025-01-22,cost moral outrage justin tosi university michigan brandon warmke bowling green state university many american morally outraged
synthetic,actor_5,2025-01-22,kristen wiig fake trailer jimmy kimmel need made real movie living wiigaissannce
synthetic,actor_5,2025-01-22,school meal save life change world greatest gift ever received thomas awiapo gift saved life thomas orphaned
synthetic,actor_5,2025-01-22,border never heard driving north hour city liberia costa rica past skinny cow postcard green meadow one wonder civilization ever going reemerge taxi driver slam brake
synthetic,actor_5,2025-01-22,report killed north korean tunnel collapse following nuclear test blast likely caused tremor landslide
synthetic,actor_5,2025-01-22,small world gstaad photo young career woman take note energy better spent outpacing others hard work advocating one another workplace
synthetic,actor_5,2025-01-22,ted cruz call chris christie desperate double sandy hypocrisy fact matter sen ted cruz said pushing falsehood
synthetic,actor_5,2025-01-22,dan rather pithy putdown donald trump postelection antic veteran broadcast journalist zinged president repeatedly twitter
synthetic,actor_5,2025-01-22,super pac seemingly scammed daniel craig fined seemingly took james bond actor
synthetic,actor_5,2025-01-22,kylie jenner keep tyga mugshot framed living room interesting piece decor say least
synthetic,actor_5,2025-01-22,atm maker issue warning cyber criminal targeting cash machine confidential u secret service alert sent bank said hacker targeted stand alone atm typically located pharmacy big box retailer drive thru atm
synthetic,actor_5,2025-01-22,trump dilemma go mar lago get criticized disappoint due paying member member guest trump profit club shelling much mingle new year eve party
synthetic,actor_5,2025-01-22,obama let loose total dgaf mode president shared view topic ranging vladimir putin donald trump
synthetic,actor_5,2025-01-22,strong signal another world might not alien signal detected seti researcher could come someplace much closer home
synthetic,actor_6,2025-01-22,confession addict guess great irony amazing tool help u stay connected everything moment name daniel addict
synthetic,actor_6,2025-01-22,report white house not publicly back encryption legislation administration remains deeply divided issue source said
synthetic,actor_6,2025-01-22,cancer expert increasingly favor wait see approach treatment recent study shown doctor may overdiagnosing overtreating type cancer
synthetic,actor_6,2025-01-22,guy starbucks barista asked oprah spell name medium icon get treatment rest u
synthetic,actor_6,2025-01-22,watch top youtube video week looking see popular youtube video week look no bringing
synthetic,actor_6,2025-01-22,kepler mission released catalogue exoplanets learnt world elizabeth tasker japan aerospace exploration agency jaxa monday june nasa held medium briefing announce
synthetic,actor_6,2025-01-22,john boehner reflects lonely time house speaker wipe tear
synthetic,actor_6,2025-01-22,wayne dobson cell phone might get call lot people coming wayne dobson house lately not happy la vega based local news
synthetic,actor_6,2025-01-22,phil schiller keep apple cool steve job always oversaw apple aapl blockbuster product launch never one man show phil schiller
synthetic,actor_6,2025-01-22,apple black friday sale price chopped ipads ipod mac others product one apple biggest bargain laptop win doorbuster prize still sizable discount
synthetic,actor_6,2025-01-22,jeb bush take apparent swipe donald trump child love donald trump jr eric trump since responded comment
synthetic,actor_6,2025-01-22,watch epic snowball fight degree get snowmageddon fix staying warm dry
synthetic,actor_6,2025-01-22,indiana worker beg governor save job trump meet ceo president intervened save not indianapolis factory job going mexico year
synthetic,actor_6,2025-01-22,consumer snub portable video consumer want music rather movie move say report produced jupiter research analysis portable medium player market found european want watch video contrast almost third interested listening music portable player ipod firm said gadget maker avoid hybrid device instead make sure music reproduction good possible report concluded driving force behind growth europe portable player market likely music rather film combination two barely questioned said wanted player could play back music movie wanted player could handle game video dedicated music player established digital medium player europe today despite high price said ian fogg jupiter analyst mr fogg said although video player smartphones trying cash success faced tough job compromise made creating dual purpose device european care music playback said report showed consumer asked interested portable music player research revealed french british consumer interested music player mr fogg said portable video player likely remain niche product would not able compete device dedicated music playback separate report jupiter forecast european digital music market grow euro end market worth euro digital music player behind market growth said jupiter apple ipod launched october portable music player market growing steadily since launch creative nomad jukebox mid consumer face almost overwhelming choice high capacity portable music player let store every track every cd
synthetic,actor_6,2025-01-22,video mar like earth nasa curiosity rover discovered mar habitable read weather com
synthetic,actor_6,2025-01-22,er v falcon live nfc championship game feature colin kaepernick matt ryan stay tuned live update throughout game leading team thrilling game winning drive final minute
synthetic,actor_6,2025-01-22,fat people get radiation x ray study show study published april journal physic medicine biology high dos radiation known
synthetic,actor_6,2025-01-22,extensive coral reef found hidden mouth amazon river may serious danger
synthetic,actor_6,2025-01-22,doj say hacked encrypted iphone without apple help fed withdrew legal action would forced apple help crack open iphone san bernardino shooting
synthetic,actor_6,2025-01-22,smash home computer executive froze broken hard disk thinking would fixed topped list weirdest computer mishap although computer malfunction remain common cause file loss data recovery expert say human behaviour still blame many case say no matter effective technology rescuing file user take time back protect important file list top global data disaster compiled recovery company ontrack careless preventable mistake result data loss range reckless file maintenance practice episode pure rage towards computer last category includes case man became mad malfunctioning laptop threw lavatory flushed couple time data disappear result natural disaster system fault computer virus human error including computer rage seems growing problem said adrian palmer managing director ontrack data recovery nevertheless victim soon calm realise damage done come u plea help retrieve valuable information far common situation computer virus strike lead precious file corrupted deleted entirely mr palmer recalled case couple hundred picture baby first three month computer managed reformat hard drive erase precious memory data recovered computer server even memory card used digital device case said mr palmer however individual company avoid hassle stress cause backing data regular basis
synthetic,actor_7,2025-01-22,demi lovato quote drag darkest moment demi lovato quote drag darkest moment
synthetic,actor_7,2025-01-22,amy schumer selena gomez basically twin glamour woman year award
synthetic,actor_7,2025-01-22,hawaiian legend not ignored one well known myth hawaii pele curse turn not ancient myth pele
synthetic,actor_7,2025-01-22,selena gomez defends controversial scene reason cousin teach third grade thing saying thing even fathom
synthetic,actor_7,2025-01-22,star might not looking golden globe probably
synthetic,actor_7,2025-01-22,tip planning budget friendly family cruise chance not planning summer trip involves sinking toe sand sitting around crackling campfire contemplating taking cruise
synthetic,actor_7,2025-01-22,heart oak cotonsport heart oak set ghanaian confederation cup final win cameroon cotonsport garoua accra sunday win heart mean play asante kotoko two leg final kumasi team qualified group saturday group b game cameroon beat south africa douala neither side could qualified final heart oak started game needing win qualify final cotonsport needed avoid defeat go louis agyemang scored first two goal heart either side half time ben bortey scored third heart looked set comfortable win cotonsport staged late fight back scoring twice late first boukar makaji scored th minute minute injury time end game andre nzame iii target little late cameroonian heart held win game place final first leg final played accra weekend november second leg two week later december kumasi group b game cameroon sable batie took lead th minute kemadjou santos equalised hour mark thanks thokozani xaba bernard ngom put sable ahead five minute later ernest nfor settled game minute ruben cloete scored south african side consolation three minute left clock
synthetic,actor_7,2025-01-22,comedy problem comedy world always use truth teller
synthetic,actor_7,2025-01-22,exclusive wife top trump aide dan scavino file divorce dan scavino long history trump family
synthetic,actor_7,2025-01-22,high school student lead protest gun violence front white house several student led demonstration also erupted across florida president day
synthetic,actor_7,2025-01-22,katy perry birthday music video ruin birthday party
synthetic,actor_7,2025-01-22,insider secret holiday travel saving instead going online searching peak holiday weekend travel day sharing insider tip make home holiday score beach vacation avoid seasonal mark ups
synthetic,actor_7,2025-01-22,right thing marriage supreme court even country would eventually get national recognition marriage equality democratic process big court duty stepping
synthetic,actor_7,2025-01-22,girl run world strong powerful successful image came mind today dkny diane von furstenberg victoria beckham derek lam filled runway clothing meant sophisticated woman take work play seriously
synthetic,actor_7,2025-01-22,geithner replacement treasury may get woman touch might take testosterone make chancy bet may may not pay need cabinet
synthetic,actor_7,2025-01-22,pixie geldof make topshop dress look like million buck photo photo even girl like pixie like getting good deal apparently british model showed monday night british
synthetic,actor_7,2025-01-22,adele dress dolly parton make feel love wish could possess ounce ability
synthetic,actor_7,2025-01-22,delta needle airline food get plane cnn rule must turkey sandwich follow order board airplane six needle found sandwich
synthetic,actor_7,2025-01-22,owe tax year could win free jetblue flight not everyone get refund
synthetic,actor_7,2025-01-22,black monday nfl coach fired regular season coming end coach gm get walking paper
synthetic,actor_8,2025-01-22,mississippi city sued jailhouse shakedown hurt poor afford fine held day one woman called filthy nasty cell
synthetic,actor_8,2025-01-22,million kid could lose health care gop want shame democrat child health insurance program could start running money friday
synthetic,actor_8,2025-01-22,eton style british student parody psy smash hit hilarious music video video also includes lyric parody complete posh gem go chamber
synthetic,actor_8,2025-01-22,consumer watchdog trump crosshairs get chance keep fighting appeal court reconsider major defeat consumer financial protection bureau
synthetic,actor_8,2025-01-22,watch second social medium catch last week episode instagram almost perfect year smart brand went bold content marketing
synthetic,actor_8,2025-01-22,adam lambert get christian music critic treatment audience chose entertainment based plugged review last couple year would gone see blind side couple pixar movie advisory car actually talk since would witchcraft
synthetic,actor_8,2025-01-22,video phone help deaf people deaf people prefer communicate using british sign language bsl could soon phone conversation relayed using webcam videophones interpreter video relay service piloted royal national institute deaf people rnid organisation say unless service provided rate voice call beyond people pocket rnid urging telecom regulator ofcom reduce cost service current per minute make ordinary phone call service work putting deaf person visual contact bsl interpreter via webcam video phone interpreter relay deaf person conversation using telephone translates person response sign language many deaf people especially born deaf bsl first preferred mean communication alternative use textphones mean type message relayed via operator past used textphones problem said robert currington taking part pilot communicate bsl written english not good take longer think english type message sometimes find difficult understand reply rnid say uk lagging behind country already making relay service available cost ordinary phone call no technical economic reason not providing equivalent access service deaf people said rnid technology director guido gybels u australia sign language relay service already made universally available cost voice call failing provide fund video relay service sign language user telecommunication sector effectively discriminating already disenfranchised group ofcom say plan review service telecom company obliged provide early next year new technology including video relay service discussed interested party near future spokesman said power limited legislation proposal extend existing arrangement cover new service would government consider said mr currington like many uk bsl user hoping way found make cost effective service available relay service make phone conversation pleasure said show emotion easily bsl way hearing people express emotion voice call
synthetic,actor_8,2025-01-22,no evidence trump wiretap claim say top democrat intelligence committee meeting fbi director james comey leaf rep adam schiff puzzled ever president accusation
synthetic,actor_8,2025-01-22,thousand refugee resettled u since trump signed order came seven targeted country
synthetic,actor_8,2025-01-22,wearing red weird effect woman new study show
synthetic,actor_8,2025-01-22,hideaway kiesza wonderful watch really great young woman talent oozing recognized discovered public
synthetic,actor_8,2025-01-22,taking step reduce foreign social medium meddling election facebook admits number people exposed manipulative russian antic ballooned million
synthetic,actor_8,2025-01-22,supernova way bright analyze spark astronomy debate right away got perfect match type ia supernova quimby say way bright type ia supernova
synthetic,actor_8,2025-01-22,straw attend auschwitz service foreign secretary jack straw visit auschwitz th anniversary former nazi concentration camp liberation announced prince edward also join uk delegation poland national holocaust memorial day january million people mainly jew killed auschwitz tory said glad mr straw shamed going earlier criticised decision send lower ranking official shadow foreign secretary michael ancram said glad foreign secretary finally shamed representing britain important act commemoration government shown crass insensitivity forced public opinion done first place britain queen prince philip lead nation commemoration service westminster hall london queen also host reception holocaust survivor st james palace altogether six million people mainly jew perished holocaust queen grandson prince harry sparked outrage earlier week photograph wearing nazi uniform costume party emerged prince apologised critic called go auschwitz commemoration soviet liberation camp prince harry see result hated symbol foolishly brazenly chose wear rabbi marvin hier founder jewish human right group simon wiesenthal center said
synthetic,actor_8,2025-01-22,ed sheeran say quitting twitter one heavy reason platform feature nothing people saying mean thing said
synthetic,actor_8,2025-01-22,report twitter plan go beyond character limit twitter building new product allow user share tweet longer company character
synthetic,actor_8,2025-01-22,final lie credit score cost federal law allows government agency business legitimate need credit information access credit report business become customer even without permission
synthetic,actor_8,2025-01-22,pumpkin price year due drought last year flooding throughout midwest pushed price pumpkin higher around u year widespread
synthetic,actor_8,2025-01-22,financial literacy best gift wary used car salesman conscious fact almost everything buy sold u commission based broker win convince u buy came purchase
synthetic,actor_8,2025-01-22,taken top box office million opening weekend according hollywood reporter neeson taken grossed million u million overseas sequel
synthetic,actor_1,2025-01-29,one thing valuable money health
synthetic,actor_1,2025-01-29,trump pay penalty ethically questionable political donation donation came florida attorney general considering joining lawsuit trump profit school
synthetic,actor_1,2025-01-29,minimalist money way simplify finance love art minimalism minimalism approach assumes less simplify sometimes really hard implement different area life especially finance
synthetic,actor_1,2025-01-29,no bank account huffington post reader respond living financial grid closed bank account almost two year ago looked back reader blake r mathews wrote huffington post
synthetic,actor_1,2025-01-29,youth baseball cost soar field parent combat urge keep jones playing smart msnbc wrote buy barely used equipment
synthetic,actor_1,2025-01-29,right request flexibility one fear manager granting request give one employee give everyone fear may occur original flexibility request go radar negotiated deal employee manager
synthetic,actor_1,2025-01-29,way leader become better leadership still viewed central organization success motivates inspires rest team accountable productive
synthetic,actor_1,2025-01-29,carly fiorina backer said rich get vote pay million dollar tax get million vote businessman tom perkins proposed
synthetic,actor_1,2025-01-29,mcdonald sponsor mtv show mcdonald world largest restaurant chain sponsor programme music channel mtv part latest youth market promotion show advance warning highlight new talent mtv reckons give mcdonald access nearly million home country mcdonald golden arch name loving catchphrase used throughout half hour programme move come amid growing concern obesity europe u european union called food industry reduce number advert aimed young child warning legislation would introduced unless voluntary step taken u food group kraft among firm already cut back promoting sugar fattening product young mcdonalds also taking step improve junk food reputation revamping menu providing client health related product pedometer well burger like big mac quarter pounder cheese company sell healthier option salad fresh fruit chief executive jim skinner attributed increase january worldwide sale vitality menu among thing hooking mtv expected add extra momentum mcdonald recent revival mtv played key role emergence music video show advance warning channel across world programme present seen u featured artist like british star joss stone franz ferdinand mcdonald targeted youth market past advertisement signing star like jelly legged dancer justin timberlake woman singing group destiny child
synthetic,actor_1,2025-01-29,total helicopter crash oil contractor dead tragedy scottish coast mother one survivor told sky news said seemed lose power no time brace
synthetic,actor_1,2025-01-29,five reason trump communication strategy working
synthetic,actor_1,2025-01-29,obstacle creative disruption
synthetic,actor_1,2025-01-29,trump tweet big fan intelligence congress begin russia hacking probe trump due briefed intelligence agency chief friday hack targeted democratic party president obama briefed thursday
synthetic,actor_1,2025-01-29,woman business q madison robinson founder fishflops madison nicole robinson year old designer best known creator fishflops popular line footwear kid young adult madison born galveston island texas spent many day galveston beach family
synthetic,actor_1,2025-01-29,inequality government perp not bystander congress president decided craft budget lead ten million people unemployed underemployed high level unemployment put downward pressure worker wage especially bottom third labor force mean federal budget limit growth employment way redistributes income upwards inequality happen result government policy people actually want see inequality reduced poor middle class share benefit growth not likely happy president obama speech topic comment government bystander ignores real source problem therefore not likely come much way real solution
synthetic,actor_1,2025-01-29,myfitnesspal security breach affect million user armour report company alerted app user four day learning hack
synthetic,actor_1,2025-01-29,consumer financial protection bureau considers rule prepaid card wednesday consumer financial protection bureau taking first step create consumer protection prepaid
synthetic,actor_1,2025-01-29,occupy wall street plan surround new york stock exchange mark anniversary friday twitter ordered new york judge turn tweet one protester arrested bridge
synthetic,actor_1,2025-01-29,face reading advantage business author jean haner anglo saxon married chinese family mother law taught everything knew ancient art face reading
synthetic,actor_1,2025-01-29,supporting buy local campaign conservative think buying local actually make republican uh oh
synthetic,actor_2,2025-01-29,fake president shoot medium member graphic video shown pro trump event report new york time report video show fake trump attacking version pb huffpost well fake sen bernie sander
synthetic,actor_2,2025-01-29,mankiw capital gain special carried interest get tax treatment arcane question usually reserved
synthetic,actor_2,2025-01-29,bangladesh factory inspection plan finalized h retailer company pool data factory first time bangladesh pledged improve safety not pledged new
synthetic,actor_2,2025-01-29,need social medium internet era legacy likely live long die family favor spare deal issue addressing
synthetic,actor_2,2025-01-29,financial adviser scaling summer vacation plan feel comfortable leaving office everything going said martiak whose firm million
synthetic,actor_2,2025-01-29,libor scandal british document reveal regulator little interest rate manipulation scandal grip banking industry regulator defended action trumpeted
synthetic,actor_2,2025-01-29,bernie sander willing work trump big president elect work risk feeling bern
synthetic,actor_2,2025-01-29,restaurant no show pay price ditching reservation could cost big buck let premium restaurant reservation go unused high end restaurant around country
synthetic,actor_2,2025-01-29,consumer sentiment hit five year high november thomson reuters university michigan preliminary reading overall index consumer sentiment came
synthetic,actor_2,2025-01-29,leading german far right figure ditch party convert islam nationalist alternative germany party warns islamization
synthetic,actor_2,2025-01-29,credit union deposit outpaced bank since wamu failure study appear big bank really want stop exodus pocket change customer deposit biggest credit
synthetic,actor_2,2025-01-29,important conduct mid year tax review summertime mean beach barbeque much needed vacation time probably last thing mind tax yet perfect time review tax situation
synthetic,actor_2,2025-01-29,philippe dubost resume pure genius go totally viral photo dubost web product manager built webpage near perfect ringer amazon com product page
synthetic,actor_2,2025-01-29,tbt great llama bubble
synthetic,actor_2,2025-01-29,nat insurance rise say tory national insurance raised labour win next election tory leader michael howard claimed tony blair said not want higher tax rate top earner wednesday said tax promise would left labour manifesto prime minister question also saw mr blair predict new plan would probably cut net immigration attacked tory plan process asylum claim abroad mr howard said labour proposed idea common question session saw leader two biggest party shape forthcoming election campaign tory promised bn tax cut yet say fall mr howard pointed institute fiscal study prediction labour need increase tax cover bn gap spending plan accused minister wasting money unsuccessful attempt curb bad behaviour truancy school slow asylum processing no good mr blair claiming tax pledge left manifesto given one mp tuesday top rate income tax argued mr howard pointing national insurance added everyone know tax go labour clear tax would mr blair instead hailed labour achievement using strong economy invest public service money not going extra teacher nurse equipment school hospital money not wasted said tax question added make commitment tax time manifesto home secretary charles clarke week published plan new point system economic migrant high skilled worker allowed uk outside european union mr blair said abuse would weeded chain migration family automatically get right settle immigrant worker would end would probably create fall migrant number said prime minister ridiculed tory plan asylum quota processing asylum claim overseas challenged tory country would house processing centre called fantasy island mr howard read letter government plan european council minister processing asylum seeker outside eu mr blair said country could not agree way forward nor could un
synthetic,actor_2,2025-01-29,exciting startup inspire entrepreneur great recession really got rolling layoff abundant silver lining lot wannabe entrepreneur got kick pant needed start business
synthetic,actor_2,2025-01-29,trillion reason evolve society right u richest people much wealth million people combined nearly percent entire population millionaire household least trillion wealth yet one tenth one percent population make one million dollar year
synthetic,actor_2,2025-01-29,increase sale example service bridget project manager tech company called qstream role essentially create strategy implement technology already purchased way best meet business need client not sale role
synthetic,actor_2,2025-01-29,executive onboarding subordinate perspective everything communicates everything new leader say say new leader get many miss unintended consequence say say people think not directly affected
synthetic,actor_2,2025-01-29,new leader avoid three common mistake starting new even inexperienced leader smart accept probably make mistake even though difficult dare show vulnerability open towards team might happen
synthetic,actor_3,2025-01-29,deutsche bank expand north carolina anti lgbt law keep job already state add planned
synthetic,actor_3,2025-01-29,korean lender face liquidation creditor south korea top credit card firm said put company liquidation ex parent firm fails back bail lg card creditor given lg group wednesday sign bn rescue package firm avoided bankruptcy thanks bn bail january gave control creditor lg group said package reflect firm new ownership not accept unfair burden least seven million people south korea use lg card plastic purchase lg card creditor threatened parent group lg group penalty fails respond demand creditor would seek strong financial sanction lg group lg card liquidated said yoo ji chang governor korean development bank kdb one card firm major creditor lg group said providing help credit card issuer could hurt corporate credibility could spark shareholder lawsuit say want fair reasonable guideline splitting financial burden creditor lg card creditor asked government mediate avoid risk stability financial market kdb said analyst believe compromise likely lg group know impact consumer demand national economy liquidation lg card said kim yungmin equity strategist dongwon investment trust management lg card almost collapsed due increase overdue credit card bill bursting credit bubble firm returned profit september need capital injection avoid delisted korea stock exchange exchange delist company debt exceeds asset two year running lg card creditor fear move would triggered massive debt redemption request could bankrupt firm owes bn eventually lg group participate stalling try earn better concession said mr kim
synthetic,actor_3,2025-01-29,u bank executive face great expectation investor least bingaman said want see bank report lending margin stopped contracting net interest
synthetic,actor_3,2025-01-29,bring relocation expense job interview dear liz congratulation interview correct not bring relocation first interview recommend
synthetic,actor_3,2025-01-29,nitrogen leak arizona intel plant sends employee hospital no ongoing danger mulloy said plant chandler employ people intel operates two high volume
synthetic,actor_3,2025-01-29,one map show middle class getting squeezed people earning much used
synthetic,actor_3,2025-01-29,famous fraudsters con artist scammer merriam webster online dictionary defines fraud intentional perversion truth order induce another
synthetic,actor_3,2025-01-29,empowering language creativity
synthetic,actor_3,2025-01-29,ashton kutcher guy oseary built million portfolio startup like uber airbnb ashton kutcher one world highest paid tv actor obviously afford essential los angeles celebrity
synthetic,actor_3,2025-01-29,free tax filing five way file free online person not going able make april deadline sure file extension avoid paying late penalty
synthetic,actor_3,2025-01-29,cnn corey lewandowski reignites donald trump long debunked birther conspiracy theory former campaign manager brings back trump core issue
synthetic,actor_3,2025-01-29,even executive come forward defend lgbt right eight corporate leader signed letter condemning mississippi anti gay law
synthetic,actor_3,2025-01-29,stopped working half hour every day got done turn going outside wonder
synthetic,actor_3,2025-01-29,master five factor feed fico fall credit score taken summer vacation time make commitment make change
synthetic,actor_3,2025-01-29,tonka truck pulled shelf reportedly burst flame toy grandson would known toy buyer said
synthetic,actor_3,2025-01-29,digital marketing define social medium identified question answer value social medium relationship let hope year seo thinking reasonable data privacy expectation clear data method move u forward
synthetic,actor_3,2025-01-29,industrial output fall japan japanese industrial output fell october unemployment rose casting doubt strength country economic recovery production dropped october reflecting decline export unemployment level edged slightly higher forecast economy grown six quarter growth slowed dramatically last quarter amid weaker global demand japan government remains optimistic due strong domestic demand analyst forecasting rise month month industrial output according figure ministry economy trade industry meti decline led fall demand electronic part mobile phone digital television although inventory fell month month higher year ago sign economy adjustment phase stronger expected said takashi yamanaka economist ufj bank japan downgraded overall economic assessment earlier month first time year growth slowed quarter ending september first quarter expert believe economy stagnated may entering softer patch back rising oil price falling dollar japanese government official played latest data arguing domestic consumer demand still resilient outlook november positive think one say condition worsened fall october said meti official despite rise unemployment jobless figure still way historical high recent year comparatively weak economic date preyed share nikkei afternoon trade
synthetic,actor_3,2025-01-29,obama destroys young career part two
synthetic,actor_3,2025-01-29,state recovered least recession wall st december marked five year anniversary official beginning great recession severe economic contraction
synthetic,actor_3,2025-01-29,devious way get worker exercise know people irrational
synthetic,actor_4,2025-01-29,moon venus comet catalina shine beautiful space photograph captivating shot taken farmer field georgia
synthetic,actor_4,2025-01-29,joe biden say possible trump could gop nominee pope francis donald trump not hard call
synthetic,actor_4,2025-01-29,happy memory trip southwest france bordeaux aquitaine dordogne edward goldman art critic host art talk program art culture santa monica npr affiliate
synthetic,actor_4,2025-01-29,funniest reaction twitter new character limit lot space trolling
synthetic,actor_4,2025-01-29,new rule could change jumbo mortgage option jumbo loan high dollar loan typically starting area high higher cost market see lot change
synthetic,actor_4,2025-01-29,lake erie correctional institution ohio private prison face concern unacceptable condition private prison company cca pushed growing share nation inmate population promising save
synthetic,actor_4,2025-01-29,silicon valley combating human trafficking human trafficker worldwide use technology recruit exploit monitor victim lure victim internet
synthetic,actor_4,2025-01-29,sun orbit earth according american survey npr pointed european asian country fared much better evolution question according new national
synthetic,actor_4,2025-01-29,u treasury announces aggressive sanction date north korea united state continue targeting person wherever located facilitate north korea illicit shipping practice
synthetic,actor_4,2025-01-29,anyone speaking yes let read write use internet let not abandon miraculous pleasure speaking real world identifiable person
synthetic,actor_4,2025-01-29,jeff johnson win republican primary challenge minnesota governor mark dayton
synthetic,actor_4,2025-01-29,yup chelsea handler posted photo twitter
synthetic,actor_4,2025-01-29,best euphemism used journalist sex worker peeing allegation trump hear medium describe clearly
synthetic,actor_4,2025-01-29,king fall clipper without cousin announced start game demarcus cousin rudy gay lineup midway first quarter gay checked added spark already dominant offense king got one best start maintaining good pace clipper
synthetic,actor_4,2025-01-29,cassandra kellogg stylist swimwear designer show beachy wardrobe video closet separated shade beige cream white black cassandra wardrobe fresh clean peaceful like
synthetic,actor_4,2025-01-29,sander economic plan torn apart former clinton obama economist say new analysis plan make claim not supported economic evidence
synthetic,actor_4,2025-01-29,shopping secret department store worker floor layout salesperson strategy even storewide sale tap basic consumer impulse asked two former department store employee reveal juiciest secret save
synthetic,actor_4,2025-01-29,creationists demand airtime neil degrasse tyson cosmos tyson recently addressed providing balance come discussing science interview cnn astronomer
synthetic,actor_4,2025-01-29,grammy award red carpet see fashion photo photo click stylelist see pick grammys best dressed worst dressed take look
synthetic,actor_4,2025-01-29,microsoft seeking spyware trojan microsoft investigating trojan program attempt switch firm anti spyware software spyware tool released microsoft last week downloaded six million people stephen toulouse security manager microsoft said malicious program called bankash trojan sent e mail attachment microsoft said not believe program widespread recommended user use anti virus program program attempt disable delete microsoft anti spyware tool suppress warning message given user may also try steal online banking password personal information tracking user keystroke microsoft said statement investigating called criminal attack software earlier week microsoft said would buy anti virus software maker sybari software improve security window e mail software microsoft said plan offer paid anti virus software not yet set date release anti spyware program targeted currently beta form aim help user find remove spyware program monitor internet use cause advert pop ups slow pc performance
synthetic,actor_5,2025-01-29,mississippi educator telling student state sanctioned confederate heritage month jacob walker student grew seeing confederate flag everywhere shirt keychains car teach
synthetic,actor_5,2025-01-29,apple confirms slows old iphones battery age certain circumstance
synthetic,actor_5,2025-01-29,develop next generation innovator stop treating everyone way going jump starting economy wrong way not talking political party talking modest sensibility belief giving best brightest special consideration elitist wrong
synthetic,actor_5,2025-01-29,disembodied head beatbox wild new music video
synthetic,actor_5,2025-01-29,karolina kurkova short make one leggy look yay nay photo photo tell u karolina look latest trend tackled super short short last night
synthetic,actor_5,2025-01-29,zimbabwe military issue statement seizing power targeting criminal around president mugabe committing crime causing social economic suffering country order bring justice
synthetic,actor_5,2025-01-29,puerto rican nationalist granted clemency decade prison oscar l pez rivera spent year prison never convicted violent act may free
synthetic,actor_5,2025-01-29,police official tell congress encryption hurt ability fight crime encryption debate returned congress tuesday
synthetic,actor_5,2025-01-29,portable playstation ready go sony playstation portable psp go sale japan december long awaited handheld game playing gadget cost yen euro hit shelf launch game available psp including need speed ridge racer metal gear acid vampire chronicle sony not yet announced psp available europe u analyst expect debut territory early fifa back top uk game chart week losing rival pro evolution soccer konami pro evo dropped one place two new entry top another football title lma manager number seven tony hawk underground held three star war battlefront inched four place four good news disney spin shark tale film moving chart number eight fan gran turismo series europe going wait next year latest version sony said pal version gt not ready christmas product localised different language across pal territory therefore process take considerably longer japan said gran turismo playstation still expected released japan usa year halo broken video game record pre order million u alone u store plan open midnight tuesday november game release halo projected bring revenue day one box office blockbuster movie united state said xbox peter moore even heard rumour fan anticipation halo flu november
synthetic,actor_5,2025-01-29,digital guru float sub pc nicholas negroponte chairman founder mit medium lab say developing laptop pc go sale less told bbc world service programme go digital hoped would become education tool developing country said one laptop per child could important development not child whole family village neighbourhood said child could use laptop like text book described device stripped laptop would run linux based operating system get display need rear project image rather using ordinary flat panel second trick get rid fat skinny gain speed ability use smaller processor slower memory device probably exported kit part assembled locally keep cost mr negroponte said not profit venture though recognised manufacturer component would making money mr negroponte published bestselling digital widely seen predicting digital age concept based experiment u state maine child given laptop computer take home work idea popular amongst child initially received resistance teacher problem laptop getting broken however mr negroponte adapted idea work cambodia set two school together wife gave child laptop put laptop three year ago one broken kid cherish thing also tv telephone game machine not textbook mr negroponte want laptop become common mobile phone conceded ambitious nokia make million cell phone year u claim going make million laptop big number not talking three five year talking month plan distributing end already discussion chinese education ministry expected make large order china spend per child per year textbook five six year distribute sell laptop quantity one million ministry education cheaper marketing overhead go away
synthetic,actor_5,2025-01-29,wednesday morning email previewing final presidential debate doozy
synthetic,actor_5,2025-01-29,diamond jubilee carriage ride queen kate middleton take spin photo despite rain queen braved weather prince charles camilla duchess cornwall brit lining
synthetic,actor_5,2025-01-29,last ditch rebellion donald trump fails former new hampshire sen gordon humphrey tried derail party nominee desperate vote rule
synthetic,actor_5,2025-01-29,eiffel tower go dark honor victim barcelona attack city light dimmed iconic monument show solidarity catalonia
synthetic,actor_5,2025-01-29,china new big brother law clone west bad idea western politician giving cover government restrict citizen civil liberty
synthetic,actor_5,2025-01-29,spacex launch first rocket since explosion return stage earth saturday flight begin clear logjam planned mission
synthetic,actor_5,2025-01-29,challenge coming outside take existing team outsider got figure team lot new relationship build
synthetic,actor_5,2025-01-29,week beauty best worst june photo spend lot time focusing star wear wardrobe malfunction may
synthetic,actor_5,2025-01-29,america favorite chocolate brand wall st american love chocolate apparently easter week one popular time year indulge nearly million
synthetic,actor_5,2025-01-29,warm bone ambient heat latest merrick garland hot take swap obama lost supreme court nominee fired james comey eh hmm
synthetic,actor_6,2025-01-29,esports stay connected grown kid looking around vast auditorium floor see handful parent ok rather spend weekend world kid inhabit force suffer mine
synthetic,actor_6,2025-01-29,woman admits staying cesspool marriage age fear six year marriage michael presented wife karie postnuptial agreement karie signed
synthetic,actor_6,2025-01-29,sony psp handheld console hit u latest handheld gaming gadget sony playstation portable go sale u thursday entertainment device also store image music video intended compete nintendo d released earlier month uk gamers queuing outside shop across u get hand gadget cost first million sold come spider man film umd sony disc format device psp linked others multiplayer gaming via wireless connection sony touted machine walkman st century sold unit japan since launch last year face stiff competition nintendo d sold gamecube first day release europe allows multiplayer gaming air nintendo dominates handheld market share market u alone gizmondo combined medium player phone gaming gadget also went sale uk last week hope take share handheld gaming market story psp not gaming device much portable entertainment device said michael pachter analyst wedbush morgan security told reuters news agency expected sony sell million psps enough time rival apple ipod no date psp release europe yet sony promised million unit ready u launch fear demand may not met also said expected ship three million psps worldwide end fiscal year ending march machine european launch put back month last week order make sure enough device ready u launch well satisfying japanese market psp almost much processing power playstation console hundred gamers gathered u shop waiting hour first get hand gadget spokesman one u shop said expected device sell first day game mini console include ape academy formula one wipeout pure fired movie studio including lion gate entertainment disney also announced forthcoming film title made available umd format
synthetic,actor_6,2025-01-29,letter croatia beauty truth disconcerting place great even astonishing beauty like dalmatian coast rather affording pleasure
synthetic,actor_6,2025-01-29,apple tv gesture control iwatch next year week apple rumor tuesday verge relayed report israeli business daily calcalist apple mulling purchase
synthetic,actor_6,2025-01-29,ny startup makersrow com embrace local maker movement matt wanted design took vision watch launched steel cake watch brand soon small designer shipping design overseas get produced fun
synthetic,actor_6,2025-01-29,x file finale promise shocking episode yet revealed
synthetic,actor_6,2025-01-29,apple ceo tim cook take fbi threatening data government want unlock iphone connected san bernardino terror attack
synthetic,actor_6,2025-01-29,dell laptop never worked refund leslie woz dell laptop lemon warranty company honor implied warranty question
synthetic,actor_6,2025-01-29,yahoo intern new logo design way better new logo revealed yahoo ceo marissa mayer personally thanked design intern max help crafting
synthetic,actor_6,2025-01-29,steve wozniak blasted uber poor treatment worker think uber not nice thought
synthetic,actor_6,2025-01-29,rogue planet nomad may outnumber star milky way researcher used technique called gravitational microlensing detect homeless planet method examines
synthetic,actor_6,2025-01-29,would happen earth flat ran edge
synthetic,actor_6,2025-01-29,steve scalise make emotional return congress june shooting lawmaker thanks police hero saved others baseball field
synthetic,actor_6,2025-01-29,web giant face battle not track consumer privacy legislation privacy regulation harder sell said privacy expert amy mushahwar attorney reed smith consumer might not
synthetic,actor_6,2025-01-29,college grad fight unpaid internship full time work hard find confronting worst job market decade many college graduate expected land paid job turning unpaid
synthetic,actor_6,2025-01-29,civil right group sue block missouri voter id law beyond unacceptable state missouri launched photo id requirement not sufficiently preparing educating voter funding
synthetic,actor_6,2025-01-29,bird strike research suggests dna technique help stop bird airplane collision dna sequencing added arsenal not dna bird rather poop dna sequence
synthetic,actor_6,2025-01-29,draft day trailer kevin costner talking football kevin costner career football line first trailer draft day veteran actor star upcoming
synthetic,actor_6,2025-01-29,veteran discharged misconduct higher risk homelessness military discharge subsequent transition civilian living long associated homelessness poor mental health
synthetic,actor_7,2025-01-29,citylove tour boise instagram next citylove blog series little rock arkansas suggestion project people general awesomeness
synthetic,actor_7,2025-01-29,tax refund travel deal less twenty three mile beach lounging sand castle plus mile inland canal equal saving
synthetic,actor_7,2025-01-29,feel others pain make two mind respond differently encounter misfortune
synthetic,actor_7,2025-01-29,bunny chow people ordering bunny chow say neither bunny nor chow say portion loaf want whole half quarter type filling half lamb
synthetic,actor_7,2025-01-29,newsroom drama good girl revolt premiering amazon era free love blatant workplace sexism
synthetic,actor_7,2025-01-29,colorado first day legal weed going pretty hilariously photo one weed line good measure like weed father like weed son weed line colorado pic twitter com xxrz j kln chris
synthetic,actor_7,2025-01-29,tasty cooking vacation want learn craft fresh pasta rome dig oyster south carolina
synthetic,actor_7,2025-01-29,kevin hart reportedly talk become new favorite hollywood santa claus merry early christmas
synthetic,actor_7,2025-01-29,london olympics anniversary black white photo english capital ahead one year mark photo new royal baby reason people talking london week saturday mark one year since start
synthetic,actor_7,2025-01-29,nba postpones game response rising covid case least player ruled play health safety protocol related coronavirus
synthetic,actor_7,2025-01-29,lebron james reflected kobe bryant legacy night death former los angeles laker daughter seven people died sunday helicopter crash calabasas california
synthetic,actor_7,2025-01-29,gave coffee week going back going approach coffee like dessert every
synthetic,actor_7,2025-01-29,workout clothes become sexy photo lady treadmill next looked flawless decked clothes looked like something might wear town
synthetic,actor_7,2025-01-29,trailer netflix sand castle sends nicholas hoult henry cavill battle iraq war drama premiere april
synthetic,actor_7,2025-01-29,tracy morgan performs first standup routine deadly car crash month since appeared onstage like
synthetic,actor_7,2025-01-29,back kylie jenner share first photo since giving birth moment six month making
synthetic,actor_7,2025-01-29,new radio astronomy observatory australian outback askap officially opened csiro october th impressive telescope antenna meter diameter spread square meter working together one
synthetic,actor_7,2025-01-29,mcconnell admits republican vote defund planned parenthood senate democrat big enough number prevent u thing
synthetic,actor_7,2025-01-29,black owned etsy jewelry shop support always power spend money
synthetic,actor_7,2025-01-29,alicia silverstone bares almost bullet magazine talk clueless silverstone may regret comparison today young hollywood mug shot bunch definitely come
synthetic,actor_8,2025-01-29,myanmar aung san suu kyi visit rahkine first time since thousand rohingya fled nobel peace prize winner faced heavy international criticism not taking higher profile responding u n official called ethnic cleansing army
synthetic,actor_8,2025-01-29,pivotal union election move ahead amazon warehouse alabama worker soon determine whether retail giant first unionized facility u
synthetic,actor_8,2025-01-29,google expand superfast fiber internet service cause celebrate san antonio
synthetic,actor_8,2025-01-29,security camera film meteor streaking across ohio sky spectacular display seen far away wisconsin missouri michigan
synthetic,actor_8,2025-01-29,silk road key player brian farrell sentenced year prison brian farrell plead guilty charge conspiracy distribute heroin cocaine methamphetamine
synthetic,actor_8,2025-01-29,danger lurking around web fb leaf teen privacy door ajar zuckerberg ever put place million parent single mother doting father immediate extended family decide whether changed facebook privacy setting would beneficial teenager manner
synthetic,actor_8,2025-01-29,beau biden called father joe best coach could asked
synthetic,actor_8,2025-01-29,much homework lower test score researcher say conclusion group australian researcher taken aggregate result several recent study
synthetic,actor_8,2025-01-29,changing terrifying nature new cyber warfare hidden battlefield history first known cyber war casualty piling read vanity fair
synthetic,actor_8,2025-01-29,amy schumer wedding vow raunchy expect like awful sh
synthetic,actor_8,2025-01-29,best vine week one video aug th aug st vine twitter micro video social network perhaps best form entertainment generation distraction
synthetic,actor_8,2025-01-29,wyoming future must depend innovative gumption mineral revenue trickle buying power stalled slumping
synthetic,actor_8,2025-01-29,dysfunctional way adapted hell workplace not pretty
synthetic,actor_8,2025-01-29,simple way tech company keeping woman quitting adobe prof give great maternity leave benny earn woman loyalty duh
synthetic,actor_8,2025-01-29,amazing goal defied physic u goalkeeper
synthetic,actor_8,2025-01-29,syrian opposition realism u russian deal
synthetic,actor_8,2025-01-29,combat racial bias airbnb host try blind reservation discrimination airbnb host challenge need solve
synthetic,actor_8,2025-01-29,wada appeal ruling world anti doping agency wada appeal acquittal kostas kenteris katerina thanou doping charge iaaf not pair cleared charge relating missing dope test greek athletics federation last week wada chairman dick pound said convinced iaaf appeal decision support accept federation ruling go court arbitration sport added kenteris lawyer gregory ioannidis reacted angrily pound comment comment like help embarrass sporting governing body create hostage situation iaaf strengthen case told bbc sport kenteris thanou charged avoiding drug test tel aviv chicago athens failing notify anti doping official whereabouts olympics withdrew athens game missing drug test olympic village august independent tribunal ruled duo not informed needed attend drug test athens however former coach christos tzekos banned four year tribunal kenteris thanou still face trial charge brought separately greek prosecutor missing drug test faking motorcycle accident avoid testing athens game
synthetic,actor_8,2025-01-29,u economy show solid gdp growth u economy grown expected expanding annual rate last quarter gross domestic product figure ahead government estimated month ago rise reflects stronger spending business capital equipment smaller expected trade deficit gdp measure country economic health reflecting value good service produce new gdp figure announced commerce department friday also topped growth rate economist forecast ahead friday announcement growth annual rate third quarter year came best figure five year however positive economic climate may lead rise interest rate many expecting u rate rise march january march quarter economy expected grow annual rate economist forecast final quarter business increased spending capital equipment software third quarter consumer spending grew final quarter third quarter
synthetic,actor_8,2025-01-29,longest lasting stellar eclipse ever observed say hello longest lasting stellar eclipse ever observed
synthetic,actor_1,2025-02-05,hillary clinton really want think tough wall street bernie sander campaign took cheap shot
synthetic,actor_1,2025-02-05,battle mosul coming end iraq face long challenging road toward reconstruction reconciliation
synthetic,actor_1,2025-02-05,first vote trump muslim ban republican fail test list lawmaker record supporter banning grandma america
synthetic,actor_1,2025-02-05,life lesson fake dry cleaner worked dry cleaning business no dry cleaning equipment since employee not lot manage however experience dry cleaner better lesson business studying mba
synthetic,actor_1,2025-02-05,live rv save money ever thought chucking taking road full time free roam could join million american full time rvers
synthetic,actor_1,2025-02-05,court reject bn tobacco case u government claim accusing country biggest tobacco company covering effect smoking thrown appeal court demand bn bn filed clinton administration rejected decision court washington found case could not brought federal anti racketeering law among accused altria group rj reynolds tobacco lorillard tobacco liggett group brown williamson case government claimed tobacco firm manipulated nicotine level increase addiction targeted teenager multi billion dollar advertising campaign lied danger smoking ignored research contrary prosecutor wanted cigarette firm surrender bn profit accumulated past year impose tougher rule marketing product court appeal district columbia ruled u government could not sue firm legislation drawn counteract mafia infiltration business tobacco company deny illegally conspired promote smoking defraud public also say already met many government demand landmark bn settlement reached state share tobacco company closed higher ruling altria rising reynolds showing gain
synthetic,actor_1,2025-02-05,photo show little cuba struggling economy changed half century economy basically stood still half century often difficult tell difference present day photo cuba one decade old
synthetic,actor_1,2025-02-05,fed investigating exxon climate change investigation called moment reckoning corporation
synthetic,actor_1,2025-02-05,new ftc study percent consumer credit report error year ongoing debate accuracy credit report various study claimed percent report contain error credit report error big deal yes absolutely
synthetic,actor_1,2025-02-05,workplace happiness survey find friend important salary study shown part country work also dramatic effect happiness office
synthetic,actor_1,2025-02-05,let moving company hold property hostage check moving company state fmcsa licensed quickly search state fmcsa website
synthetic,actor_1,2025-02-05,american city adding job great recession affected nearly every person united state recovery fared better part
synthetic,actor_1,2025-02-05,step create magic new year point time many u stop reflect past year see change could made new year make next year better previous one three step consider want create magic new year
synthetic,actor_1,2025-02-05,house price rebound say halifax uk house price increased december first monthly rise since september halifax said uk biggest mortgage lender said price rose whole second half year average price house uk stand halifax said survey seems fly face recent evidence uk housing market slowing substantially response interest rate rise last week nationwide said house price fell december annual inflation running three year low tuesday figure bank england showed number mortgage approved uk fallen lowest level nearly decade new loan november fell october lowest rate since september bank england said growth unsecured lending personal loan credit card also slowed last month capital economics past predicted sharp fall uk house price branded halifax finding temporary surprise would reversed coming month month month volatility halifax house price data not distract fact clear downward trend house price capital economics statement said expert believe five interest rate rise since november cutting borrower appetite debt despite recording price rise december halifax survey concluded continuing sign genuine slowdown housing market martin elli halifax chief economist said no need revise bank prediction made last month price would fall sound housing market fundamental continue underpin market ensuring market remains healthy house price fall slightly mr elli said bank prediction price drop come true first annual fall nine year bank said recent pattern house price rising fastest north england continued december north west yorkshire humber halifax said price rose two region respectively month send scale price south east london fell respectively biggest decline seen wale price fell area experienced strong house price growth overall halifax said price final quarter higher previous quarter smallest quarterly rise since second quarter bank said result annual house price inflation dipped final month
synthetic,actor_1,2025-02-05,country hate america several country dislike american leadership also undergone recent political upheaval mass demonstration
synthetic,actor_1,2025-02-05,professional certificate lead higher pay study say certificate program course study typically completed less two year despite perception
synthetic,actor_1,2025-02-05,koch organizing local zoo transit school board
synthetic,actor_1,2025-02-05,woman business q stephanie streeter ceo director libbey inc
synthetic,actor_1,2025-02-05,restaurant fear sale hit proposed stricter drunk driving law cnbc distilled spirit council echoed sentiment join organization including engaged traffic
synthetic,actor_1,2025-02-05,billion new credit card debt represents clear impetus change responsible credit card use recipe saving money considering lucrative reward percent rate fraud protection available thing word sentence responsible important likely ignored
synthetic,actor_2,2025-02-05,inspection factory abroad found superficial riddled flaw inspector came went walmart certified factory guangdong province china approving production
synthetic,actor_2,2025-02-05,europe fiscal union proposal forefront crisis debate mean time european central bank remain institution capable acting quickly avert disaster
synthetic,actor_2,2025-02-05,roaming charge avoid phone bill earlier year canadian family greeted mobile bill vacation arizona culprit
synthetic,actor_2,2025-02-05,tim cook sends memo reassure apple employee trump win apple north star changed company ceo wrote u employee wednesday
synthetic,actor_2,2025-02-05,sec chair delayed job act rule secure legacy internal email reveal job act aim reduce regulatory burden small business start ups relaxing various security regulation
synthetic,actor_2,2025-02-05,jamie dimon snafu jpmorgan derivative loss united state trying pull greatest financial tailspin history dice rolling braggadacio key officer one nation largest bank exactly kind thing congress taxpayer voter find scary
synthetic,actor_2,2025-02-05,supermarket key making america stop wasting food grocery store throw stunning amount food change
synthetic,actor_2,2025-02-05,election deal faltered heath role tory failed hold onto power liberal demanded sir edward heath quit return co operation document released year reveal failed negotiation prime minister following dramatic february general election liberal leader jeremy thorpe appeared willing form coalition government partly collapsed conservative leader role prompting queen ask harold wilson form labour government february general election surprised nation created hung parliament no party overall control sir edward gone country fresh mandate amid spiralling economic crisis miner strike subsequent three day week labour emerged seat mp short number mr wilson needed form majority sir edward received vote fewer mp believed authority remain number providing liberal mp would support government said liberal could keep labour three way lend ad hoc support minority government help draw government programme three cabinet member coalition conservative according document released national archive friendly easy first meeting indicated sir edward mr thorpe thought making deal mr thorpe high spirit led party historic jump support also argued grand coalition three main party sir edward said impossible labour left set pair settled trying conservative liberal pact hour later sir edward hope deal unravelled mr thorpe colleague refused support jeremy said encountering rather embarrassing problem colleague prime minister personally read telephone memo mr heath feel could not agree serve long prime minister asked view said no not close ted thought far able man would perfectly happy serve colleague difficult following day stickling point clearly become two fold mr thorpe colleague wanted electoral reform sir edward resignation mr thorpe told sir edward sorry obviously hell nightmare stilt somehow personally hope work something four hour later sir edward called liberal leader back downing street last attempt deal minute meeting show chance coalition government quickly evaporated pm said bound tell mr thorpe colleague told would not agree serve prime minister mr thorpe liberty verify talking one two prime minister colleague document show sir edward mulled resigning perhaps returning coalition government labour led coalition already knew mr wilson would not form coalition either liberal conservative opposition labour left within hour final talk mr thorpe sir edward told nation resigning queen invited mr wilson form new minority government
synthetic,actor_2,2025-02-05,largest employer state
synthetic,actor_2,2025-02-05,young entrepreneurial merrill lutsky sold combinator backed startup returning harvard researching student startup incubator came across posmetrics founder ceo merrill lutsky browsing list student partner rough draft venture investment fund invests student startup boston area
synthetic,actor_2,2025-02-05,foreclosure spell financial demise latino middle class crisis faced latino homeowner involves housing majority wealth tied home foreclosed latino lose equity needed future
synthetic,actor_2,2025-02-05,ryan zinke tale two fish secretary push reshape interior department cut number agency oversee fish laden stream
synthetic,actor_2,2025-02-05,gas price drop cent two week according survey new york oct reuters average price gallon regular gasoline united state fell cent
synthetic,actor_2,2025-02-05,snap top expectation pricing long awaited ipo snap inc hold richest valuation u tech ipo since facebook
synthetic,actor_2,2025-02-05,student loan debit card encourages indebted graduate shop consumer advocate say idea spending save student loan make sense using flashy reward
synthetic,actor_2,2025-02-05,make mind dude deficit hawk dove time larger deficit time moving toward budget surplus want need cyclical budget deficit offset slump not want structural budget deficit get larger economy hit expansionary stride not yet
synthetic,actor_2,2025-02-05,pfizer allergan scrap billion merger tax loophole pressure announcement followed unveiling new u treasury rule monday aimed curbing deal
synthetic,actor_2,2025-02-05,billionaire think obama socialist hardly count news anymore put upon billionaire start fulminating barack obama like koch
synthetic,actor_2,2025-02-05,make financial resolution february make financial resolution clock struck midnight jan okay not late consider making one right following three simple rule resolution
synthetic,actor_2,2025-02-05,world bank fails stop attack arrest villager protesting big project human right campaigner say bank response border complete apathy
synthetic,actor_3,2025-02-05,old man golf course complains people not working truly donald trump republican
synthetic,actor_3,2025-02-05,could staying facebook hurt career raise hand heard improper facebook post could hurt chance potential employer well okay
synthetic,actor_3,2025-02-05,hail smash passenger jet windshield force emergency landing scariest minute life
synthetic,actor_3,2025-02-05,economist wrong boil thing really two road follow environment economy either muddle along sub par rate percent balance restored go path running debt effort produce higher growth rate near term
synthetic,actor_3,2025-02-05,career thing past short millennials like commitment job no exception average millennial expected change job course working year long gone lifelong loyalty corporation steadfast servitude year end waiting next promotion
synthetic,actor_3,2025-02-05,best run city america order determine performance nation largest city wall st reviewed largest u city
synthetic,actor_3,2025-02-05,libya take bn unfrozen fund libya withdrawn bn asset u asset previously frozen almost year libyan central bank said move came u lifted trade ban reward tripoli giving weapon mass destruction vowing compensate lockerbie victim original size libya fund central bank told reuters however withdrawal not mean libya cut tie u added process opening account bank united state central bank vice president farhat omar ben gadaravice said previously frozen asset invested various country believed included equity holding bank u ban trade economic activity tripoli imposed president ronald regan series u deemed terrorist act including lockerbie air crash suspended april banker two country working unfreeze libya asset
synthetic,actor_3,2025-02-05,social medium picture say first cardinal sin profile picture smirk bad smirk universal facial expression contempt hatred disdain profile basically telling world want people connect
synthetic,actor_3,2025-02-05,time bomb tax code congress president nothing tax system end year thing tax law blow
synthetic,actor_3,2025-02-05,keeping romneys not money honey bulging bank account not brand someone bad seed plenty kind giving millionaire plenty cruel greedy grouch world real problem romneys money relate
synthetic,actor_3,2025-02-05,krugman obamacare shock coming affordable care act k obamacare go fully effect beginning next year prediction disaster
synthetic,actor_3,2025-02-05,bad habit must break productive habit may seem minor add amount personal choice immediate pleasure lasting one worst habit losing track really matter
synthetic,actor_3,2025-02-05,ball drop smart money move make dec wrapping finance may want think making move could mean money retirement smaller tax bill perhaps new eyeglass
synthetic,actor_3,2025-02-05,bad trade sucker punched massive illegally subsidized import american steel producer laid thousand worker bedrock community ohio illinois texas alabama past three month
synthetic,actor_3,2025-02-05,way content could turn away visitor fortunately bounce rate reduced several common content problem turn user away understanding help improve content retain greatest possible audience
synthetic,actor_3,2025-02-05,warning warning kind duty warn auto repair owner manager salesperson kind responsibility damage due failure warn occur client come expertise advice
synthetic,actor_3,2025-02-05,disruption leadership implication female entrepreneurship woman entrepreneur biologically hardwired harness time tend care communal impact others choose tool wisely use social medium already changed world
synthetic,actor_3,2025-02-05,slow recovery continues recovery continues remains weak indeed bit weaker forecast april revised forecast world growth percent april percent today headline number make thing look worse really
synthetic,actor_3,2025-02-05,lesson big business gladly taken home major corporation get bad rap medium online not hard understand many thing
synthetic,actor_3,2025-02-05,victoria calbert missouri woman allegedly cashed counterfeit check walmart fake check scam rise according federal trade commission usually innocent people not store
synthetic,actor_4,2025-02-05,tpp future u economy absolutely no doubt country face serious issue income inequality killing trade deal offer least hope better future american economy not way fix pressing problem
synthetic,actor_4,2025-02-05,dagger tutankhamun tomb made iron meteorite dagger entombed king tutankhamun made iron meteorite new analysis metal composition show
synthetic,actor_4,2025-02-05,almost third mass shooting death related domestic violence evidence domestic violence gun deadly mix
synthetic,actor_4,2025-02-05,healthy travel tip europe bound traveler piece cautionary advice vacationer exploring europe summer novelty travel maintaining one health wellness become less priority traveler spend time outside remain active likely improved attitude less stress
synthetic,actor_4,2025-02-05,thought sxsw company active social medium account multiple representative sxsw exception rule great thing worry many company focus use social medium sell product tool embrace community true two way fashion
synthetic,actor_4,2025-02-05,amazon studio executive suspended harassment accusation somebody power feel imperative speak producer isa hackett say
synthetic,actor_4,2025-02-05,fed plan shut dakota access pipeline protest camp hundred protester dec get face prosecution
synthetic,actor_4,2025-02-05,singing sand dune sound shaped sand grain size study show video jane j lee plagued whipping desert wind sand dune signal displeasure haunting moan reverberate
synthetic,actor_4,2025-02-05,time cramer short show obviously jim cramer not always wrong picked many winner overall record no better one would expect random chance
synthetic,actor_4,2025-02-05,netanyahu as as although never voted living israel along majority voting israeli always counted netanyahu take protect security israeli citizen extension jew
synthetic,actor_4,2025-02-05,not everyone want latest iphone remember flip phone still
synthetic,actor_4,2025-02-05,idina menzel say karma behind donald trump rumored inauguration day problem president elect reportedly difficult time finding anyone perform big day
synthetic,actor_4,2025-02-05,gawker medium founder face personal bankruptcy judge refused extend protection shielding nick denton liability
synthetic,actor_4,2025-02-05,oscar red carpet photo see dress jewelry photo sure golden globe grammys fun oscar biggest celebs think jennifer
synthetic,actor_4,2025-02-05,trump terrible rocket man golf strike blt steak edition since mid republic report trump terrible ranked week disgraceful figure trump administration
synthetic,actor_4,2025-02-05,ambassador slammed donald trump amid uae campaign isolate qatar planet trump president yousef al otaiba wrote email election night
synthetic,actor_4,2025-02-05,box way pad saving account healthy saving account great way start building financial foundation essential emergency fund use unexpected bill hit mailbox tragedy strike
synthetic,actor_4,2025-02-05,spotify failed miserably trying predict vma winner taylor swift
synthetic,actor_4,2025-02-05,selma anniversary nears lawmaker actually trying strengthen voting right
synthetic,actor_4,2025-02-05,famous fraudsters con artist scammer merriam webster online dictionary defines fraud intentional perversion truth order induce another
synthetic,actor_5,2025-02-05,new york want make easier new yorkers say piece get troubled run bureaucracy unyielding unhelpful
synthetic,actor_5,2025-02-05,smartphone may tracking every move iphone android chance every single move make tracked location location including
synthetic,actor_5,2025-02-05,silk road dark web dream dead not long ago silk road not bustling black market drug living representation every cryptoanarchist
synthetic,actor_5,2025-02-05,dozen hearing later lawmaker pressed va dysfunction
synthetic,actor_5,2025-02-05,poll show want dna breakthrough worry scientist may playing god american excited possibility scientific breakthrough brought dna research new huffpost yougov
synthetic,actor_5,2025-02-05,tampa bay thriving bakery scene photo nothing draw eye like case filled dessert mazzaro offer variety italian cooky including homemade biscotti
synthetic,actor_5,2025-02-05,chilling training video released militia men charged michigan gov kidnap plot sick robbed enslaved state enemy period say one suspect video
synthetic,actor_5,2025-02-05,enact usa freedom act proposed act huge step forward nation effort redesign surveillance program protect privacy american citizen without sacrificing compelling need protect national security legislation signed president without delay
synthetic,actor_5,2025-02-05,doctor speak better care reconciliation act physician across nation deeply concerned proposed senate health care bill
synthetic,actor_5,2025-02-05,relaxing ski resort retreat winter badrutt palace epitome ski world luxury resort elite time gourmet dining palace
synthetic,actor_5,2025-02-05,people see climate change affecting life problem heidi cullen blame changer hillary rosner according recent yale survey american believe global
synthetic,actor_5,2025-02-05,beware investment pro time year pro come drove full offer rest u prediction coming year counterintuitive appreciate fact emperor no clothes pretending expertise exist
synthetic,actor_5,2025-02-05,scientist may found fix nut allergy
synthetic,actor_5,2025-02-05,already spent money matter much time money spent given right want continue path take different one
synthetic,actor_5,2025-02-05,comey memo trump floated idea jailing journalist make talk president wanted stop leak pouring white house
synthetic,actor_5,2025-02-05,one simple change boost motivation according science simply fun play big role motivating behavior
synthetic,actor_5,2025-02-05,bank payout pinochet victim u bank said donate victim former chilean military ruler augusto pinochet regime madrid court settlement riggs bank put money special fund managed madrid based charity salvador allende foundation help abused victim bank accused illegally concealing gen pinochet asset people killed political reason gen pinochet regime official report say last month u court riggs bank pleaded guilty failing report suspicious activity relating account held gen pinochet government equatorial guinea occasion ordered pay fine gen pinochet never put trial human right violation rule despite several high profile case facing charge relating murder one chilean disappearance nine others also investigated tax evasion tax fraud embezzlement state fund general opponent rejoiced settlement agreed court spanish capital madrid lawyer victim eduardo contreras told reuters news agency demonstrates horror pinochet dictatorship not mystery anyone whole world know victim deserve reparation riggs spokesman mark hendrix said settlement detail announced next week opportunity move enables institution put matter behind u told reuters settlement follows legal complaint filed bank spanish judge baltasar garzon alleging illegally concealed asset bank agreed create fund victim charge dropped
synthetic,actor_5,2025-02-05,north carolina proposal would ban welfare recipient buying lottery ticket north carolina lawmaker drafted legislation would ban welfare recipient people bankruptcy buying
synthetic,actor_5,2025-02-05,sleep study look link shut eye exam score
synthetic,actor_5,2025-02-05,top college basketball senior
synthetic,actor_6,2025-02-05,obvious scientific discovery make shake head study published april journal plo one researcher used large national study american find
synthetic,actor_6,2025-02-05,tim roth say grandfather sexually abused dad f ing rapist
synthetic,actor_6,2025-02-05,rush limbaugh boycott reddit twitter facebook user take part update update limbaugh issued apology saturday said part choice word not best attempt
synthetic,actor_6,2025-02-05,running time
synthetic,actor_6,2025-02-05,google pressing fed get driverless car road google make case congress tuesday
synthetic,actor_6,2025-02-05,donald trump currently googled presidential candidate classiest successful google search ever created god
synthetic,actor_6,2025-02-05,tesla unveiled quickest car actually buy new battery upgrade extends range car
synthetic,actor_6,2025-02-05,skype type stuff trial beyond prepared like surgeon assistant best practice would dictate another set eye ear importantly technical assistant plenty college graduate not working tech savvy hire one
synthetic,actor_6,2025-02-05,greatest psychologist realm human endeavor no one person ever stand clearly greater great field many great no one person ever shine brightest psychology exception charles darwin tower field
synthetic,actor_6,2025-02-05,twitter may increase character limit believe ceo jack dorsey made point
synthetic,actor_6,2025-02-05,scientist learning disability okay intelligence like pretty much everything else subjective spectrum may lower average one every single area anything good job whether scientist clinician business woman
synthetic,actor_6,2025-02-05,consumer still consumer think call consumer anymore sure consume product much important u participate brand keeping vital relevant life make brand well brand
synthetic,actor_6,2025-02-05,alan alda stony brook university center communicating science aim satisfy kid curiosity would willing go writing explanation flame one year old would find
synthetic,actor_6,2025-02-05,watch cargo ship blast supply space station
synthetic,actor_6,2025-02-05,linkedin user might want change password asap bad
synthetic,actor_6,2025-02-05,complicated traveling relationship realized also alone co dependency everywhere went saw traveler massive camera dangling around neck snapping photo photo photo seemingly disengaged experience obsessed remembering
synthetic,actor_6,2025-02-05,orbiting pac man may help solve space junk problem video game inspired spacecraft could catch space debris one big chomp
synthetic,actor_6,2025-02-05,like mike court bill james classroom generation ago young player across country shooting layup tongue waggling air simply like mike mathematical classroom similar role playing enhance learning rather like mike let see like bill james
synthetic,actor_6,2025-02-05,trump anti extremism proposal could alienate muslim cut fund fight white nationalist not exactly win win
synthetic,actor_6,2025-02-05,mar rover curiosity update self portrait new image released first destination announced photo nasa friday released latest image sent back mar rover curiosity including high resolution self portrait
synthetic,actor_7,2025-02-05,software fatal uber crash reportedly recognized woman ignored first kind accident killed pedestrian arizona earlier year
synthetic,actor_7,2025-02-05,open wallet amazing item week cheap celeb find week many lister great ensemble though load red carpet event
synthetic,actor_7,2025-02-05,student loan borrower struggle co signer die go bankrupt
synthetic,actor_7,2025-02-05,real life place behind favorite desktop background revealed always thought umm mount fuji actually mount rainier washington state major glacier
synthetic,actor_7,2025-02-05,open letter dylan farrow favorite woody allen movie answer know seven year old woody allen took
synthetic,actor_7,2025-02-05,medical marijuana patient facing prison growing pot cancer
synthetic,actor_7,2025-02-05,way save cash day ball drop day christmas mean lot different thing lot different people obligatory gift return post christmas sale pouring last eggnog coffee end holiday music public space public airwave
synthetic,actor_7,2025-02-05,ben carson suggests obama iran deal anti semitic expressing eagerness weigh matter economy foreign policy gop presidential candidate ben
synthetic,actor_7,2025-02-05,michigan ohio state pregame player get others face game video even though team usually fired annual rivalry matchup perhaps player fueled ohio state
synthetic,actor_7,2025-02-05,apple new iphone se next big thing small
synthetic,actor_7,2025-02-05,renter mostly screwed one city actually affordable ditch unaffordable apartment move de moines
synthetic,actor_7,2025-02-05,keira knightley get caught storm red carpet
synthetic,actor_7,2025-02-05,brown star trouble
synthetic,actor_7,2025-02-05,nick cannon still not ready date split mariah carey figured yet
synthetic,actor_7,2025-02-05,city escape calm mind winter live atlanta escape rome georgia nestled foothill appalachian mountain
synthetic,actor_7,2025-02-05,lindsey vonn tweet fierce war cry likely last olympic downhill race count
synthetic,actor_7,2025-02-05,voting official fed donald trump talk rigged election say virtually impossible gop nominee wasting time
synthetic,actor_7,2025-02-05,tropical island resort caribbean getaway inside german aircraft hangar life give aircraft hangar make indoor tropical island oh let not forget tropical sea size
synthetic,actor_7,2025-02-05,world record holding sky diver talk free fall foot reached mile per hour altimeter wrist unwinding rapidly no sense speed
synthetic,actor_7,2025-02-05,friend theme song performed favorite film character no one told gon na sung way
synthetic,actor_8,2025-02-05,ikea new free food deal powerful psychology behind end fascinating customer may completely aware ikea deal manipulate may fine anyway
synthetic,actor_8,2025-02-05,labor group encourages green card holder become citizen
synthetic,actor_8,2025-02-05,retired research chimp really enjoying new home
synthetic,actor_8,2025-02-05,social science could help build better kony campaign kony story raise concern viral activism bringing awareness righteous cause may fact fail produce action social scientist studied tension decade research shed light viral campaign activism work
synthetic,actor_8,2025-02-05,julia louis dreyfus golden globe dress see red carpet look photo want sure check huffpost style twitter facebook tumblr pinterest instagram huffpoststyle
synthetic,actor_8,2025-02-05,unfair country woman wall st according recently available data yemeni woman pakistani woman literate compared
synthetic,actor_8,2025-02-05,not like food tv training woman leader culinary entrepreneurship end matter food prepared male female chef long best meal
synthetic,actor_8,2025-02-05,carly fiorina exceptional one particular way want high powered job woman share goal
synthetic,actor_8,2025-02-05,stuffed elk head old bar rust belt photo old shot beer joint mainstay nearly rust belt mill town place yang factory yin big part many mill worker daily routine
synthetic,actor_8,2025-02-05,leave home go shopping regret leave home go shopping summer jennifer boaro prefers strategy put credit card
synthetic,actor_8,2025-02-05,first ever full color image pluto
synthetic,actor_8,2025-02-05,alexander wang spring collection get animated fashion gif day photo week fashgif take sexy white dress alexander wang spring collection cut out
synthetic,actor_8,2025-02-05,australia join hunt alien huge dish telescope find unless actually look
synthetic,actor_8,2025-02-05,apple name jeff williams new coo tech giant also appointed new senior vice president hardware technology
synthetic,actor_8,2025-02-05,planet around red dwarf star may face water trapping phenomenon hold clue alien life aerial view front aialik glacier flowing harding icefield kenai peninsula alaska menou
synthetic,actor_8,2025-02-05,congratulation army secretary jared kushner hi hi hey another army secretary way
synthetic,actor_8,2025-02-05,trump doctor dismisses question mental stability stress excellent health white house doctor ronny jackson really really want everyone know trump stamen impressive
synthetic,actor_8,2025-02-05,deadly waiting game syrian refugee syrian waiting everywhere waiting next airstrike waiting cross another border waiting smuggler call back say room rubber dinghy worse sail waiting rescued middle sea waiting die starvation
synthetic,actor_8,2025-02-05,four force facing global economy behind number lie unusually complex set force shaping world economy decline price oil evolution exchange rate highly visible crisis legacy lower potential growth play behind scene role important nevertheless let briefly review
synthetic,actor_8,2025-02-05,important symbol investor dol right decision dol help stop rip k participant wolf sheep clothing misuse privileged position adviser k plan make unconscionable profit expense employee long overdue
synthetic,actor_1,2025-02-12,influencer week cancer conquering super bowl linebacker doctor hoped redefine atlantic coast conference defensive player year mark herzlich cancer survivor
synthetic,actor_1,2025-02-12,reason shop h nothing fashion one nine major company least percent woman leadership
synthetic,actor_1,2025-02-12,many good mortgage loan not made housing sector today not providing economic stimulus come expect period economic recovery major reason underwriting rule practice much stricter today financial crisis
synthetic,actor_1,2025-02-12,russia get investment blessing soaring oil sale budget surplus mean russian debt no longer risky investment one world leading credit rating agency say standard poor classed russian bond investment grade former speculative rating russia reputation among investor hurt recent month heavy tax bill asset seizure imposed company oil giant yukos p said solidity government finance outweighed risk russia net creditor rather debtor gold foreign currency reserve bn beat foreign public debt bn two major rating agency fitch moody long since upped rating russia sovereign debt p held back fear government dragging foot economic legal reform though finally followed suit agency made clear improved rating not mean risk thing past instead russian government coffer brimming tax revenue energy sale p said government debt looking good bet improvement significant outweight serious growing political risk continues key rating constraint russia wrote p credit analyst helena hessel yukos saga high profile political risk m hessel alludes company founder ex chief executive mikhail khodorkovsky jail trial tax evasion fraud many believe real motive prosecution threatened use wealth set political alternative president vladimir putin company meanwhile widely believed fallen victim kremlin wish get russian energy resource far possible back state control
synthetic,actor_1,2025-02-12,june job report upside surprise report positive revision whiff increased labor force participation bit pop wage suggests not improving job market one improving bit faster thought
synthetic,actor_1,2025-02-12,giving bank lent ash wednesday church san francisco announced removing million well fargo called bank put immediate freeze foreclosure repent misconduct effort part several national campaign get consumer community group remove money big bank transfer account credit union smaller financial institution told bank desperate thrown lifeline taxpayer stronger better able weather crisis yet continue scream protest lobby capitol hill ignominy reform simple greed hey bank giving lent
synthetic,actor_1,2025-02-12,greatest job title history mankind photo find rest collection world wide interweb see lot great job simply
synthetic,actor_1,2025-02-12,growing discount airline learn hard way leave worker behind
synthetic,actor_1,2025-02-12,united state need ladenschlussgesetz u never prohibit store opening sunday past thanksgiving feel scale tipped away holding anything sacred even special
synthetic,actor_1,2025-02-12,way impress mortgage lender cfpb new ability repay rule lender still leery real estate crash best show mortgage lender handle home loan
synthetic,actor_1,2025-02-12,best paying job high school graduate
synthetic,actor_1,2025-02-12,reposition restrategize reinvent tip new age professional certainly fact world changing every day new development technology society rewrite guideline interact family colleague customer
synthetic,actor_1,2025-02-12,state widest gap rich poor
synthetic,actor_1,2025-02-12,troubled marsh sec scrutiny u stock market regulator investigating troubled insurance broker marsh mclennan shareholder transaction firm said security exchange commission asked information transaction involving holder firm share marsh said co operating fully sec investigation marsh also focus inquiry new york attorney general whether insurer rigged market since inquiry launched october marsh replaced chief executive held boardroom shake meet criticism lessening number company executive board prosecutor allege marsh world biggest insurance broker u insurance firm may fixed bid corporate cover issue heart inquiry new york top law officer eliot spitzer separate prosecution five insurer state california sec investigation called related party transaction includes dealing trident fund managed mmc capital company private equity firm marsh new chief executive michael cherkasky trying negotiate settlement mr spitzer mr spitzer built reputation fierce critic campaigner corporate america misdeed uncertainty unleashed scandal prompted three credit rating agency standard poor moody fitch downgrade marsh recent week according financial time insurance analyst questioning whether marsh able maintain strong record earning growth draw forecast first quarter next year doubt also exist much company may pay regulator lawyer put scandal behind
synthetic,actor_1,2025-02-12,paving growth path thanks pair pant made bold move save enough money buy something without realizing raised gold standard new gold standard come two scary question next else want
synthetic,actor_1,2025-02-12,time boost retirement saving dramatically consider scary statistic four family headed someone age nothing set aside old age
synthetic,actor_1,2025-02-12,glenn hubbard naive think fed stimulus solve job crisis would much comfortable fact congress would take burden u address issue bernanke
synthetic,actor_1,2025-02-12,program getting veteran home sure va loan best fit every military borrower veteran sterling credit enough cash cover healthy payment might want seek conventional financing far norm service member family
synthetic,actor_1,2025-02-12,executive onboarding subordinate perspective everything communicates everything new leader say say new leader get many miss unintended consequence say say people think not directly affected
synthetic,actor_1,2025-02-12,clue entrepreneur head entrepreneur find head least percent time probably not pushing limit not taking enough risk probably not working idea worth challenge know ask help not let bravado ego mask anxiety
synthetic,actor_2,2025-02-12,apparently place hell woman help actually pretty screwed new study find
synthetic,actor_2,2025-02-12,avoid debt collector nightmare debt collector calling right debt collector must tell within five day initial contact
synthetic,actor_2,2025-02-12,u insurer marsh cut job job go u insurance broker marsh mclennan shake following bigger expected loss insurer said cut part cost cutting drive aimed saving million dollar marsh posted loss last three month profit year blamed payout settle price rigging lawsuit brought new york attorney general elliot spitzer settlement announced january marsh took pre tax charge october december quarter top charge previous quarter clearly difficult year mmc financial history marsh chief executive michael cherkasky said ongoing restructuring drive group also led hit fourth quarter world biggest insurer said analyst expect latest round cut focus brokerage unit employ staff latest layoff take total number job go firm expected lead annual saving part effort cut cost company said halving dividend payment cent share cent move enable save looking ahead mr cherkasky forecast profitable growth year ahead operating margin upper teen opportunity margin expansion meanwhile company also announced would spin mmc capital private equity unit manages bn trident fund operation group employee marsh not say move would take place said signed letter intent insurer hit headline october last year faced accusation price rigging new york attorney general elliot spitzer sued company accusing receiving illegal payment steer client selected firm well rigging bid fixing price january marsh agreed pay settle suit figure line placement fee collected agreed change business practice february former senior executive pleaded guilty criminal charge wide ranging probe fraud bid rigging insurance industry january former senior vice president also pleaded guilty criminal charge related investigation effort reform business practises marsh said already introduced new leadership new compliance procedure new way dealing customer result ready put matter behind u move ahead restore trust client placed u rebuild shareholder value mr cherkasky said
synthetic,actor_2,2025-02-12,people fail cash dream idea better question asking quality idea asking quality plan cash idea
synthetic,actor_2,2025-02-12,parent plus loan take retirement let not allow perceived hopelessness situation fester lead debilitating anxiety deep depression
synthetic,actor_2,2025-02-12,thing entrepreneur differently mere mortal entrepreneurship path people ability pursue stick challenge entrepreneurship go beyond simple day day task even skill required achieve success
synthetic,actor_2,2025-02-12,cashing customer laziness win retail great value offer cost entry edge convenience real differentiator call leveraging laziness watch shopper gravitate towards
synthetic,actor_2,2025-02-12,secret great communicator
synthetic,actor_2,2025-02-12,cyprus bank tax fallout country compensate saver president say cypriot bank depositor required forfeit part saving deal brokered euro zone finance minister
synthetic,actor_2,2025-02-12,google embracing team work workplace wellness tech giant released new research tuesday building productive cohesive team
synthetic,actor_2,2025-02-12,step star employee thing right start help avoid ax give firm foothold workplace position hire honing attribute also help spot quality winner come work
synthetic,actor_2,2025-02-12,ukraine insider oligarch derail maidan revolution midst war heightened nationalism ukraine many demonstrator participated protest maidan square one year ago gripped profound sense shock wonder happened country
synthetic,actor_2,2025-02-12,group brainstorming waste time brainstorming continues used feel intuitively right one placebo talent management cabinet believed work spite clear absence evidence go ahead schedule brainstorming meeting expect accomplish much
synthetic,actor_2,2025-02-12,ryanair bn boeing plane deal budget airline ryanair placed order boeing plane deal valued bn bn lead new ryanair job also option aircraft move brings ryanair boeing order book firm order option ryanair said new plane would help cut operating cost carrier reported drop quarterly profit earlier year hit higher fuel cost however reported result airline upbeat prospect despite tough competition budget airline market ryanair chairman david bonderman said significantly reduced unit operating cost allowed u reduce air fare year last five year new order new pricing place ryanair expects unit operating cost excluding fuel continue fall year next five year added end year ryanair taken delivery new plane new order due delivery airline said plane delivered able carry million passenger year making europe largest airline new job created next seven year added order seen good news boeing recent year overtaken european plane maker airbus world biggest selling plane maker
synthetic,actor_2,2025-02-12,taylor swift america merchant princess following recent blockbuster album launch million sale counting u musician taylor swift could perhaps lay claim crown america merchant princess could teach many retailer shopper marketer thing two science selling stuff
synthetic,actor_2,2025-02-12,san francisco could look like fisherman wharf public realm plan fisherman wharf public realm plan reimagines popular tourist destination
synthetic,actor_2,2025-02-12,volkswagen diesel settlement fund range clean air effort settlement would largest ever automotive buyback offer u history expensive auto industry scandal
synthetic,actor_2,2025-02-12,ceo earn public trust make money good
synthetic,actor_2,2025-02-12,victory american walgreen invert avoid u tax conservative telling u since wave inversion began expect corporation moral patriotic write rule let get away immoral unpatriotic betrayal u taxpayer next order business get congress pas legislation
synthetic,actor_2,2025-02-12,credit suisse settle doj case mortgage security billion news came deutsche bank agreed billion settlement doj sale pooling toxic mortgage security
synthetic,actor_3,2025-02-12,people using apple pay mobile payment new technology let u pay thing phone sound pretty amazing right convenient easy use could revolutionize way pay thing making cash credit card obsolete technology everyone clamoring use right
synthetic,actor_3,2025-02-12,taking startup public fraught negative old day every entrepreneur dreamed easily taking startup public making big today rate startup going public ipo initial public offering dead zone still less half rate year ago smart entrepreneur avoid option like plague
synthetic,actor_3,2025-02-12,former atheist mark zuckerberg get religion went period questioned thing post facebook
synthetic,actor_3,2025-02-12,elvis presley library card could fetch thousand auction library card presley year old signed check copy courageous heart life andrew
synthetic,actor_3,2025-02-12,whole food fight keep corporate board clubby
synthetic,actor_3,2025-02-12,inequality government perp not bystander congress president decided craft budget lead ten million people unemployed underemployed high level unemployment put downward pressure worker wage especially bottom third labor force mean federal budget limit growth employment way redistributes income upwards inequality happen result government policy people actually want see inequality reduced poor middle class share benefit growth not likely happy president obama speech topic comment government bystander ignores real source problem therefore not likely come much way real solution
synthetic,actor_3,2025-02-12,ride hailing driver probably make even less think mit paper find uber called methodology finding working paper deeply flawed
synthetic,actor_3,2025-02-12,one ceo quote sum resilience flood drenched south carolina sunny day first time seen sun many day
synthetic,actor_3,2025-02-12,eurozone bank relying less crisis funding divergence give headache ecb add detail background national data contrast italian bank used facility
synthetic,actor_3,2025-02-12,disaster claim less bn insurer sought calm fear face huge loss earthquake giant wave killed least people southern asia munich swiss world two biggest reinsurers said exposure less disaster rebuilding cost likely cheaper developed country many affected not insurance analyst said swiss said total claim likely less bn bn swiss belief cost would substantial unlikely double digit billion financial time reported munich world largest reinsurance company said exposure less euro least country affected sri lanka indonesia india thailand among worst hit region resort western tourist expected among main claimant lloyd london told financial time expected exposure limited holiday resort personal accident travel insurance marine risk spokeswoman hanover europe fifth largest reinsurance firm estimated tsunami related damage claim would low double digit million euro company paid million euro cover damage caused recently four major hurricane u insurer not long assess economic impact damage report casualty destruction still coming many thing unclear early tell said serge troeber deputy head swiss natural disaster department need complicated process estimate damage unlike hurricane run model anticipated company total claim would less hurricane company put allianz leading german insurer said not know yet exposure would however said tidal wave unlikely significant impact business zurich financial said could not yet assess cost disaster impact u insurance company not expected heavy analyst said u insurer relatively little exposure asia pas lot risk reinsurance company special catastrophe fund insured damage could fraction billion dollar worth destruction sri lanka india thailand indonesia maldive island malaysia said prudential equity group insurance analyst jay gelb u insurer likely minimal no exposure likely bermuda based reinsurance company might exposure said paul newsome insurance analyst ag edward co many affected country indonesia sri lanka maldives not usually buy insurance kind disaster said u based insurance expert early estimate world bank put amount aid needed worst affected country including sri lanka india indonesia thailand bn bn similar cash offered central america hurricane mitch mitch killed people caused damage bn cost tsunami individual involved incalculable not fathom cost poor society nameless fisherman fishing village wiped hundred thousand livelihood gone said jan egeland head un office coordination humanitarian affair tourist cutting short holiday affected area may suffer financial impact association british insurer warned travel insurance not normally cover cutting short holiday said loss possession usually covered association stressed importance checking wording travel policy
synthetic,actor_3,2025-02-12,simple way improve relationship money money mention stir strong emotion whether little lot connection use acquisition people brazenly grab grasp others vilify unequal distribution
synthetic,actor_3,2025-02-12,tax deduction student tax break student might not able offer good news rising tuition cost point way
synthetic,actor_3,2025-02-12,subway received serious complaint jared year ago company say regret complaint not properly handled
synthetic,actor_3,2025-02-12,wall street big barrier change even something still wrong wall street takeaway extraordinary
synthetic,actor_3,2025-02-12,safest state america
synthetic,actor_3,2025-02-12,president trump would massive disaster u water gop nominee environmental policy vague best dangerous worst
synthetic,actor_3,2025-02-12,fake til make please instead let offer six way gain relationship edge business life require poser recommend seek help give assist empower support
synthetic,actor_3,2025-02-12,plain english greek foreclosure review material scored zero readability document know score low irs publication standard regulator servicers wanted match
synthetic,actor_3,2025-02-12,billion new credit card debt represents clear impetus change responsible credit card use recipe saving money considering lucrative reward percent rate fraud protection available thing word sentence responsible important likely ignored
synthetic,actor_3,2025-02-12,teacher slam trump call gun school f king insane educator tell president want teach not shoot
synthetic,actor_4,2025-02-12,conservative medium throw virginia gop candidate bus election loss ed gillespie republican swamp thing relied president donald trump say
synthetic,actor_4,2025-02-12,bring brain work wife infant son arrived boarding door baby arm bag hand found caught example one biggest workplace problem time
synthetic,actor_4,2025-02-12,expect shuttered abortion clinic reopen soon daunting task front u determining whether reopen health center
synthetic,actor_4,2025-02-12,jet packing dystopia cross posted tomdispatch com year ago sat roof house watching neighborhood
synthetic,actor_4,2025-02-12,celebrity couple broke getting married
synthetic,actor_4,2025-02-12,china ripe medium explosion asia set drive global medium growth beyond china india filling two top spot analyst predicted japan south korea singapore also strong player china demographic give edge medium conference london heard world populous country population bn million middle class consumer forty per cent fall key year old demographic result attracting huge foreign investment medium communication analyst told financial time new medium broadcasting conference last week interest china among international medium group surged recent month beijing issued rule allowing foreign investment joint venture television radio film production company news corporation viacom sony picture among big name involved joint venture chinese player million chinese listen radio station tv station broadcast channel china central television cctv state broadcaster claim audience billion people country million household million receive cable tv programme rest could potential audience satellite broadcasting china plan launch state administration radio film television sarft regulates broadcasting plan move programme digital continuing roll new digital channel boosted demand quality content creating significant opportunity chinese foreign content provider according recent report china authority tightened control foreign investment tv production joint venture limited foreign company one joint venture banned involvement found unfriendly according report sarft said strong ideological component production broadcast television programme added china must understand political tendency background overseas partner prevent joint venture cooperation bringing harmful foreign thinking culture production sector according financial time china correspondent new rule highlight political sensitivity surround foreign involvement china medium sector despite beijing decision open state dominated sector international investment well traditional broadcasting chinese foreign entrepreneur alike see fortune waiting made new medium like mobile service online gaming mobile game already account revenue china million mobile user online gaming sale predicted top billion u dollar next year according uk based journal screen digest video market also seen big opportunity although piracy level still high despite anti piracy drive past year cinema industry deployment digital screen accelerated not modernise venue also curb piracy regulate distribution li ruigang president commercial broadcaster shanghai medium group told conference china new medium market already experiencing explosive growth particularly strong charged broadband service mobile value added service leading china watcher founder cga consultancy jeanne marie gescher agreed time ripe foreign medium group tap china huge medium market potential china medium driven investor not care people consume medium want people consume mr gescher concluded
synthetic,actor_4,2025-02-12,new jersey governor chris christie veto minimum wage hike hour legislation would made new jersey third state adopt per hour minimum wage
synthetic,actor_4,2025-02-12,u russian crew return earth day space nasa astronaut jeff williams spent total day orbit time astronaut u history th world
synthetic,actor_4,2025-02-12,volcano study show surprising shift gravity may lead better prediction volcanic eruption continuous gravity measurement active volcano relatively rare result coming mount etna italy
synthetic,actor_4,2025-02-12,robin ramirez amiko fountain marilyn johnson charged running million counterfeit coupon ring manufacturer distribute nearly billion coupon per year worth estimated billion according
synthetic,actor_4,2025-02-12,jack szostak life lab autocatalytic set first met jack szostak simon foundation spring world science festival announced life lab three five year conversation follows
synthetic,actor_4,2025-02-12,breaking rule feeling good intriguingly people lie cheat indiscriminately simply get away even no chance found people show level aversion acting unethically want way profit dishonesty also preserve sense moral being
synthetic,actor_4,2025-02-12,quote every entrepreneur need get succeed year old ceo quick disregard billion dollar offer zuckerberg brash action make no sense peter theil argues entrepreneur like zuckerberg make perfect sense
synthetic,actor_4,2025-02-12,ethic attorney say rep john conyers verbally abused staffer melanie sloan said reported behavior told mentally unstable
synthetic,actor_4,2025-02-12,danish lottery mistake player accidentally told million video heart leapt started thinking thing going money take family holiday buy
synthetic,actor_4,2025-02-12,sound saturn space oddity robert saturn sighting favorite bit stargazing since ziggy stardust spider mar touched
synthetic,actor_4,2025-02-12,lisbon protest rally austerity portugal still head second largest union signed labour reform pact said time would significantly
synthetic,actor_4,2025-02-12,oceanographer u german geotraces meet high arctic ninety five percent earth water lie ocean planet dominated saltwater mapping chemistry global ocean requires global effort
synthetic,actor_4,2025-02-12,microsoft going marijuana business weed never looked corporate
synthetic,actor_4,2025-02-12,finding new home old phone using old mobile phone not good environment social benefit research found developing nation old mobile phone help close digital divide forum future research found low cost recycled handset mean useful second life poorer nation forum found needed done collect old phone rather let rot landfill site report reveals approximately million mobile phone go use every year uk million swapped newer model year get returned mobile phone firm recycling use slowly growing mass unrecycled discarded phone reached million handset equivalent tonne waste estimate james goodman report author senior adviser forum future quite common people two three phone lying around said mr goodman many older phone could end landfill site leaking potentially toxic material made wider world said mr goodman far better said hand phone back operator send overseas enjoy second lease life heard environmental argument handing phone back said mr goodman strong social argument older mobile phone proving particularly useful poorer nation people want use mobile keep touch friend family not income buy date model forum future report took depth look romania reconditioned mobile phone proving popular interesting country really crap fixed line network said mr goodman real desire people get mobile phone relatively low wage romania one poorest country europe mean people afford shiny new phone affordability handset real barrier getting one said reconditioned handset boosted take mobile report revealed almost one third romanian pre pay mobile phone user using reconditioned handset used handset tend one third price new handset georgeta minciu romanian part time cleaner said normally mobile phone would not possible wage single parent keeping touch daughter important way afford phone said mr goodman said phone operator consumer needed ensure britain mobile mountain made overseas added keen use mobile not accept old handset year old people not going want said
synthetic,actor_5,2025-02-12,nasa tested powerful rocket booster history booster generated million pound thrust
synthetic,actor_5,2025-02-12,oscar air drop food celebrity ultimate hunger game junior mint anyone
synthetic,actor_5,2025-02-12,poll business leader weigh disruption future tech
synthetic,actor_5,2025-02-12,five way explore tokyo like rev run konichiwa mean good afternoon word saying hello
synthetic,actor_5,2025-02-12,bombshell study show brain even awesome knew human brain memory capacity shown time greater previous research suggested
synthetic,actor_5,2025-02-12,senator warren fierce advocacy student loan reform elizabeth warren vocal proponent college affordability student loan reform since election u senate senator used fierce persistence knowledge finance industry advocate behalf student borrower
synthetic,actor_5,2025-02-12,leave people wearable device hard truth leading healthy lifestyle buying something wearing something consuming something something
synthetic,actor_5,2025-02-12,keeping dad happy wallet safe two top five crime reported connected shopping online advanced payment scam non delivery auction item
synthetic,actor_5,2025-02-12,democrat want extend civil right protection unpaid intern unpaid intern covered discrimination law considered employee
synthetic,actor_5,2025-02-12,sign pok mon go craze last forever nintendo stock pika peaked
synthetic,actor_5,2025-02-12,reg mead richard mile amateur english treasure hunter find million celtic coin bailiwick jersey according guardian largest previous find island occurred discovery coin check
synthetic,actor_5,2025-02-12,wage gap no one talking problem men v woman
synthetic,actor_5,2025-02-12,scientist close making incredible discovery
synthetic,actor_5,2025-02-12,asteroid qe give earth close shave may video fact agency plan send robotic probe one potentially hazardous asteroid nasa recently
synthetic,actor_5,2025-02-12,thanks coronavirus great time refinance debt catch much demand lender reasonably handle
synthetic,actor_5,2025-02-12,google battle state sponsored cyber attack per month internet search leader led way notifying user government spying
synthetic,actor_5,2025-02-12,trump tax accountant one work like everything else trump slapped name end
synthetic,actor_5,2025-02-12,loyalty card idea tv addict viewer could soon rewarded watching tv loyalty card come screen near household hooked sky could soon using smartcards conjunction set top box broadcaster sky itv could offer viewer loyalty point return watching particular channel programme sky activate spare slot set top box january marketing magazine new medium age reported sky set top box two slot one viewer decryption card dormant loyalty card become common addition wallet high street brand rush keep customer series incentive offered store card similar scheme look set enter highly competitive world multi channel tv viewer stay loyal particular tv channel could rewarded free tv content freebie retail partner broadcaster aiming content child could offer smartcards give membership exclusive content club parent could pre pay content kind tv pocket money card said nigel whalley managing director medium consultancy decipher viewer could even rewarded watching ad break idea ad bingo touted firm keen make money new market said mr whalley credit card chipped could used set top box pay movie gambling gaming idea intelligent card box offer lot possibility ingenuity content player said mr whalley bbc revenue generating activity little interest new development may prompt change freeview set top box said mr whalley currently freeview box not slot would allow viewer use smartcard million household sky box sky hoping increase million loyalty card could play role particularly reducing number people cancel sky subscription said ian fogg analyst jupiter research
synthetic,actor_5,2025-02-12,james corden highlight disturbing trend wake texas church shooting say nothing
synthetic,actor_5,2025-02-12,exploring king landing game throne tour dubrovnik spot joffrey hit face excrement ivana tell u relishing reliving moment game throne bad boy king received dessert
synthetic,actor_6,2025-02-12,corporation opposed north carolina anti lgbt law helped elect supporter corporate contribution helped elect state republican legislative majority
synthetic,actor_6,2025-02-12,venture capital investing less dollar venture capital investing tendency boring unless passive investor give massive amount work lot risk diminished return course passive investor merely invest sit back
synthetic,actor_6,2025-02-12,watch top youtube video week looking see popular youtube video week look no bringing
synthetic,actor_6,2025-02-12,neanderthal language speech shared modern human million year ago researcher say many believe modern language began around year ago paper name period million year ago
synthetic,actor_6,2025-02-12,spirit story box latest iphone app ghosthunters also track message time well pinch spirit story box could always used generate slam poetry
synthetic,actor_6,2025-02-12,search war hit desktop pc another front going battle microsoft google opened end microsoft aim launch search software find kind file pc hard drive move answer google release search tool catalogue data desktop pc desktop search market becoming increasingly crowded google aol yahoo many smaller firm tout program help people find file microsoft made announcement forthcoming search software call financial analyst talk first quarter result john connors microsoft chief financial officer said test version desktop search software available download end year going heck great race search google microsoft yahoo said going really fun follow microsoft coming late desktop search arena software compare favourably program large number rival many fiercely dedicated population user program could based software microsoft owns result purchase lookout software early october october google released desktop search software catalogue file pc let user use one tool find e mail message spreadsheet text file presentation software also find webpage message sent via aol instant messenger many firm released desktop search system recently company blinkx copernic enfish x technology x friend job cataloguing huge amount information people increasingly store desktop home computer apple also debuted similar search system computer called spotlight due debut release tiger operating system due follow net giant aol yahoo latter recently bought stata lab get hand search software people use microsoft also reputedly working novel search system next version window codenamed longhorn however not likely appear recent activity search industry show need move beyond simple keyword based web search said kathy rittweger co founder blinkx finding information computer becoming difficult find relevant webpage amongst billion exist desktop search become important several reason according research message analyst radicati group information critical keeping many business running sits e mail message attachment jf sullivan spokesman e mail software firm sendmail said many organisation starting realise important messaging organisation way work key thing able manage information said also search increasingly key way people get around internet many people use search engine first page go getting net many others use desktop toolbars let search information no matter program using tool desktop lucrative way control people go online company google relies revenue advert knowledge people looking worth huge amount money invasiveness already led ask privacy implication tool
synthetic,actor_6,2025-02-12,need job glassdoor present best place work difficult put finger exactly make employee happy career community website glassdoor released
synthetic,actor_6,2025-02-12,powerball lottery sole michigan winner yet come forward winner not come forward thursday evening claim third largest winner share ever u lottery
synthetic,actor_6,2025-02-12,apple debut massive inch ipad pro advanced display ever built
synthetic,actor_6,2025-02-12,new technology could help find next harvey weinstein callisto already empowered survivor college campus people want see expand hollywood tech
synthetic,actor_6,2025-02-12,long drop hell adventure mongol rally land episode traveler undertaking mongol rally super resourceful open new idea road fourth episode
synthetic,actor_6,2025-02-12,blog picked word year term blog chosen top word u dictionary publisher merriam webster said blog headed list looked term site last twelve month blog web log become hugely popular started influence mainstream medium word merriam webster list associated major news event u presidential election natural disaster hit u merriam webster defines blog web site contains online personal journal reflection comment often hyperlink list looked word drawn every year discount term swear word everyone like look always cause problem affect effect merriam webster said blog word people asked defined explained often last month word appear version merriam webster printed dictionary however word already included printed version oxford english dictionary spokesman oxford university press said word put dictionary child learner reflecting mainstream use think word last year rather year said getting word derive blogosphere said added pretty recent thing way happens day got established quickly blog come many different form many act news site particular group subject written particular political slant others simply list interesting site term top related natural disaster struck u hurricane u election word incumbent electoral partisan reflected scale interest vote blog also proved useful side u election battle many pundit maintain journal able air opinion would never appear mainstream medium speculation president bush getting help debate via listening device first aired web log online journal also raised doubt document used u television news organisation cbs story president bush war record immediacy many blog also helped wield influence topic made national press despite fact number people reading even influential blog tiny statistic web influence ranking firm hitwise reveal popular political blog rack net visit per day one reason blog regularly updated online journal become popular software used put together make easy people air view online according blog analysis firm technorati number blog existence blogosphere doubled every five half month last month technorati estimate number blog existence exceeded million speculate less quarter number regularly maintained according u research firm pew internet american life blog created every second another trend year increasing number weblogs detail daily life many ordinary worker job people know much many repressive regime developing nation blog embraced million people keen give plight voice
synthetic,actor_6,2025-02-12,russian spacecraft dock iss delivering spacesuit repair kit supply next space station resupply delivery craft h ii transfer vehicle japan aerospace exploration agency
synthetic,actor_6,2025-02-12,smelling cooky make think grandma house specific scent make recall memory intensely
synthetic,actor_6,2025-02-12,google form new virtual reality division go
synthetic,actor_6,2025-02-12,male birth control working rabbit human next injection birth control pill completely blocking flow sperm trial
synthetic,actor_6,2025-02-12,big bank aided firm center international bribery scandal unaoil relied bank cut deal corrupt regime
synthetic,actor_6,2025-02-12,facebook pledge add local news newsfeeds people know happening around likely get involved help make difference said ceo mark zuckerberg
synthetic,actor_6,2025-02-12,watch hawaii kilauea volcano spew lava pacific ocean impossible predict long last
synthetic,actor_6,2025-02-12,amazon get heat holocaust denial book company yank book country illegal following investigation
synthetic,actor_7,2025-02-12,erica dasher andie macdowell first new york fashion week hard outshine actress andie macdowell newcomer erica dasher hold new abc family show jane
synthetic,actor_7,2025-02-12,u men olympic hockey team includes first black player year history think another kid going play olympics
synthetic,actor_7,2025-02-12,technology not policy drive economic growth president elect donald trump economic growth plan sparked debate economist left right side
synthetic,actor_7,2025-02-12,donald trump tell pro trump super pac cut statement come report tying trump super pac
synthetic,actor_7,2025-02-12,margot robbie hilariously honeymooned ellen barack obama yes read right
synthetic,actor_7,2025-02-12,target hacker stole pin source monday santander unit spain banco santander followed suit lowering daily limit cash withdrawal
synthetic,actor_7,2025-02-12,look new meteor shower thrill stargazer
synthetic,actor_7,2025-02-12,burkina faso night fall africa ouagandougou burkina faso finding way around ouagadougou capital burkina faso easy wide
synthetic,actor_7,2025-02-12,ban hollywood godzilla king kong go battle big screen godzilla v kong slated release
synthetic,actor_7,2025-02-12,rachel weisz might well talking trump denial clip actress play historian defending work bigoted blowhard
synthetic,actor_7,2025-02-12,jane seymour style evolution modestly covered skin tight short photo early career seymour personal style much like modestly covered dr quinn favored long flowy dress
synthetic,actor_7,2025-02-12,watch wild dinosaur impression
synthetic,actor_7,2025-02-12,video phone help deaf people deaf people prefer communicate using british sign language bsl could soon phone conversation relayed using webcam videophones interpreter video relay service piloted royal national institute deaf people rnid organisation say unless service provided rate voice call beyond people pocket rnid urging telecom regulator ofcom reduce cost service current per minute make ordinary phone call service work putting deaf person visual contact bsl interpreter via webcam video phone interpreter relay deaf person conversation using telephone translates person response sign language many deaf people especially born deaf bsl first preferred mean communication alternative use textphones mean type message relayed via operator past used textphones problem said robert currington taking part pilot communicate bsl written english not good take longer think english type message sometimes find difficult understand reply rnid say uk lagging behind country already making relay service available cost ordinary phone call no technical economic reason not providing equivalent access service deaf people said rnid technology director guido gybels u australia sign language relay service already made universally available cost voice call failing provide fund video relay service sign language user telecommunication sector effectively discriminating already disenfranchised group ofcom say plan review service telecom company obliged provide early next year new technology including video relay service discussed interested party near future spokesman said power limited legislation proposal extend existing arrangement cover new service would government consider said mr currington like many uk bsl user hoping way found make cost effective service available relay service make phone conversation pleasure said show emotion easily bsl way hearing people express emotion voice call
synthetic,actor_7,2025-02-12,ken starr resigns baylor chancellor amid football rape scandal starr university president last week stepping matter conscience
synthetic,actor_7,2025-02-12,ferrum professional styler straightens hair give blowout ferrum styler exactly promised straightened hair gave volume looked like professionally
synthetic,actor_7,2025-02-12,kristen bell go deep secret healthy marriage dax shepard actress shared advice benefit
synthetic,actor_7,2025-02-12,florida end road american road really good american car
synthetic,actor_7,2025-02-12,reason not stressing new york fashion week manage new york fashion week way manage rest life lot advance preparation
synthetic,actor_7,2025-02-12,tip stay safe travel emergency far home foreign country emergency leave u dire circumstance even life threatening thankfully learned not survive thrive face misfortune tip stay safe travel emergency
synthetic,actor_7,2025-02-12,getting bird bird filming animal lot complicated filming people take lot preparation one might think one want go well one never prepared enough
synthetic,actor_8,2025-02-12,indonesian face fuel price rise indonesia government confirmed considering raising fuel price much million indonesian use kerosene basic cooking price heavily subsidised year president susilo bambang yudhoyono government said want curb fuel subsidy direct money aid programme poor critic argue cutting subsidy hurt poorer family government say want help million people left homeless indonesia aceh region following earthquake tsunami disaster late december indonesia pay subsidy importer order stabilise domestic fuel price higher oil price forced government spend holding price spent trillion rupiah bn bn fuel subsidy sum far excess original projection trillion rupiah since president yudhoyono government came power october indicated intention raising domestic fuel price cutting subsidy january march quarter year best time u increase fuel price said sri mulyani indrawati state minister national development planning still considering hike suitable moment sooner better state budget bbc correspondent jakarta rachel harvey told world business report likely strong public reaction price rise big question whether go one big short sharp shock raise price whether try stagger said indonesia previous government led president megawati sukarnoputri also attempted cut subsidy forced back face public protest
synthetic,actor_8,2025-02-12,trump blame democrat blocking nominee even picked yet trump need job naming ambassador nominee democratic senate aide responds
synthetic,actor_8,2025-02-12,college mouth daughter graduate college fortunate enough receive job offer great company thrilled simultaneously terrified give short week eradicate calling around house bad case college mouth
synthetic,actor_8,2025-02-12,emma stone meryl streep star bring activist golden globe moment time call u use power collective voice find solution leave no woman behind
synthetic,actor_8,2025-02-12,google open retail store major u city end report according google extremely reliable source confirmed google building stand alone retail store
synthetic,actor_8,2025-02-12,cathedral move sculpture texters keep bumping kiss caused quite headache
synthetic,actor_8,2025-02-12,become key person influence
synthetic,actor_8,2025-02-12,mueller reportedly making list stuff trump done office special counsel also told president lawyer trump not criminal target point
synthetic,actor_8,2025-02-12,no big deal guy skiing chairlift cable gulp
synthetic,actor_8,2025-02-12,sen jeff flake white house chaos hurt standing world gop lawmaker vocal trump critic accused not personally enough keep president check
synthetic,actor_8,2025-02-12,trevor noah defends obama conservative criticism police brutality daily show host point talking problem thing causing
synthetic,actor_8,2025-02-12,boaty mcboatface preparing first antarctic mission thought joke
synthetic,actor_8,2025-02-12,herb italian food lover home many smell divine make traditional italian dish almost intoxicating italian use
synthetic,actor_8,2025-02-12,mexico interjet launch new york city flight photo interjet new york moment made difference ceo jose luis garza decided attack obscurity head flying
synthetic,actor_8,2025-02-12,yahoo move desktop search internet giant yahoo launched software allow people search e mail file pc firm following footstep microsoft google ask jeeves offered similar service search become lucrative hotly contested area expansion net firm looking extend loyalty beyond web hard drive providing bigger storage user could need help locate important file photo desktop search technology licensed u based firm x technology designed work alongside microsoft outlook outlook express e mail program searching e mail effectively becoming increasingly important especially amount spam increase according research message analyst radicati group business critical information stored e mail attachment yahoo software also work separately desktop searching music photo file user search variety criterion including file name size date time yet incorporate web searching although yahoo promised future version allow user search web based desktop data getting file desktop real commercial opportunity lie linking web content said julian smith analyst research firm jupiter extending idea search getting closer relationship consumer organising not search internet file computer well said search engine often first port call user go onto web new foray desktop search rung alarm bell human right group concerned implication privacy not everyone impressed functionality service alexander linden vice president emerging technology analyst firm gartner downloaded google product since removed not interesting said belief rush enter desktop business way keeping rival desktop search one many feature people would like suspicious usefulness said useful would tool combine internet intranet desktop search alongside improvement key word searching said
synthetic,actor_8,2025-02-12,black market baby trade flourish india adoption law reform recent uncovering major baby trafficking racket eastern india brought issue indian adoption
synthetic,actor_8,2025-02-12,technique research locate film investor
synthetic,actor_8,2025-02-12,seattle woman say identity stolen time since equifax data breach want share story make people aware happen anybody
synthetic,actor_8,2025-02-12,white house care much brown folk week going ok could better probably worse
synthetic,actor_8,2025-02-12,ncaa pull event north carolina unless hb repealed sport group warns anti lgbtq law could continue cost state ncaa championship event north carolina sport association said monday
synthetic,actor_1,2025-02-19,ebbers denies worldcom fraud former worldcom chief bernie ebbers denied claim knew accountant doctoring book firm speaking court mr ebbers rejected allegation pressured ex chief financial officer scott sullivan falsify company financial statement mr sullivan made accounting decision told federal court saying finance chief keen command number mr ebbers denied charge fraud conspiracy second day questioning new york trial mr ebbers played working relationship mr sullivan denied frequently met discus company business questioned prosecution lot week would speak three four time mr ebbers said adding conversation finance rarely one one usually discussed group people instead mr ebbers relationship mr sullivan key case surrounding financial corruption led collapse firm following discovery bn accounting fraud prosecution star witness mr sullivan one six worldcom executive indicted case pleaded guilty fraud appeared prosecution witness part agreement prosecutor time witness stand mr sullivan repeatedly told juror met frequently mr ebbers told change made worldcom account hide cost warned practises improper however case tuesday mr ebbers denied allegation advised scott sullivan anything ever wrong told court never told made entry right today mr ebbers could face jail sentence year convicted charge facing shareholder lost bn worldcom collapse worker lost job company went bankrupt company emerged bankruptcy last year known mci
synthetic,actor_1,2025-02-19,doritos flavored mountain dew real pepsico confirms
synthetic,actor_1,2025-02-19,walgreens boycott could wakeup call washington walgreens becoming foreign company slap face american number reason sorkin noted received billion medicare medicaid last year percent corporate revenue
synthetic,actor_1,2025-02-19,bigger bend building regional startup cluster part lifestyle entrepreneur building business make profit support awesome lifestyle bend
synthetic,actor_1,2025-02-19,black friday deal walmart target best buy price increased last year bad news black friday shopper pay year uptick sale price line overall increase
synthetic,actor_1,2025-02-19,darnell schoolfield mobile clerk arrested allegedly stabbing customer angry billing issue video argument billing issue escalated stabbing week clerk mobile store allegedly attacked
synthetic,actor_1,2025-02-19,marsh executive guilty plea executive u insurance firm marsh mclennan pleaded guilty criminal charge connection ongoing fraud bid rigging probe new york attorney general elliot spitzer said senior vice president robert stearns pleaded guilty scheming defraud offence carry sentence month four year state prison mr spitzer office added mr stearns also agreed testify future case industry inquiry saddened development marsh said statement company added would continue co operate case adding committed resolving company legal issue serving client highest standard transparency ethic according statement mr spitzer office marsh executive admitted instructed insurance company submit non competitive bid insurance business bid conveyed marsh client false fraudulent pretence practice marsh allowed determine insurer business client control insurance market mr spitzer office added also protected incumbent insurer business renewal helped marsh maximise fee statement said one case email showed mr stearns instructed colleague solicit non competitive b quote aig higher premium restrictive coverage fixed bid way would support present provider chubb company also still examined u stock market regulator security exchange commission sec late last month sec asked information transaction involving holder firm share
synthetic,actor_1,2025-02-19,cancer screening budget cut may prove deadly woman course recession year followed federal funding social safety net program
synthetic,actor_1,2025-02-19,first baby way student loan making tough anyway get soapbox ive also learned recently law suit agaist specifically sallie
synthetic,actor_1,2025-02-19,heidi peterson detroit homeowner find squatter house peterson said bought severely undervalued house detroit boston edison historic district
synthetic,actor_1,2025-02-19,u job growth slowed third month row u economy added job last month
synthetic,actor_1,2025-02-19,educated country world
synthetic,actor_1,2025-02-19,anti consumer law repealed rule regulation work intended last week took hard look new law needed passed
synthetic,actor_1,2025-02-19,car theft city car likely stolen car thief slacking number auto theft u fell eighth consecutive year last year according
synthetic,actor_1,2025-02-19,social selling simple follow one golden rule february mark zuckerberg sent world facebook status update marking company th anniversary billion active social medium user worldwide active mobile user
synthetic,actor_1,2025-02-19,debt collector using prosecutor letterhead recover debt letter sent thousand people across country written bad check threatening jail
synthetic,actor_1,2025-02-19,lululemon pressure founder
synthetic,actor_1,2025-02-19,report arkansas law imprisons fail pay rent state law arkansas renter imprisoned failing pay rent according report human right
synthetic,actor_1,2025-02-19,latin america see strong growth latin america economy grew best performance since export registered best performance two decade united nation economic commission latin america caribbean said region grew year inter american development bank iadb said regional export reached bn bn bn euro doubt strength u recovery overheating chinese economy however pose risk organisation also warned high oil price raise risk either inflation recession nevertheless economic commission latin america caribbean eclac still forecast growth strong recovery country venezuela uruguay boosted overall performance region eclac also said six largest latin american economy argentina brazil chile colombia mexico venezuela grew second time year chinese u economic strength helped boost export strong demand agricultural mining product fact latin american export china grew bn higher oil price also helped boost export mexico venezuela important oil exporter regional bloc well free trade agreement u contributed region strong performance iadb said
synthetic,actor_1,2025-02-19,tobacco giant hail court ruling u tobacco company welcomed appeal court decision reject government bn bn claim alleged deceit smoking danger tobacco stock rose sharply wall street decision court washington found case filed clinton administration could not brought federal anti racketeering law anti smoking group urge government fight justice department not said appeal among accused altria group rj reynolds tobacco lorillard tobacco liggett group brown williamson delighted decision sent reynolds share altria share charles blixt executive vice president rj reynolds tobacco said ruling dramatically transforms government lawsuit altria group said statement government must not prove company engaged fraudulent behaviour past likely future government claimed tobacco firm manipulated nicotine level increase addiction targeted teenager multi billion dollar advertising campaign lied danger smoking ignored research contrary prosecutor wanted cigarette firm disgorge bn profit accumulated past year impose tougher rule marketing product brought case racketeering law passed deny mafia gang profit crime tobacco company denied illegally conspired promote smoking defraud public also said already met many government demand landmark bn settlement reached state three judge panel district columbia court appeal ruled friday u government could not sue firm anti racketeering law judge david sentelle ruling said law aimed putting end illegal conduct going forward hold language law comprehensive remedial scheme law preclude disgorgement possible remedy case wrote justice department refused say would appeal saying today received ruling reviewing spokeswoman said friday william corr campaign tobacco free kid urged government continue pressing case today ruling not excuse administration seek weak settlement let tobacco industry hook said
synthetic,actor_2,2025-02-19,regifting acceptable practice percent american survey knowing network friend vital successful regifter according creditdonkey last thing
synthetic,actor_2,2025-02-19,news corp eye video game market news corp medium company controlled australian billionaire rupert murdoch eyeing move video game market according financial time chief operating officer peter chernin said news corp kicking tyre pretty much video game company santa monica based activison said one firm takeover list video game big business paper quoted mr chernin saying would like get success product sony playstation microsoft x box nintendo game cube boosted demand video game day arcade classic space invader pac man donkey kong long gone today game often budget big enough feature film look give gamers real experience possible price tag reflecting heavy investment development company video game proving almost profitable fun mr chernin however told ft news corp finding difficult identify suitable target struggling gap company like electronic art ea come high price tag next tier company explained conference phoenix arizona may focused one two product line activision stock market capitalisation bn bn compared ea bn game industry main player recently looking consolidate position making acquisition france ubisoft one europe biggest video game publisher trying remain independent since electronic art announced plan buy firm analyst said industry merger likely future
synthetic,actor_2,2025-02-19,could brexit catastrophe never happens reason think
synthetic,actor_2,2025-02-19,tax go government spends healthcare every american pay federal income tax
synthetic,actor_2,2025-02-19,well fargo face proposed class action lawsuit bogus account scandal employee fired revealed bank opened million account without customer knowledge
synthetic,actor_2,2025-02-19,scandinavian architect design snail like ecohome photo trying one nature living snail like home might not bad way start home aesthetic design
synthetic,actor_2,2025-02-19,weak nonprofit board practice peter rinn breakthrough solution group published list weak nonprofit board practice following item listed estimation done based experience nonprofit board director board chair consultant
synthetic,actor_2,2025-02-19,paul ryan opposes bipartisan agreement obamacare payment speaker not see anything change view senate keep focus repeal replace obamacare
synthetic,actor_2,2025-02-19,u judge strike new hampshire ban ballot photo concord n h aug reuters federal judge tuesday struck new hampshire law barring voter sharing
synthetic,actor_2,2025-02-19,brexit carnage sterling stock free fall uk vote exit european union british pound collapsed no less u cent easily biggest fall living memory
synthetic,actor_2,2025-02-19,house price suffer festive fall uk house price fell december according figure office deputy prime minister nationally house price rose annual rate december less rise previous month average uk house price fell november reflecting recent land registry figure confirming slowdown late major uk region apart northern ireland experienced fall annual growth december december traditionally quiet month housing market christmas celebration however recent figure land registry showing big drop sale last quarter previous year suggested slowdown could seasonal blip volume sale october december dropped nearly quarter period land registry said although office deputy prime minister odpm land registry figure point slowdown market recent survey nationwide halifax indicated market may undergoing revival registering fall back end halifax said house price rose january nationwide reported rise first month year
synthetic,actor_2,2025-02-19,three woman sue uber discrimination based gender race lawsuit say uber compensation practice discriminate woman people color
synthetic,actor_2,2025-02-19,right vote constitutional amendment secures unanimous backing dnc executive committee committing fundamental nature right vote political leader instead focus election trying earn vote eligible voter rather trying game voter eligibility access
synthetic,actor_2,2025-02-19,scam alert hyperactive hurricane season worst may not harvey irma maria hyperactive hurricane season mere mention storm evokes fear dread regret
synthetic,actor_2,2025-02-19,state income inequality soared wall st state income inequality soared according wall st wall st gdp growth
synthetic,actor_2,2025-02-19,financial resolution doomed fail save many u fail keep monetary goal even know determining save earn raise stop racking debt credit card action enormously benefit financial life
synthetic,actor_2,2025-02-19,bill maher point frighteningly similar donald trump sound hitler scary
synthetic,actor_2,2025-02-19,rabbi david rosen blame muslim paris terror attack
synthetic,actor_2,2025-02-19,exec took red cross hurt ability help people gail mcgovern picked head american red cross organization reeling predecessor
synthetic,actor_2,2025-02-19,creating new normal white men diversity table white men could important group ensuring diversity inclusion truly work ensuring engaged interested invested player diversity inclusion conversation america forge new normal
synthetic,actor_3,2025-02-19,four critical marketing strategy stand today noisy world
synthetic,actor_3,2025-02-19,earn reward point mile paying tax amount paid tax fee push spending threshold higher reward bracket extra
synthetic,actor_3,2025-02-19,apparently place hell woman help actually pretty screwed new study find
synthetic,actor_3,2025-02-19,choice car insurance company say new analysis insure com reveals consumer often find like minded folk auto insurance company
synthetic,actor_3,2025-02-19,hobby lobby still cover vasectomy viagra
synthetic,actor_3,2025-02-19,burger king deal tim hortons may disastrous rainforest
synthetic,actor_3,2025-02-19,story behind craziest corporate collapse last decade madness
synthetic,actor_3,2025-02-19,higher interest rate oh goodie loose money financial deregulation not good combination
synthetic,actor_3,2025-02-19,gop platform committee buck st century reaffirms anti lgbt stance talk beating dead horse
synthetic,actor_3,2025-02-19,italy get economic action plan italian prime minister silvio berlusconi unveil plan aimed kickstarting country sputtering economy thursday night rome present action plan development italy meeting industrialist trade union leader mr berlusconi expected table reform aimed boosting research development r spending competitiveness small firm also focus bankruptcy law slow pace legal system prime minister scheduled start meeting gmt government accused underfunding r making harder italy compete european nation leading brain drain country brightest talent analyst say hiring firing staff still difficult expensive hampering development small medium sized business result say italy corporate landscape filled numerous smaller company often reluctant become bigger extra hassle would accompany running larger firm time bankruptcy law make difficult failed company director set new business emerge debt situation hampering italy entrepreneurial spirit government say set tackling problem adding getting growth going responsibility italy million population according il sole ore italy business newspaper government focus opening market infrastructure research making incentive available bankruptcy law slow pace justice system mr berlusconi previously promised cut tax bn euro bn bn year effort get people company spend also promised cap spending transport education health trim ballooning budget deficit italy plan raise much bn euro privatisation including partial flotation post office utility enel critic argue move not go far enough could make italy problem worse limiting government spending lead job loss counter income tax cut negligible effect sentiment ultimately favour wealthy country one eurozone worst economic performer recent year growth improvement still long way ideal time business consumer confidence dipped analyst raised concern little spending stem italian dipping saving account using credit card without pick national growth say money could eventually run bringing italy economy juddering halt consumer spending account two third italy economy
synthetic,actor_3,2025-02-19,death toll typhoon rai top philippine least people still missing official say
synthetic,actor_3,2025-02-19,robot coming wall street daniel nadler woke nov enough time pour glass orange juice open laptop
synthetic,actor_3,2025-02-19,big care no one want repeat another bailout politically speaking hard imagine one getting passed within next fifty year financial leader allow huge bet placed unnatural synthetic security simply learned lesson past crisis
synthetic,actor_3,2025-02-19,bank pay rose despite cutback effort bank baulk suggestion paying staff saying thing complex figure suggest
synthetic,actor_3,2025-02-19,martin shkreli twitter account appears hacked another bad day reviled pharma executive
synthetic,actor_3,2025-02-19,best cash back credit card sneak preview
synthetic,actor_3,2025-02-19,japan economy slide recession japanese economy officially gone back recession fourth time decade gross domestic product fell last three month fall reflects weak export slowdown consumer spending follows similar fall gdp two previous quarter tokyo stock market fell figure announced rose widespread perception economy recover later year wednesday government revised growth figure earlier taking account performance recent period effectively tip japan recession previous estimate growth july september downgraded decline recession commonly defined two consecutive quarter negative growth although japanese government take factor account judging status economy figure released government cabinet office showed gdp annualised basis fell last three month however politician remain upbeat prospect economic boost later year economy soft patch look bigger picture recovery stage said economic fiscal policy minister heizo takenaka gross domestic product measure overall value good service produced country economy must assessed comprehensively not look gdp alone mr takenaka stressed minister pointed fact consumer spending depressed one factor unseasonably mild winter analyst said figure disappointing argued japan largest company recording healthy profit capital spending rise japan economy grew overall last year fuelled strong performance first month forecast see growth however economy fragile recovery remains dependent upturn consumer spending fall value yen improvement global economy result came lower end expectation pessimistic current state outlook economy said naoki iizuka senior economist dai ichi life research institute japan economy seen stretch moderate growth past decade periodically slipped back recession
synthetic,actor_3,2025-02-19,thousand protester march hourly wage across u protest also held overseas including mcdonald disneyland paris outside headquarters south korea division fast food giant
synthetic,actor_3,2025-02-19,building better balance sheet news already filled advice build better finance warning american balance sheet tilted far toward debt not enough toward saving yet following advice heeding warning easier said done without policy help family individual save build asset
synthetic,actor_3,2025-02-19,new job lawyer coder everybody else latest news employment opportunity offer comeuppance enjoyed bit schadenfreude
synthetic,actor_4,2025-02-19,year ago people tried drive undocumented immigrant town advising trump could push harsh new immigration restriction national scale
synthetic,actor_4,2025-02-19,new jersey end government shutdown closed beach lawmaker said new budget win everyone
synthetic,actor_4,2025-02-19,eta aquarid meteor shower peak today may find dark spot city light street light ruin stargazing attempt outshine object like meteor
synthetic,actor_4,2025-02-19,world biggest unretouched selfie
synthetic,actor_4,2025-02-19,key senate republican say obamacare beneficiary dole tough love people need insurance big tax break millionaire
synthetic,actor_4,2025-02-19,digital diplomat digital diplomacy topic conjures image embassy conversing foreign government broadcasting information well propaganda impact policy goal government super influencer international impact social medium given everyone voice
synthetic,actor_4,2025-02-19,argonaut founder rebuilds empire jez san man behind argonaut game group went administration week ago bought back company veteran game developer taken cambridge based add monster studio london subsidiary morpheme argonaut group went administration due severe cash crisis firing half staff august warned annual loss year july jez san one key figure uk game industry developer received obe estimated worth peak dotcom boom founded argonaut behind title starfox game recently behind harry potter game playstation like software developer argonaut needed constant flow deal publisher august warned annual loss blaming delay signing new contract tough condition software industry group three subsidiary placed administration week ago mr sans resigning company ceo staff fired latest round cut worker argonaut headquarters edgware north london morpheme office kentish town london add monster base cambridge mr san emerged buying back morpheme add monster pleased announce sale two business going concern said david rubin administrator david rubin partner saved job well substantial employment claim would arisen sale not achieved mr rubin said administrator talk sale argonaut software division edgware hopeful finding buyer difficult time employee salute commitment business work towards solution said former employee angry way cash crisis handled one told bbc news online staff fired financially ruined space day
synthetic,actor_4,2025-02-19,outdoor workspace next workplace frontier could take vacation anywhere world would go kirt martin vp design marketing landscape form start every conversation not surprisingly nearly everyone answer somewhere outdoors
synthetic,actor_4,2025-02-19,barbarian new zealand new zealand proved strong australian dominated barbarian round unbeaten northern hemisphere tour easy win rico gear ran two black seven try predominantly second string line baa baa threaten scoring try albert van den bergh xavier rush andrea lo cicero never looked like winning black aaron mauger good form boot adding point black featured two side started last weekend emphatic test victory france paris baa baa nine wallaby starting line new zealand coach graham henry said quality performance experienced side number young guy came well learnt older player way thanking guy mentoring tour running rugby crowd hoping rarely materialised marty holah got black onslaught way fifth minute try rush hit back moment later new zealand went ahead gear made use space vacated temporarily injured chris latham slide nonu found way barbarian defence give side half time lead host failed ignite second half moment gear scored second interval ever going one winner lo cicero sole european barbarian bundled try briefly curtail deficit match blighted controversy moment later justin marshall felled high tackle jimmy cowan referee andy turner waved play casey laulala coasted side fifth try jermoe keino piri weepu added try black tally final whistle van den bergh gained consolation baa baa match barbarian coach bob dwyer warned south african flanker schalk burger needed proper season break maintain standard burger recently crowned player year peer international rugby board struggled form recent week first year level phenomenal end southern hemisphere season think played anywhere near level tour said
synthetic,actor_4,2025-02-19,chrissy teigen no pant look reminds u miley cyrus outfit photo want sure check huffpost style twitter facebook tumblr pinterest instagram huffpoststyle
synthetic,actor_4,2025-02-19,valley girl alien hunk cool costume earth girl easy set design costume earth girl visual feast u embrace color colossal amount personal wardrobe interior decor
synthetic,actor_4,2025-02-19,bush dropped voter might go not exactly call solid voting bloc
synthetic,actor_4,2025-02-19,jimmy john worker fired illegally five year later might get job back long wait show weak labor law
synthetic,actor_4,2025-02-19,tv anchor pay much buzz much television news anchor earn day matt lauer recently made wave reportedly
synthetic,actor_4,2025-02-19,well super depressing
synthetic,actor_4,2025-02-19,trump seek historic increase defense spending cut elsewhere budget public safety national security budget
synthetic,actor_4,2025-02-19,world best antique fair texas twice year spring autumn people flock round top texas antique week shopping extravaganza rival world best teaser best treasure hunting experience world
synthetic,actor_4,2025-02-19,mail thanksgiving friday day thanksgiving ups instance considers thanksgiving day day thanksgiving holiday mean
synthetic,actor_4,2025-02-19,nasa give fixing kepler planet hunting telescope cape canaveral fla nasa called attempt fix crippled kepler space telescope thursday not quite
synthetic,actor_4,2025-02-19,four year since lehman brother big fail bank even bigger fight reform yet liquidation would probably require massive cash infusion least initially order hold bank together
synthetic,actor_5,2025-02-19,god israel deported african refugee government work sweep asylum seeker street decant back interior african continent vast majority jewish religious institution lay leader israel not made attempt aid african
synthetic,actor_5,2025-02-19,thursday morning email new house health repeal bill stand take long
synthetic,actor_5,2025-02-19,course apple actually let delete default apps much anticipated io feature
synthetic,actor_5,2025-02-19,obama say dallas police shooting despicable highlight need gun control think speak every single american say horrified
synthetic,actor_5,2025-02-19,silk road dark web dream dead not long ago silk road not bustling black market drug living representation every cryptoanarchist
synthetic,actor_5,2025-02-19,ambitious test tap real life flying saucer
synthetic,actor_5,2025-02-19,thing know industry death walmart casket come free shipping fact might not know business funeral
synthetic,actor_5,2025-02-19,u protects giant piece atlantic ocean save century old coral new rule virginia sized ocean region ban damaging commercial fishing practice
synthetic,actor_5,2025-02-19,six reason file v filing extension according irs percent taxpayer wait last week prepare tax among procrastinated year six reason file tax april th tax deadline
synthetic,actor_5,2025-02-19,jeff session power shape asylum policy could gearing use deny relief domestic violence victim attorney general criticized asylum system taking step could make getting relief tougher
synthetic,actor_5,2025-02-19,rand paul hillary clinton crusader woman right husband thing champion woman right time got always lurking type behavior
synthetic,actor_5,2025-02-19,mayan calendar doomsday scenario debunked nasa scientist video video posted online wednesday mar yeoman head near earth object program office nasa
synthetic,actor_5,2025-02-19,lesson big business gladly taken home major corporation get bad rap medium online not hard understand many thing
synthetic,actor_5,2025-02-19,report iran supreme leader sent obama secret letter
synthetic,actor_5,2025-02-19,putin call talk eastern ukraine statehood
synthetic,actor_5,2025-02-19,selection sunday live blog ncaa tournament team bracket revealed scroll update team announced ncaa tournament selection show tv cbs time p et person
synthetic,actor_5,2025-02-19,gop mess mess republican got leaf facing likely landslide defeat regardless nominate president television press party leader focus whether donald trump ted cruz sir galahad named later emerges candidate greater related question lurking
synthetic,actor_5,2025-02-19,yahoo cut job earlier day said would shut digital magazine
synthetic,actor_5,2025-02-19,world tour top video gamers two uk gamers embark world tour part lucrative ever global game tournament aaron foster david treacy right take part tournament offering total prize money cash handed separate competition continent hopping contest organised cyberathlete professional league part prize pair travel cost paid ensure get different bout cpl world tour kick mid february first leg istanbul ten bout tournament played throughout one different country stop prize money grab tournament champion leg cpl world tour walk away prize winner grand final get prize purse total pot winner stage tour automatically get place next stop world tour stop open keen gamer register online registration first stop open weekend pro player winning spot tour destination qualifying event organised cpl partner winner qualifier get seeded higher elimination part tournament mr foster mr treacy get chance attend world tour member uk four king gaming clan towards end four king staged series online painkiller competition reveal uk top player pc game best eight player met face face special elimination event late december mr foster mr tracey proved prowess painkiller part prize pair also get contract four king intel one uk pro gaming team lot people take gaming seriously support local national team passion sport said simon bysshe filmed event four king intel people downloaded movie tournament highlight professional gaming stay grow popularity said
synthetic,actor_5,2025-02-19,thing might not known serena williams public figure two decade lesser known fact tennis star
synthetic,actor_6,2025-02-19,take virtual reality tour around white house christmas way festive home
synthetic,actor_6,2025-02-19,tim cook accusation apple total political crap apple pay every tax dollar owe cook said
synthetic,actor_6,2025-02-19,larry ellison conservation leader larry ellison know make energy run football field server storing business data globally extra energy left sold back grid maximizing investment
synthetic,actor_6,2025-02-19,email microsoft secret weapon many world largest company rely microsoft exchange server
synthetic,actor_6,2025-02-19,marco rubio call donald trump con artist someone finally attacking republican presidential frontrunner
synthetic,actor_6,2025-02-19,stephen hawking take ice bucket challenge term
synthetic,actor_6,2025-02-19,spotify declares war apple streaming service claim apple using app store weapon harm competitor
synthetic,actor_6,2025-02-19,turn boa constrictor might not actually suffocate prey prey dy loss circulation new research suggests
synthetic,actor_6,2025-02-19,eclipse astronaut may see moon shadow iss eclipse called path annularity begin china gulf tongking north northwest hainan island
synthetic,actor_6,2025-02-19,toyota make major investment artificial intelligence japanese automaker pouring billion new research could bring self driving car technology everyday life
synthetic,actor_6,2025-02-19,apple see value stand protect security apple accedes american law enforcement demand opening iphone san bernardino case beijing asks
synthetic,actor_6,2025-02-19,male bicep size predicts opinion welfare program study suggests still important note study also found poorer men buff arm likely support wealth redistribution
synthetic,actor_6,2025-02-19,teach kid functional programming feed lifetime time started learning code hobby well twenty believe computer science education started much earlier
synthetic,actor_6,2025-02-19,native american ancestor got stuck land bridge way america new research suggests exactly native american first entered north america hotly debated one theory people crossed bering
synthetic,actor_6,2025-02-19,pinterest sued former business partner early investor pinterest arrived special milestone successful start day get sued someone say
synthetic,actor_6,2025-02-19,first look adorable baby rhino born toronto zoo cuteness alert
synthetic,actor_6,2025-02-19,year old visit google flabbergasted future olive horrell got visit tech company mountain view campus thanks wish lifetime
synthetic,actor_6,2025-02-19,iphone owner use apple map google map app transformed substantially three year
synthetic,actor_6,2025-02-19,keira knightley pregnant
synthetic,actor_6,2025-02-19,facebook app store challenger appears app store contest marathon sprint today race latest lap around software store track advice digital consumer play field bet single runner enjoy spectacle always download wisely
synthetic,actor_7,2025-02-19,donald trump may already peaked gop presidential race real estate mogul appears sliding polling average
synthetic,actor_7,2025-02-19,dazzling long exposure photo prove slow travel always worth
synthetic,actor_7,2025-02-19,interview paul w anderson pompeii director film scientific historical accuracy filmmaker best accurately portray producer director paul w anderson call probably spectacular disaster ancient world talked anderson way incorporated history science order make movie accurate possible
synthetic,actor_7,2025-02-19,fort ticonderoga still presides new york lake photo fort ticonderoga panoramic view lake champlain lake george happy byproduct century murderous scheming
synthetic,actor_7,2025-02-19,woman business q grete eliassen director marketing wickr competing olympic winter game grete turned another passion security space joining wickr team head marketing effort company
synthetic,actor_7,2025-02-19,chasing ice new documentary melt climate change skeptic heart one beautiful important film ever made take discussion inconvenient truth left new footage not something scraped archive
synthetic,actor_7,2025-02-19,no time lose bernie sander running ahead schedule huffpost spends day trail always hurry democratic underdog making serious noise new hampshire
synthetic,actor_7,2025-02-19,st louis fan send pile ram owner wake la relocation st louis pissed
synthetic,actor_7,2025-02-19,biggest health risk nascar driver aside car crash speak nascar car crash not fact big health risk nascar driver due increased safety measure since fatal crash killed dale earnhardt not driver fatality nascar race since crash one least hazardous aspect sport
synthetic,actor_7,2025-02-19,jennifer garner pet chicken named regina george walk leash take girl texas no secret jennifer garner born raised southern gal fan
synthetic,actor_7,2025-02-19,america romantic winter destination photo blame cold weather holiday cheer something winter give u itch escape special someone
synthetic,actor_7,2025-02-19,faux fur collar fit onto jacket making winter dream come true neck thank
synthetic,actor_7,2025-02-19,donald trump tax plan could balloon debt percent make favorable growth projection result still insane
synthetic,actor_7,2025-02-19,apple say care diversity fact say otherwise tech giant vote proposal take diversity seriously top
synthetic,actor_7,2025-02-19,emma stone channel pee wee herman saint laurent suit feeling tell u think minute since tuned pee wee playhouse soon
synthetic,actor_7,2025-02-19,darren wilson fundraiser end little explanation
synthetic,actor_7,2025-02-19,isola tiberina adorably tiny old roman island covered marble roman back day make look like ship still see prow
synthetic,actor_7,2025-02-19,awe inspiring cave natural world pretty spectacular see surface even half
synthetic,actor_7,2025-02-19,ronaldo racing stripe everyone talking
synthetic,actor_7,2025-02-19,deji karim return touchdown yard kickoff return key colt win texan video one hundred one yard later colt back front surrender lead en route
synthetic,actor_8,2025-02-19,fish recognize human face scientist find underestimate pet fish
synthetic,actor_8,2025-02-19,price killing worker must prison every day member union united steelworker usw one non union co worker killed job every day
synthetic,actor_8,2025-02-19,amazon worried snow strike people logistics want staff walk want staff walk less walking less mean
synthetic,actor_8,2025-02-19,charity conservative compassion gap whatever little remained compassionate conservatism championed george w bush long since evaporated heat republican extremism today three quarter american conservative think poor easy
synthetic,actor_8,2025-02-19,voter pining third party candidate complicated set unpopular candidate making unknown look like appealing alternative
synthetic,actor_8,2025-02-19,love letter miami people say miami mean city miami mean miami beach bal harbour coral gable place everyplace within county boundary loved every inch love even become
synthetic,actor_8,2025-02-19,beautiful landscape reflection inverted wine glass wine connoisseur sucker fine sunset luck today moscow based russian photographer
synthetic,actor_8,2025-02-19,omarosa dish mike penny think jesus tell say thing would begging day trump back penny became president
synthetic,actor_8,2025-02-19,ditch talking point make listening point meeting bunch peer gathered planning training lunch senior leader organization asked come spend time gang great opportunity leadership group senior leader exposure
synthetic,actor_8,2025-02-19,business big bank okay admitted bank big money center bank specifically bank america not sole institution
synthetic,actor_8,2025-02-19,u industrial output growth eas u industrial production continued rise november albeit slower pace previous month u federal reserve said output factory mine utility rose line forecast revised increase october analyst added carmaking sector saw production fall excluded data would impressive latest increase mean industrial output grown past year many analyst upbeat prospect u economy increase production coming heel news recovery retail sale consistent economy growing congruent job growth consumer optimism comerica chief economist david littman said figure u economy grew respectable annual rate three month july september job growth averaged period employment figure not spectacular expert believe enough whittle away america jobless rate breakdown latest production figure show mining output drove increase surging factory output rose utility output dropped meanwhile amount factory capacity use month rose highest level since may many investor think product market inflation problem utilisation rate higher cary leahy senior u economist deutsche bank security said still lot inflation fighting slack manufacturing sector overall say manufacturing least away auto continues improve would bet improves faster rate coming month given lean inventory citigroup senior economist steven wieting added
synthetic,actor_8,2025-02-19,trade adviser peter navarro astoundingly claim inauguration day postponed oh ok said jeanine pirro navarro lied fox news
synthetic,actor_8,2025-02-19,holiday shopping season begin thanksgiving nov reuters early u shopper headed store thanksgiving day search discounted holiday gift
synthetic,actor_8,2025-02-19,exclusive accenture first big consulting firm publish race gender stats first time accenture monday released detailed breakdown gender ethnicity u workforce
synthetic,actor_8,2025-02-19,saudi crown prince unprecedented power grab could come haunt saudi crown prince mohammed bin salman first round could prove unprecedented power grab
synthetic,actor_8,2025-02-19,new year old bank new year resolution want understand bank scientific curiosity bank work way think truly understand bank dissect one
synthetic,actor_8,2025-02-19,hiring guru meir ezra good people
synthetic,actor_8,2025-02-19,tech investor want create six california turn silicon valley state passive aggressive swipe less economically productive region california cloaked measure purport
synthetic,actor_8,2025-02-19,fannie mae approval mortgage principal reduction get silent treatment edward demarco acting director fhfa indicated additional analysis would performed determine long term benefit principal reduction
synthetic,actor_8,2025-02-19,ipad mini event new retina macbooks mac mini week apple rumor hello lady gentleman welcome week apple rumor regular look back week unconfirmed
